[27May2025 18:40:09.987] [main/INFO] [cpw.mods.modlauncher.Launcher/MODLAUNCHER]: ModLauncher running: args [--launchTarget, forgeserver, --fml.forgeVersion, 47.3.7, --fml.mcVersion, 1.20.1, --fml.forgeGroup, net.minecraftforge, --fml.mcpVersion, 20230612.114412, nogui]
[27May2025 18:40:09.993] [main/INFO] [cpw.mods.modlauncher.Launcher/MODLAUNCHER]: ModLauncher 10.0.9+10.0.9+main.dcd20f30 starting: java version 17.0.15 by Ubuntu; OS Linux arch amd64 version 6.8.0-1027-azure
[27May2025 18:40:10.014] [main/DEBUG] [cpw.mods.modlauncher.LaunchServiceHandler/MODLAUNCHER]: Found launch services [fmlclientdev,forgeclient,minecraft,forgegametestserverdev,fmlserveruserdev,fmlclient,fmldatauserdev,forgeserverdev,forgeserveruserdev,forgeclientdev,forgeclientuserdev,forgeserver,forgedatadev,fmlserver,fmlclientuserdev,fmlserverdev,forgedatauserdev,testharness,forgegametestserveruserdev]
[27May2025 18:40:10.026] [main/DEBUG] [cpw.mods.modlauncher.NameMappingServiceHandler/MODLAUNCHER]: Found naming services : [srgtomcp]
[27May2025 18:40:10.041] [main/DEBUG] [cpw.mods.modlauncher.LaunchPluginHandler/MODLAUNCHER]: Found launch plugins: [mixin,eventbus,slf4jfixer,object_holder_definalize,runtime_enum_extender,capability_token_subclass,accesstransformer,runtimedistcleaner]
[27May2025 18:40:10.052] [main/DEBUG] [cpw.mods.modlauncher.TransformationServicesHandler/MODLAUNCHER]: Discovering transformation services
[27May2025 18:40:10.057] [main/DEBUG] [net.minecraftforge.fml.loading.FMLPaths/CORE]: Path GAMEDIR is /workspaces/Minecraft/servidor_minecraft
[27May2025 18:40:10.057] [main/DEBUG] [net.minecraftforge.fml.loading.FMLPaths/CORE]: Path MODSDIR is /workspaces/Minecraft/servidor_minecraft/mods
[27May2025 18:40:10.057] [main/DEBUG] [net.minecraftforge.fml.loading.FMLPaths/CORE]: Path CONFIGDIR is /workspaces/Minecraft/servidor_minecraft/config
[27May2025 18:40:10.057] [main/DEBUG] [net.minecraftforge.fml.loading.FMLPaths/CORE]: Path FMLCONFIG is /workspaces/Minecraft/servidor_minecraft/config/fml.toml
[27May2025 18:40:11.687] [main/DEBUG] [cpw.mods.modlauncher.TransformationServicesHandler/MODLAUNCHER]: Found additional transformation services from discovery services: 
[27May2025 18:40:11.694] [main/INFO] [net.minecraftforge.fml.loading.ImmediateWindowHandler/]: ImmediateWindowProvider not loading because launch target is forgeserver
[27May2025 18:40:11.703] [main/DEBUG] [cpw.mods.modlauncher.TransformationServicesHandler/MODLAUNCHER]: Found transformer services : [mixin,fml]
[27May2025 18:40:11.703] [main/DEBUG] [cpw.mods.modlauncher.TransformationServicesHandler/MODLAUNCHER]: Transformation services loading
[27May2025 18:40:11.704] [main/DEBUG] [cpw.mods.modlauncher.TransformationServiceDecorator/MODLAUNCHER]: Loading service mixin
[27May2025 18:40:11.704] [main/DEBUG] [cpw.mods.modlauncher.TransformationServiceDecorator/MODLAUNCHER]: Loaded service mixin
[27May2025 18:40:11.704] [main/DEBUG] [cpw.mods.modlauncher.TransformationServiceDecorator/MODLAUNCHER]: Loading service fml
[27May2025 18:40:11.705] [main/DEBUG] [net.minecraftforge.fml.loading.LauncherVersion/CORE]: Found FMLLauncher version 1.0
[27May2025 18:40:11.705] [main/DEBUG] [net.minecraftforge.fml.loading.FMLLoader/CORE]: FML 1.0 loading
[27May2025 18:40:11.706] [main/DEBUG] [net.minecraftforge.fml.loading.FMLLoader/CORE]: FML found ModLauncher version : 10.0.9+10.0.9+main.dcd20f30
[27May2025 18:40:11.706] [main/DEBUG] [net.minecraftforge.fml.loading.FMLLoader/CORE]: FML found AccessTransformer version : 8.0.4+66+master.c09db6d7
[27May2025 18:40:11.706] [main/DEBUG] [net.minecraftforge.fml.loading.FMLLoader/CORE]: FML found EventBus version : 6.0.5+6.0.5+master.eb8e549b
[27May2025 18:40:11.707] [main/DEBUG] [net.minecraftforge.fml.loading.FMLLoader/CORE]: Found Runtime Dist Cleaner
[27May2025 18:40:11.708] [main/DEBUG] [net.minecraftforge.fml.loading.FMLLoader/CORE]: FML found CoreMod version : 5.1.6
[27May2025 18:40:11.709] [main/DEBUG] [net.minecraftforge.fml.loading.FMLLoader/CORE]: Found ForgeSPI package implementation version 7.0.1+7.0.1+master.d2b38bf6
[27May2025 18:40:11.709] [main/DEBUG] [net.minecraftforge.fml.loading.FMLLoader/CORE]: Found ForgeSPI package specification 5
[27May2025 18:40:11.709] [main/DEBUG] [cpw.mods.modlauncher.TransformationServiceDecorator/MODLAUNCHER]: Loaded service fml
[27May2025 18:40:11.710] [main/DEBUG] [cpw.mods.modlauncher.TransformationServicesHandler/MODLAUNCHER]: Configuring option handling for services
[27May2025 18:40:11.717] [main/DEBUG] [cpw.mods.modlauncher.TransformationServicesHandler/MODLAUNCHER]: Transformation services initializing
[27May2025 18:40:11.717] [main/DEBUG] [cpw.mods.modlauncher.TransformationServiceDecorator/MODLAUNCHER]: Initializing transformation service mixin
[27May2025 18:40:11.731] [main/DEBUG] [mixin/]: MixinService [ModLauncher] was successfully booted in cpw.mods.cl.ModuleClassLoader@1e7c7811
[27May2025 18:40:11.751] [main/INFO] [mixin/]: SpongePowered MIXIN Subsystem Version=0.8.5 Source=union:/workspaces/Minecraft/servidor_minecraft/libraries/org/spongepowered/mixin/0.8.5/mixin-0.8.5.jar%2365!/ Service=ModLauncher Env=SERVER
[27May2025 18:40:11.755] [main/DEBUG] [mixin/]: Initialising Mixin Platform Manager
[27May2025 18:40:11.756] [main/DEBUG] [mixin/]: Adding mixin platform agents for container ModLauncher Root Container(ModLauncher:4f56a0a2)
[27May2025 18:40:11.756] [main/DEBUG] [mixin/]: Instancing new MixinPlatformAgentMinecraftForge for ModLauncher Root Container(ModLauncher:4f56a0a2)
[27May2025 18:40:11.757] [main/DEBUG] [mixin/]: MixinPlatformAgentMinecraftForge rejected container ModLauncher Root Container(ModLauncher:4f56a0a2)
[27May2025 18:40:11.757] [main/DEBUG] [mixin/]: Instancing new MixinPlatformAgentDefault for ModLauncher Root Container(ModLauncher:4f56a0a2)
[27May2025 18:40:11.758] [main/DEBUG] [mixin/]: MixinPlatformAgentDefault accepted container ModLauncher Root Container(ModLauncher:4f56a0a2)
[27May2025 18:40:11.761] [main/DEBUG] [cpw.mods.modlauncher.TransformationServiceDecorator/MODLAUNCHER]: Initialized transformation service mixin
[27May2025 18:40:11.761] [main/DEBUG] [cpw.mods.modlauncher.TransformationServiceDecorator/MODLAUNCHER]: Initializing transformation service fml
[27May2025 18:40:11.761] [main/DEBUG] [net.minecraftforge.fml.loading.FMLServiceProvider/CORE]: Setting up basic FML game directories
[27May2025 18:40:11.762] [main/DEBUG] [net.minecraftforge.fml.loading.FMLPaths/CORE]: Path GAMEDIR is /workspaces/Minecraft/servidor_minecraft
[27May2025 18:40:11.762] [main/DEBUG] [net.minecraftforge.fml.loading.FMLPaths/CORE]: Path MODSDIR is /workspaces/Minecraft/servidor_minecraft/mods
[27May2025 18:40:11.762] [main/DEBUG] [net.minecraftforge.fml.loading.FMLPaths/CORE]: Path CONFIGDIR is /workspaces/Minecraft/servidor_minecraft/config
[27May2025 18:40:11.762] [main/DEBUG] [net.minecraftforge.fml.loading.FMLPaths/CORE]: Path FMLCONFIG is /workspaces/Minecraft/servidor_minecraft/config/fml.toml
[27May2025 18:40:11.762] [main/DEBUG] [net.minecraftforge.fml.loading.FMLServiceProvider/CORE]: Loading configuration
[27May2025 18:40:11.765] [main/DEBUG] [net.minecraftforge.fml.loading.FMLServiceProvider/CORE]: Preparing ModFile
[27May2025 18:40:11.768] [main/DEBUG] [net.minecraftforge.fml.loading.FMLServiceProvider/CORE]: Preparing launch handler
[27May2025 18:40:11.768] [main/DEBUG] [net.minecraftforge.fml.loading.FMLLoader/CORE]: Using forgeserver as launch service
[27May2025 18:40:11.783] [main/DEBUG] [net.minecraftforge.fml.loading.FMLLoader/CORE]: Received command line version data  : VersionInfo[forgeVersion=47.3.7, mcVersion=1.20.1, mcpVersion=20230612.114412, forgeGroup=net.minecraftforge]
[27May2025 18:40:11.785] [main/DEBUG] [cpw.mods.modlauncher.TransformationServiceDecorator/MODLAUNCHER]: Initialized transformation service fml
[27May2025 18:40:11.785] [main/DEBUG] [cpw.mods.modlauncher.NameMappingServiceHandler/MODLAUNCHER]: Current naming domain is 'srg'
[27May2025 18:40:11.786] [main/DEBUG] [cpw.mods.modlauncher.NameMappingServiceHandler/MODLAUNCHER]: Identified name mapping providers {}
[27May2025 18:40:11.786] [main/DEBUG] [cpw.mods.modlauncher.TransformationServicesHandler/MODLAUNCHER]: Transformation services begin scanning
[27May2025 18:40:11.786] [main/DEBUG] [cpw.mods.modlauncher.TransformationServiceDecorator/MODLAUNCHER]: Beginning scan trigger - transformation service mixin
[27May2025 18:40:11.786] [main/DEBUG] [cpw.mods.modlauncher.TransformationServiceDecorator/MODLAUNCHER]: End scan trigger - transformation service mixin
[27May2025 18:40:11.787] [main/DEBUG] [cpw.mods.modlauncher.TransformationServiceDecorator/MODLAUNCHER]: Beginning scan trigger - transformation service fml
[27May2025 18:40:11.787] [main/DEBUG] [net.minecraftforge.fml.loading.FMLServiceProvider/CORE]: Initiating mod scan
[27May2025 18:40:11.796] [main/DEBUG] [net.minecraftforge.fml.loading.moddiscovery.ModListHandler/CORE]: Found mod coordinates from lists: []
[27May2025 18:40:11.800] [main/DEBUG] [net.minecraftforge.fml.loading.moddiscovery.ModDiscoverer/CORE]: Found Mod Locators : (mods folder:null),(maven libs:null),(exploded directory:null),(minecraft:null),(userdev classpath:null)
[27May2025 18:40:11.800] [main/DEBUG] [net.minecraftforge.fml.loading.moddiscovery.ModDiscoverer/CORE]: Found Dependency Locators : (JarInJar:null)
[27May2025 18:40:11.808] [main/DEBUG] [net.minecraftforge.fml.loading.moddiscovery.ModFileParser/LOADING]: Considering mod file candidate /workspaces/Minecraft/servidor_minecraft/mods/AI-Improvements-1.20-0.5.2.jar
[27May2025 18:40:11.848] [main/DEBUG] [net.minecraftforge.fml.loading.moddiscovery.ModFileInfo/LOADING]: Found valid mod file AI-Improvements-1.20-0.5.2.jar with {aiimprovements} mods - versions {0.5.2}
[27May2025 18:40:11.853] [main/DEBUG] [net.minecraftforge.fml.loading.moddiscovery.ModFileParser/LOADING]: Considering mod file candidate /workspaces/Minecraft/servidor_minecraft/mods/alexscaves-2.0.2.jar
[27May2025 18:40:11.855] [main/DEBUG] [net.minecraftforge.fml.loading.moddiscovery.ModFileInfo/LOADING]: Found valid mod file alexscaves-2.0.2.jar with {alexscaves} mods - versions {2.0.2}
[27May2025 18:40:11.856] [main/DEBUG] [net.minecraftforge.fml.loading.moddiscovery.ModFileParser/LOADING]: Considering mod file candidate /workspaces/Minecraft/servidor_minecraft/mods/ApothicAttributes-1.20.1-1.3.7.jar
[27May2025 18:40:11.857] [main/DEBUG] [net.minecraftforge.fml.loading.moddiscovery.ModFileInfo/LOADING]: Found valid mod file ApothicAttributes-1.20.1-1.3.7.jar with {attributeslib} mods - versions {1.3.7}
[27May2025 18:40:11.858] [main/DEBUG] [net.minecraftforge.fml.loading.moddiscovery.ModFileParser/LOADING]: Considering mod file candidate /workspaces/Minecraft/servidor_minecraft/mods/architectury-9.2.14-forge.jar
[27May2025 18:40:11.859] [main/DEBUG] [net.minecraftforge.fml.loading.moddiscovery.ModFileInfo/LOADING]: Found valid mod file architectury-9.2.14-forge.jar with {architectury} mods - versions {9.2.14}
[27May2025 18:40:11.860] [main/DEBUG] [net.minecraftforge.fml.loading.moddiscovery.ModFileParser/LOADING]: Considering mod file candidate /workspaces/Minecraft/servidor_minecraft/mods/caelus-forge-3.2.0+1.20.1.jar
[27May2025 18:40:11.861] [main/DEBUG] [net.minecraftforge.fml.loading.moddiscovery.ModFileInfo/LOADING]: Found valid mod file caelus-forge-3.2.0+1.20.1.jar with {caelus} mods - versions {3.2.0+1.20.1}
[27May2025 18:40:11.862] [main/DEBUG] [net.minecraftforge.fml.loading.moddiscovery.ModFileParser/LOADING]: Considering mod file candidate /workspaces/Minecraft/servidor_minecraft/mods/canary-mc1.20.1-0.3.3.jar
[27May2025 18:40:11.863] [main/DEBUG] [net.minecraftforge.fml.loading.moddiscovery.ModFileInfo/LOADING]: Found valid mod file canary-mc1.20.1-0.3.3.jar with {canary} mods - versions {0.3.3}
[27May2025 18:40:11.864] [main/DEBUG] [net.minecraftforge.fml.loading.moddiscovery.ModFileParser/LOADING]: Considering mod file candidate /workspaces/Minecraft/servidor_minecraft/mods/Chunky-1.3.146.jar
[27May2025 18:40:11.865] [main/DEBUG] [net.minecraftforge.fml.loading.moddiscovery.ModFileInfo/LOADING]: Found valid mod file Chunky-1.3.146.jar with {chunky} mods - versions {1.3.146}
[27May2025 18:40:11.867] [main/DEBUG] [net.minecraftforge.fml.loading.moddiscovery.ModFileParser/LOADING]: Considering mod file candidate /workspaces/Minecraft/servidor_minecraft/mods/citadel-2.6.1-1.20.1.jar
[27May2025 18:40:11.868] [main/DEBUG] [net.minecraftforge.fml.loading.moddiscovery.ModFileInfo/LOADING]: Found valid mod file citadel-2.6.1-1.20.1.jar with {citadel} mods - versions {2.6.1}
[27May2025 18:40:11.869] [main/DEBUG] [net.minecraftforge.fml.loading.moddiscovery.ModFileParser/LOADING]: Considering mod file candidate /workspaces/Minecraft/servidor_minecraft/mods/CreativeCore_FORGE_v2.12.32_mc1.20.1.jar
[27May2025 18:40:11.870] [main/DEBUG] [net.minecraftforge.fml.loading.moddiscovery.ModFileInfo/LOADING]: Found valid mod file CreativeCore_FORGE_v2.12.32_mc1.20.1.jar with {creativecore} mods - versions {2.12.32}
[27May2025 18:40:11.871] [main/DEBUG] [net.minecraftforge.fml.loading.moddiscovery.ModFileParser/LOADING]: Considering mod file candidate /workspaces/Minecraft/servidor_minecraft/mods/cupboard-1.20.1-2.7.jar
[27May2025 18:40:11.873] [main/DEBUG] [net.minecraftforge.fml.loading.moddiscovery.ModFileInfo/LOADING]: Found valid mod file cupboard-1.20.1-2.7.jar with {cupboard} mods - versions {1.20.1-2.7}
[27May2025 18:40:11.873] [main/DEBUG] [net.minecraftforge.fml.loading.moddiscovery.ModFileParser/LOADING]: Considering mod file candidate /workspaces/Minecraft/servidor_minecraft/mods/curios-forge-5.14.1+1.20.1.jar
[27May2025 18:40:11.875] [main/DEBUG] [net.minecraftforge.fml.loading.moddiscovery.ModFileInfo/LOADING]: Found valid mod file curios-forge-5.14.1+1.20.1.jar with {curios} mods - versions {5.14.1+1.20.1}
[27May2025 18:40:11.877] [main/DEBUG] [net.minecraftforge.fml.loading.moddiscovery.ModFileParser/LOADING]: Considering mod file candidate /workspaces/Minecraft/servidor_minecraft/mods/dungeons_and_combat-1.1.5-forge-1.20.1.jar
[27May2025 18:40:11.878] [main/DEBUG] [net.minecraftforge.fml.loading.moddiscovery.ModFileInfo/LOADING]: Found valid mod file dungeons_and_combat-1.1.5-forge-1.20.1.jar with {dungeons_and_combat} mods - versions {1.1.4}
[27May2025 18:40:11.895] [main/DEBUG] [net.minecraftforge.fml.loading.moddiscovery.ModFileParser/LOADING]: Considering mod file candidate /workspaces/Minecraft/servidor_minecraft/mods/DungeonsArise-1.20.x-2.1.58-release.jar
[27May2025 18:40:11.897] [main/DEBUG] [net.minecraftforge.fml.loading.moddiscovery.ModFileInfo/LOADING]: Found valid mod file DungeonsArise-1.20.x-2.1.58-release.jar with {dungeons_arise} mods - versions {2.1.58-1.20.x}
[27May2025 18:40:11.897] [main/DEBUG] [net.minecraftforge.fml.loading.moddiscovery.ModFileParser/LOADING]: Considering mod file candidate /workspaces/Minecraft/servidor_minecraft/mods/DungeonsAriseSevenSeas-1.20.x-1.0.2-forge.jar
[27May2025 18:40:11.899] [main/DEBUG] [net.minecraftforge.fml.loading.moddiscovery.ModFileInfo/LOADING]: Found valid mod file DungeonsAriseSevenSeas-1.20.x-1.0.2-forge.jar with {dungeons_arise_seven_seas} mods - versions {1.0.2}
[27May2025 18:40:11.900] [main/DEBUG] [net.minecraftforge.fml.loading.moddiscovery.ModFileParser/LOADING]: Considering mod file candidate /workspaces/Minecraft/servidor_minecraft/mods/dynview-1.20.1-4.0.jar
[27May2025 18:40:11.901] [main/DEBUG] [net.minecraftforge.fml.loading.moddiscovery.ModFileInfo/LOADING]: Found valid mod file dynview-1.20.1-4.0.jar with {dynview} mods - versions {2.3}
[27May2025 18:40:11.902] [main/DEBUG] [net.minecraftforge.fml.loading.moddiscovery.ModFileParser/LOADING]: Considering mod file candidate /workspaces/Minecraft/servidor_minecraft/mods/eeeabsmobs-1.20.1-0.97-Fix.jar
[27May2025 18:40:11.903] [main/DEBUG] [net.minecraftforge.fml.loading.moddiscovery.ModFileInfo/LOADING]: Found valid mod file eeeabsmobs-1.20.1-0.97-Fix.jar with {eeeabsmobs} mods - versions {1.20.1-0.97}
[27May2025 18:40:11.903] [main/DEBUG] [net.minecraftforge.fml.loading.moddiscovery.ModFileParser/LOADING]: Considering mod file candidate /workspaces/Minecraft/servidor_minecraft/mods/efiscompat-2.2.4.jar
[27May2025 18:40:11.904] [main/DEBUG] [net.minecraftforge.fml.loading.moddiscovery.ModFileInfo/LOADING]: Found valid mod file efiscompat-2.2.4.jar with {efiscompat} mods - versions {2.2.4}
[27May2025 18:40:11.905] [main/DEBUG] [net.minecraftforge.fml.loading.moddiscovery.ModFileParser/LOADING]: Considering mod file candidate /workspaces/Minecraft/servidor_minecraft/mods/ElysiumAPI-1.20.1-1.1.2.jar
[27May2025 18:40:11.906] [main/DEBUG] [net.minecraftforge.fml.loading.moddiscovery.ModFileInfo/LOADING]: Found valid mod file ElysiumAPI-1.20.1-1.1.2.jar with {elysium_api} mods - versions {1.1.2}
[27May2025 18:40:11.907] [main/DEBUG] [net.minecraftforge.fml.loading.moddiscovery.ModFileParser/LOADING]: Considering mod file candidate /workspaces/Minecraft/servidor_minecraft/mods/embeddium-0.3.30+mc1.20.1.jar
[27May2025 18:40:11.908] [main/DEBUG] [net.minecraftforge.fml.loading.moddiscovery.ModFileInfo/LOADING]: Found valid mod file embeddium-0.3.30+mc1.20.1.jar with {embeddium,rubidium} mods - versions {0.3.30+mc1.20.1,0.7.1}
[27May2025 18:40:11.909] [main/DEBUG] [net.minecraftforge.fml.loading.moddiscovery.ModFileParser/LOADING]: Considering mod file candidate /workspaces/Minecraft/servidor_minecraft/mods/entityculling-forge-1.7.4-mc1.20.1.jar
[27May2025 18:40:11.909] [main/DEBUG] [net.minecraftforge.fml.loading.moddiscovery.ModFileInfo/LOADING]: Found valid mod file entityculling-forge-1.7.4-mc1.20.1.jar with {entityculling} mods - versions {1.7.4}
[27May2025 18:40:11.911] [main/DEBUG] [net.minecraftforge.fml.loading.moddiscovery.ModFileParser/LOADING]: Considering mod file candidate /workspaces/Minecraft/servidor_minecraft/mods/epicfight-forge-20.9.7-1.20.1.jar
[27May2025 18:40:11.912] [main/DEBUG] [net.minecraftforge.fml.loading.moddiscovery.ModFileInfo/LOADING]: Found valid mod file epicfight-forge-20.9.7-1.20.1.jar with {epicfight} mods - versions {20.9.7}
[27May2025 18:40:11.913] [main/DEBUG] [net.minecraftforge.fml.loading.moddiscovery.ModFileParser/LOADING]: Considering mod file candidate /workspaces/Minecraft/servidor_minecraft/mods/EpicFight-Resurrection-forge1.20.1-0.1.28-hotFix1.jar
[27May2025 18:40:11.913] [main/DEBUG] [net.minecraftforge.fml.loading.moddiscovery.ModFileInfo/LOADING]: Found valid mod file EpicFight-Resurrection-forge1.20.1-0.1.28-hotFix1.jar with {cdmoveset} mods - versions {1.28}
[27May2025 18:40:11.914] [main/DEBUG] [net.minecraftforge.fml.loading.moddiscovery.ModFileParser/LOADING]: Considering mod file candidate /workspaces/Minecraft/servidor_minecraft/mods/ESM-1.20.1-1.0.0.jar
[27May2025 18:40:11.914] [main/DEBUG] [net.minecraftforge.fml.loading.moddiscovery.ModFileInfo/LOADING]: Found valid mod file ESM-1.20.1-1.0.0.jar with {nightmareesm} mods - versions {1.0.0}
[27May2025 18:40:11.918] [main/DEBUG] [net.minecraftforge.fml.loading.moddiscovery.ModFileParser/LOADING]: Considering mod file candidate /workspaces/Minecraft/servidor_minecraft/mods/ferritecore-6.0.1-forge (1).jar
[27May2025 18:40:11.919] [main/DEBUG] [net.minecraftforge.fml.loading.moddiscovery.ModFileInfo/LOADING]: Found valid mod file ferritecore-6.0.1-forge (1).jar with {ferritecore} mods - versions {6.0.1}
[27May2025 18:40:11.922] [main/DEBUG] [net.minecraftforge.fml.loading.moddiscovery.ModFileParser/LOADING]: Considering mod file candidate /workspaces/Minecraft/servidor_minecraft/mods/ferritecore-6.0.1-forge.jar
[27May2025 18:40:11.922] [main/DEBUG] [net.minecraftforge.fml.loading.moddiscovery.ModFileInfo/LOADING]: Found valid mod file ferritecore-6.0.1-forge.jar with {ferritecore} mods - versions {6.0.1}
[27May2025 18:40:11.923] [main/DEBUG] [net.minecraftforge.fml.loading.moddiscovery.ModFileParser/LOADING]: Considering mod file candidate /workspaces/Minecraft/servidor_minecraft/mods/geckolib-forge-1.20.1-4.7.1.2.jar
[27May2025 18:40:11.923] [main/DEBUG] [net.minecraftforge.fml.loading.moddiscovery.ModFileInfo/LOADING]: Found valid mod file geckolib-forge-1.20.1-4.7.1.2.jar with {geckolib} mods - versions {4.7.1.2}
[27May2025 18:40:11.926] [main/DEBUG] [net.minecraftforge.fml.loading.moddiscovery.ModFileParser/LOADING]: Considering mod file candidate /workspaces/Minecraft/servidor_minecraft/mods/Incendium_1.20.x_v5.3.5.jar
[27May2025 18:40:11.926] [main/DEBUG] [net.minecraftforge.fml.loading.moddiscovery.ModFileInfo/LOADING]: Found valid mod file Incendium_1.20.x_v5.3.5.jar with {incendium} mods - versions {5.3.5}
[27May2025 18:40:11.928] [main/DEBUG] [net.minecraftforge.fml.loading.moddiscovery.ModFileParser/LOADING]: Considering mod file candidate /workspaces/Minecraft/servidor_minecraft/mods/irons_spellbooks-1.20.1-3.4.0.9.jar
[27May2025 18:40:11.928] [main/DEBUG] [net.minecraftforge.fml.loading.moddiscovery.ModFileInfo/LOADING]: Found valid mod file irons_spellbooks-1.20.1-3.4.0.9.jar with {irons_spellbooks} mods - versions {1.20.1-3.4.0.9}
[27May2025 18:40:11.931] [main/DEBUG] [net.minecraftforge.fml.loading.moddiscovery.ModFileParser/LOADING]: Considering mod file candidate /workspaces/Minecraft/servidor_minecraft/mods/Jadens-Nether-Expansion-2.3.2.jar
[27May2025 18:40:11.931] [main/DEBUG] [net.minecraftforge.fml.loading.moddiscovery.ModFileInfo/LOADING]: Found valid mod file Jadens-Nether-Expansion-2.3.2.jar with {netherexp} mods - versions {2.3.2}
[27May2025 18:40:11.932] [main/DEBUG] [net.minecraftforge.fml.loading.moddiscovery.ModFileParser/LOADING]: Considering mod file candidate /workspaces/Minecraft/servidor_minecraft/mods/jei-1.20.1-forge-15.12.2.51.jar
[27May2025 18:40:11.933] [main/DEBUG] [net.minecraftforge.fml.loading.moddiscovery.ModFileInfo/LOADING]: Found valid mod file jei-1.20.1-forge-15.12.2.51.jar with {jei} mods - versions {15.12.2.51}
[27May2025 18:40:11.935] [main/DEBUG] [net.minecraftforge.fml.loading.moddiscovery.ModFileParser/LOADING]: Considering mod file candidate /workspaces/Minecraft/servidor_minecraft/mods/journeymap-1.20.1-5.10.1-forge.jar
[27May2025 18:40:11.935] [main/DEBUG] [net.minecraftforge.fml.loading.moddiscovery.ModFileInfo/LOADING]: Found valid mod file journeymap-1.20.1-5.10.1-forge.jar with {journeymap} mods - versions {5.10.1}
[27May2025 18:40:11.936] [main/DEBUG] [net.minecraftforge.fml.loading.moddiscovery.ModFileParser/LOADING]: Considering mod file candidate /workspaces/Minecraft/servidor_minecraft/mods/JustEnoughResources-1.20.1-1.4.0.247.jar
[27May2025 18:40:11.936] [main/DEBUG] [net.minecraftforge.fml.loading.moddiscovery.ModFileInfo/LOADING]: Found valid mod file JustEnoughResources-1.20.1-1.4.0.247.jar with {jeresources} mods - versions {1.4.0.247}
[27May2025 18:40:11.938] [main/DEBUG] [net.minecraftforge.fml.loading.moddiscovery.ModFileParser/LOADING]: Considering mod file candidate /workspaces/Minecraft/servidor_minecraft/mods/L_Enders_Cataclysm 1.20.1-2.66.jar
[27May2025 18:40:11.939] [main/DEBUG] [net.minecraftforge.fml.loading.moddiscovery.ModFileInfo/LOADING]: Found valid mod file L_Enders_Cataclysm 1.20.1-2.66.jar with {cataclysm} mods - versions {2.65}
[27May2025 18:40:11.940] [main/DEBUG] [net.minecraftforge.fml.loading.moddiscovery.ModFileParser/LOADING]: Considering mod file candidate /workspaces/Minecraft/servidor_minecraft/mods/legendarymonsters-1.9.4 MC 1.20.1.jar
[27May2025 18:40:11.941] [main/DEBUG] [net.minecraftforge.fml.loading.moddiscovery.ModFileInfo/LOADING]: Found valid mod file legendarymonsters-1.9.4 MC 1.20.1.jar with {legendary_monsters} mods - versions {1.20.1}
[27May2025 18:40:11.941] [main/DEBUG] [net.minecraftforge.fml.loading.moddiscovery.ModFileParser/LOADING]: Considering mod file candidate /workspaces/Minecraft/servidor_minecraft/mods/lionfishapi-2.4-Fix.jar
[27May2025 18:40:11.941] [main/DEBUG] [net.minecraftforge.fml.loading.moddiscovery.ModFileInfo/LOADING]: Found valid mod file lionfishapi-2.4-Fix.jar with {lionfishapi} mods - versions {2.4-Fix}
[27May2025 18:40:11.942] [main/DEBUG] [net.minecraftforge.fml.loading.moddiscovery.ModFileParser/LOADING]: Considering mod file candidate /workspaces/Minecraft/servidor_minecraft/mods/memoryleakfix-forge-1.17+-1.1.5.jar
[27May2025 18:40:11.943] [main/DEBUG] [net.minecraftforge.fml.loading.moddiscovery.ModFileInfo/LOADING]: Found valid mod file memoryleakfix-forge-1.17+-1.1.5.jar with {memoryleakfix} mods - versions {1.1.5}
[27May2025 18:40:11.943] [main/DEBUG] [net.minecraftforge.fml.loading.moddiscovery.ModFileParser/LOADING]: Considering mod file candidate /workspaces/Minecraft/servidor_minecraft/mods/modernfix-forge-5.21.0+mc1.20.1 (1).jar
[27May2025 18:40:11.944] [main/DEBUG] [net.minecraftforge.fml.loading.moddiscovery.ModFileInfo/LOADING]: Found valid mod file modernfix-forge-5.21.0+mc1.20.1 (1).jar with {modernfix} mods - versions {5.21.0+mc1.20.1}
[27May2025 18:40:11.947] [main/DEBUG] [net.minecraftforge.fml.loading.moddiscovery.ModFileParser/LOADING]: Considering mod file candidate /workspaces/Minecraft/servidor_minecraft/mods/mofus_broken_constellation-0.9.0-forge-1.20.1.jar
[27May2025 18:40:11.947] [main/DEBUG] [net.minecraftforge.fml.loading.moddiscovery.ModFileInfo/LOADING]: Found valid mod file mofus_broken_constellation-0.9.0-forge-1.20.1.jar with {mofus_better_end_} mods - versions {1.0.0}
[27May2025 18:40:11.948] [main/DEBUG] [net.minecraftforge.fml.loading.moddiscovery.ModFileParser/LOADING]: Considering mod file candidate /workspaces/Minecraft/servidor_minecraft/mods/mowzies_cataclysm-1.2.0.jar
[27May2025 18:40:11.948] [main/DEBUG] [net.minecraftforge.fml.loading.moddiscovery.ModFileInfo/LOADING]: Found valid mod file mowzies_cataclysm-1.2.0.jar with {mowzies_cataclysm} mods - versions {1.2.0}
[27May2025 18:40:11.950] [main/DEBUG] [net.minecraftforge.fml.loading.moddiscovery.ModFileParser/LOADING]: Considering mod file candidate /workspaces/Minecraft/servidor_minecraft/mods/mowziesmobs-1.7.2.jar
[27May2025 18:40:11.950] [main/DEBUG] [net.minecraftforge.fml.loading.moddiscovery.ModFileInfo/LOADING]: Found valid mod file mowziesmobs-1.7.2.jar with {mowziesmobs} mods - versions {1.7.2}
[27May2025 18:40:11.951] [main/DEBUG] [net.minecraftforge.fml.loading.moddiscovery.ModFileParser/LOADING]: Considering mod file candidate /workspaces/Minecraft/servidor_minecraft/mods/Not Enough Recipe Book-FORGE-0.4.1+1.20.1.jar
[27May2025 18:40:11.951] [main/DEBUG] [net.minecraftforge.fml.loading.moddiscovery.ModFileInfo/LOADING]: Found valid mod file Not Enough Recipe Book-FORGE-0.4.1+1.20.1.jar with {nerb} mods - versions {0.4.1}
[27May2025 18:40:11.951] [main/DEBUG] [net.minecraftforge.fml.loading.moddiscovery.ModFileParser/LOADING]: Considering mod file candidate /workspaces/Minecraft/servidor_minecraft/mods/OctoLib-FORGE-0.4.2+1.20.1.jar
[27May2025 18:40:11.952] [main/DEBUG] [net.minecraftforge.fml.loading.moddiscovery.ModFileInfo/LOADING]: Found valid mod file OctoLib-FORGE-0.4.2+1.20.1.jar with {octolib} mods - versions {0.4.2}
[27May2025 18:40:11.953] [main/DEBUG] [net.minecraftforge.fml.loading.moddiscovery.ModFileParser/LOADING]: Considering mod file candidate /workspaces/Minecraft/servidor_minecraft/mods/Placebo-1.20.1-8.6.3.jar
[27May2025 18:40:11.953] [main/DEBUG] [net.minecraftforge.fml.loading.moddiscovery.ModFileInfo/LOADING]: Found valid mod file Placebo-1.20.1-8.6.3.jar with {placebo} mods - versions {8.6.3}
[27May2025 18:40:11.954] [main/DEBUG] [net.minecraftforge.fml.loading.moddiscovery.ModFileParser/LOADING]: Considering mod file candidate /workspaces/Minecraft/servidor_minecraft/mods/player-animation-lib-forge-1.0.2-rc1+1.20.jar
[27May2025 18:40:11.954] [main/DEBUG] [net.minecraftforge.fml.loading.moddiscovery.ModFileInfo/LOADING]: Found valid mod file player-animation-lib-forge-1.0.2-rc1+1.20.jar with {playeranimator} mods - versions {1.0.2-rc1+1.20}
[27May2025 18:40:11.954] [main/DEBUG] [net.minecraftforge.fml.loading.moddiscovery.ModFileParser/LOADING]: Considering mod file candidate /workspaces/Minecraft/servidor_minecraft/mods/PlayerRevive_FORGE_v2.0.31_mc1.20.1.jar
[27May2025 18:40:11.955] [main/DEBUG] [net.minecraftforge.fml.loading.moddiscovery.ModFileInfo/LOADING]: Found valid mod file PlayerRevive_FORGE_v2.0.31_mc1.20.1.jar with {playerrevive} mods - versions {2.0.31}
[27May2025 18:40:11.956] [main/DEBUG] [net.minecraftforge.fml.loading.moddiscovery.ModFileParser/LOADING]: Considering mod file candidate /workspaces/Minecraft/servidor_minecraft/mods/relics-1.20.1-0.8.0.9.jar
[27May2025 18:40:11.956] [main/DEBUG] [net.minecraftforge.fml.loading.moddiscovery.ModFileInfo/LOADING]: Found valid mod file relics-1.20.1-0.8.0.9.jar with {relics} mods - versions {0.8.0.9}
[27May2025 18:40:11.957] [main/DEBUG] [net.minecraftforge.fml.loading.moddiscovery.ModFileParser/LOADING]: Considering mod file candidate /workspaces/Minecraft/servidor_minecraft/mods/rubidium-extra-0.5.4.4+mc1.20.1-build.131.jar
[27May2025 18:40:11.958] [main/DEBUG] [net.minecraftforge.fml.loading.moddiscovery.ModFileInfo/LOADING]: Found valid mod file rubidium-extra-0.5.4.4+mc1.20.1-build.131.jar with {embeddium_extra} mods - versions {0.5.4.4+mc1.20.1-build.131}
[27May2025 18:40:11.959] [main/DEBUG] [net.minecraftforge.fml.loading.moddiscovery.ModFileParser/LOADING]: Considering mod file candidate /workspaces/Minecraft/servidor_minecraft/mods/servercore-forge-1.5.2+1.20.1.jar
[27May2025 18:40:11.959] [main/DEBUG] [net.minecraftforge.fml.loading.moddiscovery.ModFileInfo/LOADING]: Found valid mod file servercore-forge-1.5.2+1.20.1.jar with {servercore} mods - versions {1.5.2+1.20.1}
[27May2025 18:40:11.961] [main/DEBUG] [net.minecraftforge.fml.loading.moddiscovery.ModFileParser/LOADING]: Considering mod file candidate /workspaces/Minecraft/servidor_minecraft/mods/Terralith_1.20.x_v2.5.4.jar
[27May2025 18:40:11.961] [main/DEBUG] [net.minecraftforge.fml.loading.moddiscovery.ModFileInfo/LOADING]: Found valid mod file Terralith_1.20.x_v2.5.4.jar with {terralith} mods - versions {2.5.4}
[27May2025 18:40:11.967] [main/DEBUG] [net.minecraftforge.fml.loading.moddiscovery.ModFileParser/LOADING]: Considering mod file candidate /workspaces/Minecraft/servidor_minecraft/mods/tl_skin_cape_forge_1.20_1.20.1-1.32.jar
[27May2025 18:40:11.967] [main/DEBUG] [net.minecraftforge.fml.loading.moddiscovery.ModFileInfo/LOADING]: Found valid mod file tl_skin_cape_forge_1.20_1.20.1-1.32.jar with {tlskincape} mods - versions {1.32}
[27May2025 18:40:11.968] [main/DEBUG] [net.minecraftforge.fml.loading.moddiscovery.ModFileParser/LOADING]: Considering mod file candidate /workspaces/Minecraft/servidor_minecraft/mods/tombstone-1.20.1-8.9.4.jar
[27May2025 18:40:11.969] [main/DEBUG] [net.minecraftforge.fml.loading.moddiscovery.ModFileInfo/LOADING]: Found valid mod file tombstone-1.20.1-8.9.4.jar with {tombstone} mods - versions {8.9.4}
[27May2025 18:40:11.970] [main/DEBUG] [net.minecraftforge.fml.loading.moddiscovery.ModFileParser/LOADING]: Considering mod file candidate /workspaces/Minecraft/servidor_minecraft/mods/travelersbackpack-forge-1.20.1-9.1.36.jar
[27May2025 18:40:11.970] [main/DEBUG] [net.minecraftforge.fml.loading.moddiscovery.ModFileInfo/LOADING]: Found valid mod file travelersbackpack-forge-1.20.1-9.1.36.jar with {travelersbackpack} mods - versions {9.1.36}
[27May2025 18:40:11.972] [main/DEBUG] [net.minecraftforge.fml.loading.moddiscovery.ModFileParser/LOADING]: Considering mod file candidate /workspaces/Minecraft/servidor_minecraft/mods/traveloptics-4.4.0-1.20.1.jar
[27May2025 18:40:11.973] [main/DEBUG] [net.minecraftforge.fml.loading.moddiscovery.ModFileInfo/LOADING]: Found valid mod file traveloptics-4.4.0-1.20.1.jar with {traveloptics} mods - versions {4.4.0-1.20.1}
[27May2025 18:40:11.974] [main/DEBUG] [net.minecraftforge.fml.loading.moddiscovery.ModFileParser/LOADING]: Considering mod file candidate /workspaces/Minecraft/servidor_minecraft/mods/WeaponsOfMiracles-20.1.8.5.6.jar
[27May2025 18:40:11.974] [main/DEBUG] [net.minecraftforge.fml.loading.moddiscovery.ModFileInfo/LOADING]: Found valid mod file WeaponsOfMiracles-20.1.8.5.6.jar with {wom} mods - versions {20.1.8.5.6}
[27May2025 18:40:12.064] [main/DEBUG] [net.minecraftforge.fml.loading.moddiscovery.ModFileInfo/LOADING]: Found valid mod file server-1.20.1-20230612.114412-srg.jar with {minecraft} mods - versions {1.20.1}
[27May2025 18:40:12.068] [main/DEBUG] [net.minecraftforge.fml.loading.moddiscovery.ModFileParser/LOADING]: Considering mod file candidate /workspaces/Minecraft/servidor_minecraft/libraries/net/minecraftforge/fmlcore/1.20.1-47.3.7/fmlcore-1.20.1-47.3.7.jar
[27May2025 18:40:12.068] [main/WARN] [net.minecraftforge.fml.loading.moddiscovery.ModFileParser/LOADING]: Mod file /workspaces/Minecraft/servidor_minecraft/libraries/net/minecraftforge/fmlcore/1.20.1-47.3.7/fmlcore-1.20.1-47.3.7.jar is missing mods.toml file
[27May2025 18:40:12.070] [main/DEBUG] [net.minecraftforge.fml.loading.moddiscovery.ModFileParser/LOADING]: Considering mod file candidate /workspaces/Minecraft/servidor_minecraft/libraries/net/minecraftforge/javafmllanguage/1.20.1-47.3.7/javafmllanguage-1.20.1-47.3.7.jar
[27May2025 18:40:12.070] [main/WARN] [net.minecraftforge.fml.loading.moddiscovery.ModFileParser/LOADING]: Mod file /workspaces/Minecraft/servidor_minecraft/libraries/net/minecraftforge/javafmllanguage/1.20.1-47.3.7/javafmllanguage-1.20.1-47.3.7.jar is missing mods.toml file
[27May2025 18:40:12.071] [main/DEBUG] [net.minecraftforge.fml.loading.moddiscovery.ModFileParser/LOADING]: Considering mod file candidate /workspaces/Minecraft/servidor_minecraft/libraries/net/minecraftforge/lowcodelanguage/1.20.1-47.3.7/lowcodelanguage-1.20.1-47.3.7.jar
[27May2025 18:40:12.071] [main/WARN] [net.minecraftforge.fml.loading.moddiscovery.ModFileParser/LOADING]: Mod file /workspaces/Minecraft/servidor_minecraft/libraries/net/minecraftforge/lowcodelanguage/1.20.1-47.3.7/lowcodelanguage-1.20.1-47.3.7.jar is missing mods.toml file
[27May2025 18:40:12.073] [main/DEBUG] [net.minecraftforge.fml.loading.moddiscovery.ModFileParser/LOADING]: Considering mod file candidate /workspaces/Minecraft/servidor_minecraft/libraries/net/minecraftforge/mclanguage/1.20.1-47.3.7/mclanguage-1.20.1-47.3.7.jar
[27May2025 18:40:12.073] [main/WARN] [net.minecraftforge.fml.loading.moddiscovery.ModFileParser/LOADING]: Mod file /workspaces/Minecraft/servidor_minecraft/libraries/net/minecraftforge/mclanguage/1.20.1-47.3.7/mclanguage-1.20.1-47.3.7.jar is missing mods.toml file
[27May2025 18:40:12.112] [main/DEBUG] [net.minecraftforge.fml.loading.moddiscovery.ModFileParser/LOADING]: Considering mod file candidate /workspaces/Minecraft/servidor_minecraft/libraries/net/minecraftforge/forge/1.20.1-47.3.7/forge-1.20.1-47.3.7-universal.jar
[27May2025 18:40:12.113] [main/DEBUG] [net.minecraftforge.fml.loading.moddiscovery.ModFileInfo/LOADING]: Found valid mod file forge-1.20.1-47.3.7-universal.jar with {forge} mods - versions {47.3.7}
[27May2025 18:40:12.119] [main/DEBUG] [net.minecraftforge.fml.loading.UniqueModListBuilder/]: Found 2 mods for first modid ferritecore, selecting most recent based on version data
[27May2025 18:40:12.119] [main/DEBUG] [net.minecraftforge.fml.loading.UniqueModListBuilder/]: Selected file ferritecore-6.0.1-forge (1).jar for modid ferritecore with version 6.0.1
[27May2025 18:40:12.124] [main/DEBUG] [net.minecraftforge.fml.loading.moddiscovery.AbstractJarFileDependencyLocator/]: Failed to load resource META-INF/jarjar/metadata.json from mowziesmobs-1.7.2.jar, it does not contain dependency information.
[27May2025 18:40:12.125] [main/DEBUG] [net.minecraftforge.fml.loading.moddiscovery.AbstractJarFileDependencyLocator/]: Failed to load resource META-INF/jarjar/metadata.json from efiscompat-2.2.4.jar, it does not contain dependency information.
[27May2025 18:40:12.125] [main/DEBUG] [net.minecraftforge.fml.loading.moddiscovery.AbstractJarFileDependencyLocator/]: Failed to load resource META-INF/jarjar/metadata.json from player-animation-lib-forge-1.0.2-rc1+1.20.jar, it does not contain dependency information.
[27May2025 18:40:12.125] [main/DEBUG] [net.minecraftforge.fml.loading.moddiscovery.AbstractJarFileDependencyLocator/]: Failed to load resource META-INF/jarjar/metadata.json from ElysiumAPI-1.20.1-1.1.2.jar, it does not contain dependency information.
[27May2025 18:40:12.125] [main/DEBUG] [net.minecraftforge.fml.loading.moddiscovery.AbstractJarFileDependencyLocator/]: Failed to load resource META-INF/jarjar/metadata.json from mowzies_cataclysm-1.2.0.jar, it does not contain dependency information.
[27May2025 18:40:12.125] [main/DEBUG] [net.minecraftforge.fml.loading.moddiscovery.AbstractJarFileDependencyLocator/]: Failed to load resource META-INF/jarjar/metadata.json from jei-1.20.1-forge-15.12.2.51.jar, it does not contain dependency information.
[27May2025 18:40:12.125] [main/DEBUG] [net.minecraftforge.fml.loading.moddiscovery.AbstractJarFileDependencyLocator/]: Failed to load resource META-INF/jarjar/metadata.json from WeaponsOfMiracles-20.1.8.5.6.jar, it does not contain dependency information.
[27May2025 18:40:12.126] [main/DEBUG] [net.minecraftforge.fml.loading.moddiscovery.AbstractJarFileDependencyLocator/]: Failed to load resource META-INF/jarjar/metadata.json from Not Enough Recipe Book-FORGE-0.4.1+1.20.1.jar, it does not contain dependency information.
[27May2025 18:40:12.126] [main/DEBUG] [net.minecraftforge.fml.loading.moddiscovery.AbstractJarFileDependencyLocator/]: Failed to load resource META-INF/jarjar/metadata.json from caelus-forge-3.2.0+1.20.1.jar, it does not contain dependency information.
[27May2025 18:40:12.126] [main/DEBUG] [net.minecraftforge.fml.loading.moddiscovery.AbstractJarFileDependencyLocator/]: Failed to load resource META-INF/jarjar/metadata.json from Incendium_1.20.x_v5.3.5.jar, it does not contain dependency information.
[27May2025 18:40:12.126] [main/DEBUG] [net.minecraftforge.fml.loading.moddiscovery.AbstractJarFileDependencyLocator/]: Failed to load resource META-INF/jarjar/metadata.json from epicfight-forge-20.9.7-1.20.1.jar, it does not contain dependency information.
[27May2025 18:40:12.126] [main/DEBUG] [net.minecraftforge.fml.loading.moddiscovery.AbstractJarFileDependencyLocator/]: Failed to load resource META-INF/jarjar/metadata.json from journeymap-1.20.1-5.10.1-forge.jar, it does not contain dependency information.
[27May2025 18:40:12.126] [main/DEBUG] [net.minecraftforge.fml.loading.moddiscovery.AbstractJarFileDependencyLocator/]: Failed to load resource META-INF/jarjar/metadata.json from Placebo-1.20.1-8.6.3.jar, it does not contain dependency information.
[27May2025 18:40:12.126] [main/DEBUG] [net.minecraftforge.fml.loading.moddiscovery.AbstractJarFileDependencyLocator/]: Failed to load resource META-INF/jarjar/metadata.json from dungeons_and_combat-1.1.5-forge-1.20.1.jar, it does not contain dependency information.
[27May2025 18:40:12.126] [main/DEBUG] [net.minecraftforge.fml.loading.moddiscovery.AbstractJarFileDependencyLocator/]: Failed to load resource META-INF/jarjar/metadata.json from citadel-2.6.1-1.20.1.jar, it does not contain dependency information.
[27May2025 18:40:12.127] [main/DEBUG] [net.minecraftforge.fml.loading.moddiscovery.AbstractJarFileDependencyLocator/]: Failed to load resource META-INF/jarjar/metadata.json from travelersbackpack-forge-1.20.1-9.1.36.jar, it does not contain dependency information.
[27May2025 18:40:12.127] [main/DEBUG] [net.minecraftforge.fml.loading.moddiscovery.AbstractJarFileDependencyLocator/]: Failed to load resource META-INF/jarjar/metadata.json from relics-1.20.1-0.8.0.9.jar, it does not contain dependency information.
[27May2025 18:40:12.127] [main/DEBUG] [net.minecraftforge.fml.loading.moddiscovery.AbstractJarFileDependencyLocator/]: Failed to load resource META-INF/jarjar/metadata.json from Terralith_1.20.x_v2.5.4.jar, it does not contain dependency information.
[27May2025 18:40:12.127] [main/DEBUG] [net.minecraftforge.fml.loading.moddiscovery.AbstractJarFileDependencyLocator/]: Failed to load resource META-INF/jarjar/metadata.json from dynview-1.20.1-4.0.jar, it does not contain dependency information.
[27May2025 18:40:12.127] [main/DEBUG] [net.minecraftforge.fml.loading.moddiscovery.AbstractJarFileDependencyLocator/]: Failed to load resource META-INF/jarjar/metadata.json from memoryleakfix-forge-1.17+-1.1.5.jar, it does not contain dependency information.
[27May2025 18:40:12.127] [main/DEBUG] [net.minecraftforge.fml.loading.moddiscovery.AbstractJarFileDependencyLocator/]: Failed to load resource META-INF/jarjar/metadata.json from JustEnoughResources-1.20.1-1.4.0.247.jar, it does not contain dependency information.
[27May2025 18:40:12.127] [main/DEBUG] [net.minecraftforge.fml.loading.moddiscovery.AbstractJarFileDependencyLocator/]: Failed to load resource META-INF/jarjar/metadata.json from DungeonsAriseSevenSeas-1.20.x-1.0.2-forge.jar, it does not contain dependency information.
[27May2025 18:40:12.128] [main/DEBUG] [net.minecraftforge.fml.loading.moddiscovery.AbstractJarFileDependencyLocator/]: Failed to load resource META-INF/jarjar/metadata.json from forge-1.20.1-47.3.7-universal.jar, it does not contain dependency information.
[27May2025 18:40:12.128] [main/DEBUG] [net.minecraftforge.fml.loading.moddiscovery.AbstractJarFileDependencyLocator/]: Failed to load resource META-INF/jarjar/metadata.json from tl_skin_cape_forge_1.20_1.20.1-1.32.jar, it does not contain dependency information.
[27May2025 18:40:12.128] [main/DEBUG] [net.minecraftforge.fml.loading.moddiscovery.AbstractJarFileDependencyLocator/]: Failed to load resource META-INF/jarjar/metadata.json from DungeonsArise-1.20.x-2.1.58-release.jar, it does not contain dependency information.
[27May2025 18:40:12.128] [main/DEBUG] [net.minecraftforge.fml.loading.moddiscovery.AbstractJarFileDependencyLocator/]: Failed to load resource META-INF/jarjar/metadata.json from server-1.20.1-20230612.114412-srg.jar, it does not contain dependency information.
[27May2025 18:40:12.128] [main/DEBUG] [net.minecraftforge.fml.loading.moddiscovery.AbstractJarFileDependencyLocator/]: Failed to load resource META-INF/jarjar/metadata.json from alexscaves-2.0.2.jar, it does not contain dependency information.
[27May2025 18:40:12.128] [main/DEBUG] [net.minecraftforge.fml.loading.moddiscovery.AbstractJarFileDependencyLocator/]: Failed to load resource META-INF/jarjar/metadata.json from ESM-1.20.1-1.0.0.jar, it does not contain dependency information.
[27May2025 18:40:12.129] [main/DEBUG] [net.minecraftforge.fml.loading.moddiscovery.AbstractJarFileDependencyLocator/]: Failed to load resource META-INF/jarjar/metadata.json from mofus_broken_constellation-0.9.0-forge-1.20.1.jar, it does not contain dependency information.
[27May2025 18:40:12.129] [main/DEBUG] [net.minecraftforge.fml.loading.moddiscovery.AbstractJarFileDependencyLocator/]: Failed to load resource META-INF/jarjar/metadata.json from CreativeCore_FORGE_v2.12.32_mc1.20.1.jar, it does not contain dependency information.
[27May2025 18:40:12.129] [main/DEBUG] [net.minecraftforge.fml.loading.moddiscovery.AbstractJarFileDependencyLocator/]: Failed to load resource META-INF/jarjar/metadata.json from Chunky-1.3.146.jar, it does not contain dependency information.
[27May2025 18:40:12.129] [main/DEBUG] [net.minecraftforge.fml.loading.moddiscovery.AbstractJarFileDependencyLocator/]: Failed to load resource META-INF/jarjar/metadata.json from eeeabsmobs-1.20.1-0.97-Fix.jar, it does not contain dependency information.
[27May2025 18:40:12.129] [main/DEBUG] [net.minecraftforge.fml.loading.moddiscovery.AbstractJarFileDependencyLocator/]: Failed to load resource META-INF/jarjar/metadata.json from lionfishapi-2.4-Fix.jar, it does not contain dependency information.
[27May2025 18:40:12.129] [main/DEBUG] [net.minecraftforge.fml.loading.moddiscovery.AbstractJarFileDependencyLocator/]: Failed to load resource META-INF/jarjar/metadata.json from traveloptics-4.4.0-1.20.1.jar, it does not contain dependency information.
[27May2025 18:40:12.129] [main/DEBUG] [net.minecraftforge.fml.loading.moddiscovery.AbstractJarFileDependencyLocator/]: Failed to load resource META-INF/jarjar/metadata.json from L_Enders_Cataclysm 1.20.1-2.66.jar, it does not contain dependency information.
[27May2025 18:40:12.130] [main/DEBUG] [net.minecraftforge.fml.loading.moddiscovery.AbstractJarFileDependencyLocator/]: Failed to load resource META-INF/jarjar/metadata.json from curios-forge-5.14.1+1.20.1.jar, it does not contain dependency information.
[27May2025 18:40:12.130] [main/DEBUG] [net.minecraftforge.fml.loading.moddiscovery.AbstractJarFileDependencyLocator/]: Failed to load resource META-INF/jarjar/metadata.json from legendarymonsters-1.9.4 MC 1.20.1.jar, it does not contain dependency information.
[27May2025 18:40:12.130] [main/DEBUG] [net.minecraftforge.fml.loading.moddiscovery.AbstractJarFileDependencyLocator/]: Failed to load resource META-INF/jarjar/metadata.json from irons_spellbooks-1.20.1-3.4.0.9.jar, it does not contain dependency information.
[27May2025 18:40:12.130] [main/DEBUG] [net.minecraftforge.fml.loading.moddiscovery.AbstractJarFileDependencyLocator/]: Failed to load resource META-INF/jarjar/metadata.json from ApothicAttributes-1.20.1-1.3.7.jar, it does not contain dependency information.
[27May2025 18:40:12.130] [main/DEBUG] [net.minecraftforge.fml.loading.moddiscovery.AbstractJarFileDependencyLocator/]: Failed to load resource META-INF/jarjar/metadata.json from entityculling-forge-1.7.4-mc1.20.1.jar, it does not contain dependency information.
[27May2025 18:40:12.130] [main/DEBUG] [net.minecraftforge.fml.loading.moddiscovery.AbstractJarFileDependencyLocator/]: Failed to load resource META-INF/jarjar/metadata.json from canary-mc1.20.1-0.3.3.jar, it does not contain dependency information.
[27May2025 18:40:12.130] [main/DEBUG] [net.minecraftforge.fml.loading.moddiscovery.AbstractJarFileDependencyLocator/]: Failed to load resource META-INF/jarjar/metadata.json from tombstone-1.20.1-8.9.4.jar, it does not contain dependency information.
[27May2025 18:40:12.131] [main/DEBUG] [net.minecraftforge.fml.loading.moddiscovery.AbstractJarFileDependencyLocator/]: Failed to load resource META-INF/jarjar/metadata.json from architectury-9.2.14-forge.jar, it does not contain dependency information.
[27May2025 18:40:12.131] [main/DEBUG] [net.minecraftforge.fml.loading.moddiscovery.AbstractJarFileDependencyLocator/]: Failed to load resource META-INF/jarjar/metadata.json from ferritecore-6.0.1-forge (1).jar, it does not contain dependency information.
[27May2025 18:40:12.131] [main/DEBUG] [net.minecraftforge.fml.loading.moddiscovery.AbstractJarFileDependencyLocator/]: Failed to load resource META-INF/jarjar/metadata.json from AI-Improvements-1.20-0.5.2.jar, it does not contain dependency information.
[27May2025 18:40:12.131] [main/DEBUG] [net.minecraftforge.fml.loading.moddiscovery.AbstractJarFileDependencyLocator/]: Failed to load resource META-INF/jarjar/metadata.json from cupboard-1.20.1-2.7.jar, it does not contain dependency information.
[27May2025 18:40:12.131] [main/DEBUG] [net.minecraftforge.fml.loading.moddiscovery.AbstractJarFileDependencyLocator/]: Failed to load resource META-INF/jarjar/metadata.json from PlayerRevive_FORGE_v2.0.31_mc1.20.1.jar, it does not contain dependency information.
[27May2025 18:40:12.131] [main/DEBUG] [net.minecraftforge.fml.loading.moddiscovery.AbstractJarFileDependencyLocator/]: Failed to load resource META-INF/jarjar/metadata.json from EpicFight-Resurrection-forge1.20.1-0.1.28-hotFix1.jar, it does not contain dependency information.
[27May2025 18:40:12.131] [main/DEBUG] [net.minecraftforge.fml.loading.moddiscovery.AbstractJarFileDependencyLocator/]: Failed to load resource META-INF/jarjar/metadata.json from mclanguage-1.20.1-47.3.7.jar, it does not contain dependency information.
[27May2025 18:40:12.132] [main/DEBUG] [net.minecraftforge.fml.loading.moddiscovery.AbstractJarFileDependencyLocator/]: Failed to load resource META-INF/jarjar/metadata.json from javafmllanguage-1.20.1-47.3.7.jar, it does not contain dependency information.
[27May2025 18:40:12.132] [main/DEBUG] [net.minecraftforge.fml.loading.moddiscovery.AbstractJarFileDependencyLocator/]: Failed to load resource META-INF/jarjar/metadata.json from fmlcore-1.20.1-47.3.7.jar, it does not contain dependency information.
[27May2025 18:40:12.132] [main/DEBUG] [net.minecraftforge.fml.loading.moddiscovery.AbstractJarFileDependencyLocator/]: Failed to load resource META-INF/jarjar/metadata.json from lowcodelanguage-1.20.1-47.3.7.jar, it does not contain dependency information.
[27May2025 18:40:12.170] [main/DEBUG] [net.minecraftforge.fml.loading.moddiscovery.ModFileParser/LOADING]: Considering mod file candidate 
[27May2025 18:40:12.171] [main/DEBUG] [net.minecraftforge.fml.loading.moddiscovery.ModFileInfo/LOADING]: Found valid mod file mixinextras-forge-0.3.1.jar with {mixinextras} mods - versions {0.3.1}
[27May2025 18:40:12.192] [main/DEBUG] [net.minecraftforge.fml.loading.moddiscovery.ModFileParser/LOADING]: Considering mod file candidate 
[27May2025 18:40:12.192] [main/DEBUG] [net.minecraftforge.fml.loading.moddiscovery.ModFileInfo/LOADING]: Found valid mod file mixinextras-forge-0.4.1.jar with {mixinextras} mods - versions {0.4.1}
[27May2025 18:40:12.194] [main/DEBUG] [net.minecraftforge.fml.loading.moddiscovery.ModFileParser/LOADING]: Considering mod file candidate 
[27May2025 18:40:12.195] [main/DEBUG] [net.minecraftforge.fml.loading.moddiscovery.ModFileInfo/LOADING]: Found valid mod file mixinextras-forge-0.4.1.jar with {mixinextras} mods - versions {0.4.1}
[27May2025 18:40:12.198] [main/DEBUG] [net.minecraftforge.fml.loading.moddiscovery.ModFileParser/LOADING]: Considering mod file candidate 
[27May2025 18:40:12.198] [main/DEBUG] [net.minecraftforge.fml.loading.moddiscovery.ModFileInfo/LOADING]: Found valid mod file mixinextras-forge-0.3.5.jar with {mixinextras} mods - versions {0.3.5}
[27May2025 18:40:12.209] [main/DEBUG] [net.minecraftforge.fml.loading.moddiscovery.ModFileParser/LOADING]: Considering mod file candidate 
[27May2025 18:40:12.209] [main/DEBUG] [net.minecraftforge.fml.loading.moddiscovery.ModFileInfo/LOADING]: Found valid mod file mixinextras-forge-0.4.1.jar with {mixinextras} mods - versions {0.4.1}
[27May2025 18:40:12.214] [main/DEBUG] [net.minecraftforge.fml.loading.moddiscovery.AbstractJarFileDependencyLocator/]: Failed to load resource META-INF/jarjar/metadata.json from snakeyaml-2.2.jar, it does not contain dependency information.
[27May2025 18:40:12.214] [main/DEBUG] [net.minecraftforge.fml.loading.moddiscovery.AbstractJarFileDependencyLocator/]: Failed to load resource META-INF/jarjar/metadata.json from dazzleconf-core-1.3.0-M2.jar, it does not contain dependency information.
[27May2025 18:40:12.214] [main/DEBUG] [net.minecraftforge.fml.loading.moddiscovery.AbstractJarFileDependencyLocator/]: Failed to load resource META-INF/jarjar/metadata.json from dazzleconf-ext-snakeyaml-1.3.0-M2.jar, it does not contain dependency information.
[27May2025 18:40:12.214] [main/DEBUG] [net.minecraftforge.fml.loading.moddiscovery.AbstractJarFileDependencyLocator/]: Failed to load resource META-INF/jarjar/metadata.json from mclib-20.jar, it does not contain dependency information.
[27May2025 18:40:12.224] [main/DEBUG] [net.minecraftforge.fml.loading.moddiscovery.AbstractJarFileDependencyLocator/]: Failed to load resource META-INF/jarjar/metadata.json from NanoLiveConfig-1.2.1.jar, it does not contain dependency information.
[27May2025 18:40:12.228] [main/DEBUG] [net.minecraftforge.fml.loading.moddiscovery.AbstractJarFileDependencyLocator/]: Failed to load resource META-INF/jarjar/metadata.json from snakeyaml-2.2.jar, it does not contain dependency information.
[27May2025 18:40:12.233] [main/DEBUG] [net.minecraftforge.fml.loading.moddiscovery.AbstractJarFileDependencyLocator/]: Failed to load resource META-INF/jarjar/metadata.json from MixinExtras-0.3.1.jar, it does not contain dependency information.
[27May2025 18:40:12.233] [main/DEBUG] [net.minecraftforge.fml.loading.moddiscovery.AbstractJarFileDependencyLocator/]: Failed to load resource META-INF/jarjar/metadata.json from MixinExtras-0.4.1.jar, it does not contain dependency information.
[27May2025 18:40:12.233] [main/DEBUG] [net.minecraftforge.fml.loading.moddiscovery.AbstractJarFileDependencyLocator/]: Failed to load resource META-INF/jarjar/metadata.json from MixinExtras-0.4.1.jar, it does not contain dependency information.
[27May2025 18:40:12.233] [main/DEBUG] [net.minecraftforge.fml.loading.moddiscovery.AbstractJarFileDependencyLocator/]: Failed to load resource META-INF/jarjar/metadata.json from MixinExtras-0.3.5.jar, it does not contain dependency information.
[27May2025 18:40:12.233] [main/DEBUG] [net.minecraftforge.fml.loading.moddiscovery.AbstractJarFileDependencyLocator/]: Failed to load resource META-INF/jarjar/metadata.json from MixinExtras-0.4.1.jar, it does not contain dependency information.
[27May2025 18:40:12.262] [main/DEBUG] [net.minecraftforge.fml.loading.moddiscovery.ModFileParser/LOADING]: Considering mod file candidate 
[27May2025 18:40:12.262] [main/DEBUG] [net.minecraftforge.fml.loading.moddiscovery.ModFileInfo/LOADING]: Found valid mod file mixinextras-forge-0.4.1.jar with {mixinextras} mods - versions {0.4.1}
[27May2025 18:40:12.271] [main/INFO] [net.minecraftforge.fml.loading.moddiscovery.JarInJarDependencyLocator/]: Found 7 dependencies adding them to mods collection
[27May2025 18:40:12.272] [main/DEBUG] [net.minecraftforge.fml.loading.moddiscovery.ModFileParser/LOADING]: Considering mod file candidate /workspaces/Minecraft/servidor_minecraft/mods/mowziesmobs-1.7.2.jar
[27May2025 18:40:12.273] [main/DEBUG] [net.minecraftforge.fml.loading.moddiscovery.ModFileInfo/LOADING]: Found valid mod file mowziesmobs-1.7.2.jar with {mowziesmobs} mods - versions {1.7.2}
[27May2025 18:40:12.275] [main/DEBUG] [net.minecraftforge.fml.loading.moddiscovery.ModFile/LOADING]: Loading mod file /workspaces/Minecraft/servidor_minecraft/mods/mowziesmobs-1.7.2.jar with languages [LanguageSpec[languageName=javafml, acceptedVersions=[43,)]]
[27May2025 18:40:12.275] [main/DEBUG] [net.minecraftforge.fml.loading.moddiscovery.ModFileParser/LOADING]: Considering mod file candidate /workspaces/Minecraft/servidor_minecraft/mods/efiscompat-2.2.4.jar
[27May2025 18:40:12.276] [main/DEBUG] [net.minecraftforge.fml.loading.moddiscovery.ModFileInfo/LOADING]: Found valid mod file efiscompat-2.2.4.jar with {efiscompat} mods - versions {2.2.4}
[27May2025 18:40:12.276] [main/DEBUG] [net.minecraftforge.fml.loading.moddiscovery.ModFile/LOADING]: Loading mod file /workspaces/Minecraft/servidor_minecraft/mods/efiscompat-2.2.4.jar with languages [LanguageSpec[languageName=javafml, acceptedVersions=[47,)]]
[27May2025 18:40:12.276] [main/DEBUG] [net.minecraftforge.fml.loading.moddiscovery.ModFileParser/LOADING]: Considering mod file candidate /workspaces/Minecraft/servidor_minecraft/mods/Jadens-Nether-Expansion-2.3.2.jar
[27May2025 18:40:12.277] [main/DEBUG] [net.minecraftforge.fml.loading.moddiscovery.ModFileInfo/LOADING]: Found valid mod file Jadens-Nether-Expansion-2.3.2.jar with {netherexp} mods - versions {2.3.2}
[27May2025 18:40:12.277] [main/DEBUG] [net.minecraftforge.fml.loading.moddiscovery.ModFile/LOADING]: Loading mod file /workspaces/Minecraft/servidor_minecraft/mods/Jadens-Nether-Expansion-2.3.2.jar with languages [LanguageSpec[languageName=javafml, acceptedVersions=[47,)]]
[27May2025 18:40:12.277] [main/DEBUG] [net.minecraftforge.fml.loading.moddiscovery.ModFileParser/LOADING]: Considering mod file candidate /workspaces/Minecraft/servidor_minecraft/mods/geckolib-forge-1.20.1-4.7.1.2.jar
[27May2025 18:40:12.277] [main/DEBUG] [net.minecraftforge.fml.loading.moddiscovery.ModFileInfo/LOADING]: Found valid mod file geckolib-forge-1.20.1-4.7.1.2.jar with {geckolib} mods - versions {4.7.1.2}
[27May2025 18:40:12.277] [main/DEBUG] [net.minecraftforge.fml.loading.moddiscovery.ModFile/LOADING]: Loading mod file /workspaces/Minecraft/servidor_minecraft/mods/geckolib-forge-1.20.1-4.7.1.2.jar with languages [LanguageSpec[languageName=javafml, acceptedVersions=[47,)]]
[27May2025 18:40:12.278] [main/DEBUG] [net.minecraftforge.fml.loading.moddiscovery.ModFileParser/LOADING]: Considering mod file candidate /workspaces/Minecraft/servidor_minecraft/mods/ElysiumAPI-1.20.1-1.1.2.jar
[27May2025 18:40:12.278] [main/DEBUG] [net.minecraftforge.fml.loading.moddiscovery.ModFileInfo/LOADING]: Found valid mod file ElysiumAPI-1.20.1-1.1.2.jar with {elysium_api} mods - versions {1.1.2}
[27May2025 18:40:12.278] [main/DEBUG] [net.minecraftforge.fml.loading.moddiscovery.ModFile/LOADING]: Loading mod file /workspaces/Minecraft/servidor_minecraft/mods/ElysiumAPI-1.20.1-1.1.2.jar with languages [LanguageSpec[languageName=javafml, acceptedVersions=[47,)]]
[27May2025 18:40:12.278] [main/DEBUG] [net.minecraftforge.fml.loading.moddiscovery.ModFileParser/LOADING]: Considering mod file candidate /workspaces/Minecraft/servidor_minecraft/mods/OctoLib-FORGE-0.4.2+1.20.1.jar
[27May2025 18:40:12.279] [main/DEBUG] [net.minecraftforge.fml.loading.moddiscovery.ModFileInfo/LOADING]: Found valid mod file OctoLib-FORGE-0.4.2+1.20.1.jar with {octolib} mods - versions {0.4.2}
[27May2025 18:40:12.279] [main/DEBUG] [net.minecraftforge.fml.loading.moddiscovery.ModFile/LOADING]: Loading mod file /workspaces/Minecraft/servidor_minecraft/mods/OctoLib-FORGE-0.4.2+1.20.1.jar with languages [LanguageSpec[languageName=javafml, acceptedVersions=[47,)]]
[27May2025 18:40:12.279] [main/DEBUG] [net.minecraftforge.fml.loading.moddiscovery.ModFileParser/LOADING]: Considering mod file candidate /workspaces/Minecraft/servidor_minecraft/mods/player-animation-lib-forge-1.0.2-rc1+1.20.jar
[27May2025 18:40:12.280] [main/DEBUG] [net.minecraftforge.fml.loading.moddiscovery.ModFileInfo/LOADING]: Found valid mod file player-animation-lib-forge-1.0.2-rc1+1.20.jar with {playeranimator} mods - versions {1.0.2-rc1+1.20}
[27May2025 18:40:12.280] [main/DEBUG] [net.minecraftforge.fml.loading.moddiscovery.ModFile/LOADING]: Loading mod file /workspaces/Minecraft/servidor_minecraft/mods/player-animation-lib-forge-1.0.2-rc1+1.20.jar with languages [LanguageSpec[languageName=javafml, acceptedVersions=[46.0.0,)]]
[27May2025 18:40:12.280] [main/DEBUG] [net.minecraftforge.fml.loading.moddiscovery.ModFileParser/LOADING]: Considering mod file candidate /workspaces/Minecraft/servidor_minecraft/mods/mowzies_cataclysm-1.2.0.jar
[27May2025 18:40:12.280] [main/DEBUG] [net.minecraftforge.fml.loading.moddiscovery.ModFileInfo/LOADING]: Found valid mod file mowzies_cataclysm-1.2.0.jar with {mowzies_cataclysm} mods - versions {1.2.0}
[27May2025 18:40:12.281] [main/DEBUG] [net.minecraftforge.fml.loading.moddiscovery.ModFile/LOADING]: Loading mod file /workspaces/Minecraft/servidor_minecraft/mods/mowzies_cataclysm-1.2.0.jar with languages [LanguageSpec[languageName=javafml, acceptedVersions=[47,)]]
[27May2025 18:40:12.281] [main/DEBUG] [net.minecraftforge.fml.loading.moddiscovery.ModFileParser/LOADING]: Considering mod file candidate /workspaces/Minecraft/servidor_minecraft/mods/jei-1.20.1-forge-15.12.2.51.jar
[27May2025 18:40:12.281] [main/DEBUG] [net.minecraftforge.fml.loading.moddiscovery.ModFileInfo/LOADING]: Found valid mod file jei-1.20.1-forge-15.12.2.51.jar with {jei} mods - versions {15.12.2.51}
[27May2025 18:40:12.281] [main/DEBUG] [net.minecraftforge.fml.loading.moddiscovery.ModFile/LOADING]: Loading mod file /workspaces/Minecraft/servidor_minecraft/mods/jei-1.20.1-forge-15.12.2.51.jar with languages [LanguageSpec[languageName=javafml, acceptedVersions=[47,)]]
[27May2025 18:40:12.282] [main/DEBUG] [net.minecraftforge.fml.loading.moddiscovery.ModFileParser/LOADING]: Considering mod file candidate /workspaces/Minecraft/servidor_minecraft/mods/Not Enough Recipe Book-FORGE-0.4.1+1.20.1.jar
[27May2025 18:40:12.282] [main/DEBUG] [net.minecraftforge.fml.loading.moddiscovery.ModFileInfo/LOADING]: Found valid mod file Not Enough Recipe Book-FORGE-0.4.1+1.20.1.jar with {nerb} mods - versions {0.4.1}
[27May2025 18:40:12.282] [main/DEBUG] [net.minecraftforge.fml.loading.moddiscovery.ModFile/LOADING]: Loading mod file /workspaces/Minecraft/servidor_minecraft/mods/Not Enough Recipe Book-FORGE-0.4.1+1.20.1.jar with languages [LanguageSpec[languageName=javafml, acceptedVersions=[46,)]]
[27May2025 18:40:12.282] [main/DEBUG] [net.minecraftforge.fml.loading.moddiscovery.ModFileParser/LOADING]: Considering mod file candidate /workspaces/Minecraft/servidor_minecraft/mods/WeaponsOfMiracles-20.1.8.5.6.jar
[27May2025 18:40:12.283] [main/DEBUG] [net.minecraftforge.fml.loading.moddiscovery.ModFileInfo/LOADING]: Found valid mod file WeaponsOfMiracles-20.1.8.5.6.jar with {wom} mods - versions {20.1.8.5.6}
[27May2025 18:40:12.283] [main/DEBUG] [net.minecraftforge.fml.loading.moddiscovery.ModFile/LOADING]: Loading mod file /workspaces/Minecraft/servidor_minecraft/mods/WeaponsOfMiracles-20.1.8.5.6.jar with languages [LanguageSpec[languageName=javafml, acceptedVersions=[47,)]]
[27May2025 18:40:12.283] [main/DEBUG] [net.minecraftforge.fml.loading.moddiscovery.ModFileParser/LOADING]: Considering mod file candidate /workspaces/Minecraft/servidor_minecraft/mods/caelus-forge-3.2.0+1.20.1.jar
[27May2025 18:40:12.283] [main/DEBUG] [net.minecraftforge.fml.loading.moddiscovery.ModFileInfo/LOADING]: Found valid mod file caelus-forge-3.2.0+1.20.1.jar with {caelus} mods - versions {3.2.0+1.20.1}
[27May2025 18:40:12.284] [main/DEBUG] [net.minecraftforge.fml.loading.moddiscovery.ModFile/LOADING]: Loading mod file /workspaces/Minecraft/servidor_minecraft/mods/caelus-forge-3.2.0+1.20.1.jar with languages [LanguageSpec[languageName=javafml, acceptedVersions=[46,)]]
[27May2025 18:40:12.284] [main/DEBUG] [net.minecraftforge.fml.loading.moddiscovery.ModFileParser/LOADING]: Considering mod file candidate /workspaces/Minecraft/servidor_minecraft/mods/Incendium_1.20.x_v5.3.5.jar
[27May2025 18:40:12.284] [main/DEBUG] [net.minecraftforge.fml.loading.moddiscovery.ModFileInfo/LOADING]: Found valid mod file Incendium_1.20.x_v5.3.5.jar with {incendium} mods - versions {5.3.5}
[27May2025 18:40:12.284] [main/DEBUG] [net.minecraftforge.fml.loading.moddiscovery.ModFile/LOADING]: Loading mod file /workspaces/Minecraft/servidor_minecraft/mods/Incendium_1.20.x_v5.3.5.jar with languages [LanguageSpec[languageName=lowcodefml, acceptedVersions=[1,)]]
[27May2025 18:40:12.284] [main/DEBUG] [net.minecraftforge.fml.loading.moddiscovery.ModFileParser/LOADING]: Considering mod file candidate /workspaces/Minecraft/servidor_minecraft/mods/epicfight-forge-20.9.7-1.20.1.jar
[27May2025 18:40:12.285] [main/DEBUG] [net.minecraftforge.fml.loading.moddiscovery.ModFileInfo/LOADING]: Found valid mod file epicfight-forge-20.9.7-1.20.1.jar with {epicfight} mods - versions {20.9.7}
[27May2025 18:40:12.285] [main/DEBUG] [net.minecraftforge.fml.loading.moddiscovery.ModFile/LOADING]: Loading mod file /workspaces/Minecraft/servidor_minecraft/mods/epicfight-forge-20.9.7-1.20.1.jar with languages [LanguageSpec[languageName=javafml, acceptedVersions=[47,)]]
[27May2025 18:40:12.285] [main/DEBUG] [net.minecraftforge.fml.loading.moddiscovery.ModFileParser/LOADING]: Considering mod file candidate /workspaces/Minecraft/servidor_minecraft/mods/journeymap-1.20.1-5.10.1-forge.jar
[27May2025 18:40:12.285] [main/DEBUG] [net.minecraftforge.fml.loading.moddiscovery.ModFileInfo/LOADING]: Found valid mod file journeymap-1.20.1-5.10.1-forge.jar with {journeymap} mods - versions {5.10.1}
[27May2025 18:40:12.285] [main/DEBUG] [net.minecraftforge.fml.loading.moddiscovery.ModFile/LOADING]: Loading mod file /workspaces/Minecraft/servidor_minecraft/mods/journeymap-1.20.1-5.10.1-forge.jar with languages [LanguageSpec[languageName=javafml, acceptedVersions=[44,)]]
[27May2025 18:40:12.287] [main/DEBUG] [net.minecraftforge.fml.loading.moddiscovery.ModFileParser/LOADING]: Found coremod journeymap potion effect transformer with Javascript path potion-effects-shift.js
[27May2025 18:40:12.287] [main/DEBUG] [net.minecraftforge.fml.loading.moddiscovery.ModFile/LOADING]: Found coremod potion-effects-shift.js
[27May2025 18:40:12.287] [main/DEBUG] [net.minecraftforge.fml.loading.moddiscovery.ModFileParser/LOADING]: Considering mod file candidate /workspaces/Minecraft/servidor_minecraft/mods/citadel-2.6.1-1.20.1.jar
[27May2025 18:40:12.288] [main/DEBUG] [net.minecraftforge.fml.loading.moddiscovery.ModFileInfo/LOADING]: Found valid mod file citadel-2.6.1-1.20.1.jar with {citadel} mods - versions {2.6.1}
[27May2025 18:40:12.288] [main/DEBUG] [net.minecraftforge.fml.loading.moddiscovery.ModFile/LOADING]: Loading mod file /workspaces/Minecraft/servidor_minecraft/mods/citadel-2.6.1-1.20.1.jar with languages [LanguageSpec[languageName=javafml, acceptedVersions=[47,)]]
[27May2025 18:40:12.288] [main/DEBUG] [net.minecraftforge.fml.loading.moddiscovery.ModFileParser/LOADING]: Considering mod file candidate /workspaces/Minecraft/servidor_minecraft/mods/dungeons_and_combat-1.1.5-forge-1.20.1.jar
[27May2025 18:40:12.289] [main/DEBUG] [net.minecraftforge.fml.loading.moddiscovery.ModFileInfo/LOADING]: Found valid mod file dungeons_and_combat-1.1.5-forge-1.20.1.jar with {dungeons_and_combat} mods - versions {1.1.4}
[27May2025 18:40:12.289] [main/DEBUG] [net.minecraftforge.fml.loading.moddiscovery.ModFile/LOADING]: Loading mod file /workspaces/Minecraft/servidor_minecraft/mods/dungeons_and_combat-1.1.5-forge-1.20.1.jar with languages [LanguageSpec[languageName=javafml, acceptedVersions=[47,)]]
[27May2025 18:40:12.289] [main/DEBUG] [net.minecraftforge.fml.loading.moddiscovery.ModFileParser/LOADING]: Considering mod file candidate /workspaces/Minecraft/servidor_minecraft/mods/modernfix-forge-5.21.0+mc1.20.1 (1).jar
[27May2025 18:40:12.289] [main/DEBUG] [net.minecraftforge.fml.loading.moddiscovery.ModFileInfo/LOADING]: Found valid mod file modernfix-forge-5.21.0+mc1.20.1 (1).jar with {modernfix} mods - versions {5.21.0+mc1.20.1}
[27May2025 18:40:12.289] [main/DEBUG] [net.minecraftforge.fml.loading.moddiscovery.ModFile/LOADING]: Loading mod file /workspaces/Minecraft/servidor_minecraft/mods/modernfix-forge-5.21.0+mc1.20.1 (1).jar with languages [LanguageSpec[languageName=javafml, acceptedVersions=[46,)]]
[27May2025 18:40:12.290] [main/DEBUG] [net.minecraftforge.fml.loading.moddiscovery.ModFileParser/LOADING]: Considering mod file candidate /workspaces/Minecraft/servidor_minecraft/mods/Placebo-1.20.1-8.6.3.jar
[27May2025 18:40:12.290] [main/DEBUG] [net.minecraftforge.fml.loading.moddiscovery.ModFileInfo/LOADING]: Found valid mod file Placebo-1.20.1-8.6.3.jar with {placebo} mods - versions {8.6.3}
[27May2025 18:40:12.290] [main/DEBUG] [net.minecraftforge.fml.loading.moddiscovery.ModFile/LOADING]: Loading mod file /workspaces/Minecraft/servidor_minecraft/mods/Placebo-1.20.1-8.6.3.jar with languages [LanguageSpec[languageName=javafml, acceptedVersions=[32,)]]
[27May2025 18:40:12.290] [main/DEBUG] [net.minecraftforge.fml.loading.moddiscovery.ModFileParser/LOADING]: Found coremod placebo_get_ench_level_event with Javascript path coremods/get_ench_level_event.js
[27May2025 18:40:12.290] [main/DEBUG] [net.minecraftforge.fml.loading.moddiscovery.ModFileParser/LOADING]: Found coremod placebo_get_ench_level_event_specific with Javascript path coremods/get_ench_level_event_specific.js
[27May2025 18:40:12.291] [main/DEBUG] [net.minecraftforge.fml.loading.moddiscovery.ModFile/LOADING]: Found coremod coremods/get_ench_level_event.js
[27May2025 18:40:12.291] [main/DEBUG] [net.minecraftforge.fml.loading.moddiscovery.ModFile/LOADING]: Found coremod coremods/get_ench_level_event_specific.js
[27May2025 18:40:12.291] [main/DEBUG] [net.minecraftforge.fml.loading.moddiscovery.ModFileParser/LOADING]: Considering mod file candidate /workspaces/Minecraft/servidor_minecraft/mods/travelersbackpack-forge-1.20.1-9.1.36.jar
[27May2025 18:40:12.291] [main/DEBUG] [net.minecraftforge.fml.loading.moddiscovery.ModFileInfo/LOADING]: Found valid mod file travelersbackpack-forge-1.20.1-9.1.36.jar with {travelersbackpack} mods - versions {9.1.36}
[27May2025 18:40:12.291] [main/DEBUG] [net.minecraftforge.fml.loading.moddiscovery.ModFile/LOADING]: Loading mod file /workspaces/Minecraft/servidor_minecraft/mods/travelersbackpack-forge-1.20.1-9.1.36.jar with languages [LanguageSpec[languageName=javafml, acceptedVersions=[46,)]]
[27May2025 18:40:12.291] [main/DEBUG] [net.minecraftforge.fml.loading.moddiscovery.ModFileParser/LOADING]: Considering mod file candidate /workspaces/Minecraft/servidor_minecraft/mods/relics-1.20.1-0.8.0.9.jar
[27May2025 18:40:12.292] [main/DEBUG] [net.minecraftforge.fml.loading.moddiscovery.ModFileInfo/LOADING]: Found valid mod file relics-1.20.1-0.8.0.9.jar with {relics} mods - versions {0.8.0.9}
[27May2025 18:40:12.292] [main/DEBUG] [net.minecraftforge.fml.loading.moddiscovery.ModFile/LOADING]: Loading mod file /workspaces/Minecraft/servidor_minecraft/mods/relics-1.20.1-0.8.0.9.jar with languages [LanguageSpec[languageName=javafml, acceptedVersions=[47,)]]
[27May2025 18:40:12.292] [main/DEBUG] [net.minecraftforge.fml.loading.moddiscovery.ModFileParser/LOADING]: Considering mod file candidate /workspaces/Minecraft/servidor_minecraft/mods/dynview-1.20.1-4.0.jar
[27May2025 18:40:12.293] [main/DEBUG] [net.minecraftforge.fml.loading.moddiscovery.ModFileInfo/LOADING]: Found valid mod file dynview-1.20.1-4.0.jar with {dynview} mods - versions {2.3}
[27May2025 18:40:12.293] [main/DEBUG] [net.minecraftforge.fml.loading.moddiscovery.ModFile/LOADING]: Loading mod file /workspaces/Minecraft/servidor_minecraft/mods/dynview-1.20.1-4.0.jar with languages [LanguageSpec[languageName=javafml, acceptedVersions=[28,)]]
[27May2025 18:40:12.293] [main/DEBUG] [net.minecraftforge.fml.loading.moddiscovery.ModFileParser/LOADING]: Considering mod file candidate /workspaces/Minecraft/servidor_minecraft/mods/Terralith_1.20.x_v2.5.4.jar
[27May2025 18:40:12.293] [main/DEBUG] [net.minecraftforge.fml.loading.moddiscovery.ModFileInfo/LOADING]: Found valid mod file Terralith_1.20.x_v2.5.4.jar with {terralith} mods - versions {2.5.4}
[27May2025 18:40:12.293] [main/DEBUG] [net.minecraftforge.fml.loading.moddiscovery.ModFile/LOADING]: Loading mod file /workspaces/Minecraft/servidor_minecraft/mods/Terralith_1.20.x_v2.5.4.jar with languages [LanguageSpec[languageName=lowcodefml, acceptedVersions=[1,)]]
[27May2025 18:40:12.294] [main/DEBUG] [net.minecraftforge.fml.loading.moddiscovery.ModFileParser/LOADING]: Considering mod file candidate /workspaces/Minecraft/servidor_minecraft/mods/JustEnoughResources-1.20.1-1.4.0.247.jar
[27May2025 18:40:12.294] [main/DEBUG] [net.minecraftforge.fml.loading.moddiscovery.ModFileInfo/LOADING]: Found valid mod file JustEnoughResources-1.20.1-1.4.0.247.jar with {jeresources} mods - versions {1.4.0.247}
[27May2025 18:40:12.294] [main/DEBUG] [net.minecraftforge.fml.loading.moddiscovery.ModFile/LOADING]: Loading mod file /workspaces/Minecraft/servidor_minecraft/mods/JustEnoughResources-1.20.1-1.4.0.247.jar with languages [LanguageSpec[languageName=javafml, acceptedVersions=[47,)]]
[27May2025 18:40:12.294] [main/DEBUG] [net.minecraftforge.fml.loading.moddiscovery.ModFileParser/LOADING]: Considering mod file candidate /workspaces/Minecraft/servidor_minecraft/mods/memoryleakfix-forge-1.17+-1.1.5.jar
[27May2025 18:40:12.295] [main/DEBUG] [net.minecraftforge.fml.loading.moddiscovery.ModFileInfo/LOADING]: Found valid mod file memoryleakfix-forge-1.17+-1.1.5.jar with {memoryleakfix} mods - versions {1.1.5}
[27May2025 18:40:12.295] [main/DEBUG] [net.minecraftforge.fml.loading.moddiscovery.ModFile/LOADING]: Loading mod file /workspaces/Minecraft/servidor_minecraft/mods/memoryleakfix-forge-1.17+-1.1.5.jar with languages [LanguageSpec[languageName=javafml, acceptedVersions=*]]
[27May2025 18:40:12.295] [main/DEBUG] [net.minecraftforge.fml.loading.moddiscovery.ModFileParser/LOADING]: Considering mod file candidate /workspaces/Minecraft/servidor_minecraft/mods/DungeonsAriseSevenSeas-1.20.x-1.0.2-forge.jar
[27May2025 18:40:12.295] [main/DEBUG] [net.minecraftforge.fml.loading.moddiscovery.ModFileInfo/LOADING]: Found valid mod file DungeonsAriseSevenSeas-1.20.x-1.0.2-forge.jar with {dungeons_arise_seven_seas} mods - versions {1.0.2}
[27May2025 18:40:12.295] [main/DEBUG] [net.minecraftforge.fml.loading.moddiscovery.ModFile/LOADING]: Loading mod file /workspaces/Minecraft/servidor_minecraft/mods/DungeonsAriseSevenSeas-1.20.x-1.0.2-forge.jar with languages [LanguageSpec[languageName=javafml, acceptedVersions=[43,)]]
[27May2025 18:40:12.295] [main/DEBUG] [net.minecraftforge.fml.loading.moddiscovery.ModFileParser/LOADING]: Considering mod file candidate /workspaces/Minecraft/servidor_minecraft/libraries/net/minecraftforge/forge/1.20.1-47.3.7/forge-1.20.1-47.3.7-universal.jar
[27May2025 18:40:12.296] [main/DEBUG] [net.minecraftforge.fml.loading.moddiscovery.ModFileInfo/LOADING]: Found valid mod file forge-1.20.1-47.3.7-universal.jar with {forge} mods - versions {47.3.7}
[27May2025 18:40:12.296] [main/DEBUG] [net.minecraftforge.fml.loading.moddiscovery.ModFile/LOADING]: Loading mod file /workspaces/Minecraft/servidor_minecraft/libraries/net/minecraftforge/forge/1.20.1-47.3.7/forge-1.20.1-47.3.7-universal.jar with languages [LanguageSpec[languageName=javafml, acceptedVersions=[24,]]]
[27May2025 18:40:12.296] [main/DEBUG] [net.minecraftforge.fml.loading.moddiscovery.ModFileParser/LOADING]: Found coremod field_to_method with Javascript path coremods/field_to_method.js
[27May2025 18:40:12.296] [main/DEBUG] [net.minecraftforge.fml.loading.moddiscovery.ModFileParser/LOADING]: Found coremod field_to_instanceof with Javascript path coremods/field_to_instanceof.js
[27May2025 18:40:12.296] [main/DEBUG] [net.minecraftforge.fml.loading.moddiscovery.ModFileParser/LOADING]: Found coremod add_bouncer_method with Javascript path coremods/add_bouncer_method.js
[27May2025 18:40:12.297] [main/DEBUG] [net.minecraftforge.fml.loading.moddiscovery.ModFileParser/LOADING]: Found coremod method_redirector with Javascript path coremods/method_redirector.js
[27May2025 18:40:12.297] [main/DEBUG] [net.minecraftforge.fml.loading.moddiscovery.ModFile/LOADING]: Found coremod coremods/field_to_method.js
[27May2025 18:40:12.297] [main/DEBUG] [net.minecraftforge.fml.loading.moddiscovery.ModFile/LOADING]: Found coremod coremods/field_to_instanceof.js
[27May2025 18:40:12.297] [main/DEBUG] [net.minecraftforge.fml.loading.moddiscovery.ModFile/LOADING]: Found coremod coremods/add_bouncer_method.js
[27May2025 18:40:12.297] [main/DEBUG] [net.minecraftforge.fml.loading.moddiscovery.ModFile/LOADING]: Found coremod coremods/method_redirector.js
[27May2025 18:40:12.297] [main/DEBUG] [net.minecraftforge.fml.loading.moddiscovery.ModFileParser/LOADING]: Considering mod file candidate /workspaces/Minecraft/servidor_minecraft/mods/tl_skin_cape_forge_1.20_1.20.1-1.32.jar
[27May2025 18:40:12.297] [main/DEBUG] [net.minecraftforge.fml.loading.moddiscovery.ModFileInfo/LOADING]: Found valid mod file tl_skin_cape_forge_1.20_1.20.1-1.32.jar with {tlskincape} mods - versions {1.32}
[27May2025 18:40:12.297] [main/DEBUG] [net.minecraftforge.fml.loading.moddiscovery.ModFile/LOADING]: Loading mod file /workspaces/Minecraft/servidor_minecraft/mods/tl_skin_cape_forge_1.20_1.20.1-1.32.jar with languages [LanguageSpec[languageName=javafml, acceptedVersions=[25,)]]
[27May2025 18:40:12.298] [main/DEBUG] [net.minecraftforge.fml.loading.moddiscovery.ModFileParser/LOADING]: Considering mod file candidate /workspaces/Minecraft/servidor_minecraft/mods/embeddium-0.3.30+mc1.20.1.jar
[27May2025 18:40:12.298] [main/DEBUG] [net.minecraftforge.fml.loading.moddiscovery.ModFileInfo/LOADING]: Found valid mod file embeddium-0.3.30+mc1.20.1.jar with {embeddium,rubidium} mods - versions {0.3.30+mc1.20.1,0.7.1}
[27May2025 18:40:12.298] [main/DEBUG] [net.minecraftforge.fml.loading.moddiscovery.ModFile/LOADING]: Loading mod file /workspaces/Minecraft/servidor_minecraft/mods/embeddium-0.3.30+mc1.20.1.jar with languages [LanguageSpec[languageName=javafml, acceptedVersions=[47,)]]
[27May2025 18:40:12.298] [main/DEBUG] [net.minecraftforge.fml.loading.moddiscovery.ModFileParser/LOADING]: Considering mod file candidate /workspaces/Minecraft/servidor_minecraft/mods/DungeonsArise-1.20.x-2.1.58-release.jar
[27May2025 18:40:12.299] [main/DEBUG] [net.minecraftforge.fml.loading.moddiscovery.ModFileInfo/LOADING]: Found valid mod file DungeonsArise-1.20.x-2.1.58-release.jar with {dungeons_arise} mods - versions {2.1.58-1.20.x}
[27May2025 18:40:12.299] [main/DEBUG] [net.minecraftforge.fml.loading.moddiscovery.ModFile/LOADING]: Loading mod file /workspaces/Minecraft/servidor_minecraft/mods/DungeonsArise-1.20.x-2.1.58-release.jar with languages [LanguageSpec[languageName=javafml, acceptedVersions=[41,)]]
[27May2025 18:40:12.299] [main/DEBUG] [net.minecraftforge.fml.loading.moddiscovery.ModFileInfo/LOADING]: Found valid mod file server-1.20.1-20230612.114412-srg.jar with {minecraft} mods - versions {1.20.1}
[27May2025 18:40:12.299] [main/DEBUG] [net.minecraftforge.fml.loading.moddiscovery.ModFile/LOADING]: Loading mod file /workspaces/Minecraft/servidor_minecraft/libraries/net/minecraft/server/1.20.1-20230612.114412/server-1.20.1-20230612.114412-srg.jar with languages [LanguageSpec[languageName=minecraft, acceptedVersions=1]]
[27May2025 18:40:12.300] [main/DEBUG] [net.minecraftforge.fml.loading.moddiscovery.ModFileParser/LOADING]: Considering mod file candidate /workspaces/Minecraft/servidor_minecraft/mods/alexscaves-2.0.2.jar
[27May2025 18:40:12.300] [main/DEBUG] [net.minecraftforge.fml.loading.moddiscovery.ModFileInfo/LOADING]: Found valid mod file alexscaves-2.0.2.jar with {alexscaves} mods - versions {2.0.2}
[27May2025 18:40:12.300] [main/DEBUG] [net.minecraftforge.fml.loading.moddiscovery.ModFile/LOADING]: Loading mod file /workspaces/Minecraft/servidor_minecraft/mods/alexscaves-2.0.2.jar with languages [LanguageSpec[languageName=javafml, acceptedVersions=[46,)]]
[27May2025 18:40:12.300] [main/DEBUG] [net.minecraftforge.fml.loading.moddiscovery.ModFileParser/LOADING]: Considering mod file candidate /workspaces/Minecraft/servidor_minecraft/mods/ESM-1.20.1-1.0.0.jar
[27May2025 18:40:12.301] [main/DEBUG] [net.minecraftforge.fml.loading.moddiscovery.ModFileInfo/LOADING]: Found valid mod file ESM-1.20.1-1.0.0.jar with {nightmareesm} mods - versions {1.0.0}
[27May2025 18:40:12.301] [main/DEBUG] [net.minecraftforge.fml.loading.moddiscovery.ModFile/LOADING]: Loading mod file /workspaces/Minecraft/servidor_minecraft/mods/ESM-1.20.1-1.0.0.jar with languages [LanguageSpec[languageName=javafml, acceptedVersions=[47,)]]
[27May2025 18:40:12.301] [main/DEBUG] [net.minecraftforge.fml.loading.moddiscovery.ModFileParser/LOADING]: Considering mod file candidate /workspaces/Minecraft/servidor_minecraft/mods/mofus_broken_constellation-0.9.0-forge-1.20.1.jar
[27May2025 18:40:12.301] [main/DEBUG] [net.minecraftforge.fml.loading.moddiscovery.ModFileInfo/LOADING]: Found valid mod file mofus_broken_constellation-0.9.0-forge-1.20.1.jar with {mofus_better_end_} mods - versions {1.0.0}
[27May2025 18:40:12.302] [main/DEBUG] [net.minecraftforge.fml.loading.moddiscovery.ModFile/LOADING]: Loading mod file /workspaces/Minecraft/servidor_minecraft/mods/mofus_broken_constellation-0.9.0-forge-1.20.1.jar with languages [LanguageSpec[languageName=javafml, acceptedVersions=[47,)]]
[27May2025 18:40:12.302] [main/DEBUG] [net.minecraftforge.fml.loading.moddiscovery.ModFileParser/LOADING]: Considering mod file candidate /workspaces/Minecraft/servidor_minecraft/mods/Chunky-1.3.146.jar
[27May2025 18:40:12.302] [main/DEBUG] [net.minecraftforge.fml.loading.moddiscovery.ModFileInfo/LOADING]: Found valid mod file Chunky-1.3.146.jar with {chunky} mods - versions {1.3.146}
[27May2025 18:40:12.302] [main/DEBUG] [net.minecraftforge.fml.loading.moddiscovery.ModFile/LOADING]: Loading mod file /workspaces/Minecraft/servidor_minecraft/mods/Chunky-1.3.146.jar with languages [LanguageSpec[languageName=javafml, acceptedVersions=[38,)]]
[27May2025 18:40:12.302] [main/DEBUG] [net.minecraftforge.fml.loading.moddiscovery.ModFileParser/LOADING]: Considering mod file candidate /workspaces/Minecraft/servidor_minecraft/mods/CreativeCore_FORGE_v2.12.32_mc1.20.1.jar
[27May2025 18:40:12.303] [main/DEBUG] [net.minecraftforge.fml.loading.moddiscovery.ModFileInfo/LOADING]: Found valid mod file CreativeCore_FORGE_v2.12.32_mc1.20.1.jar with {creativecore} mods - versions {2.12.32}
[27May2025 18:40:12.303] [main/DEBUG] [net.minecraftforge.fml.loading.moddiscovery.ModFile/LOADING]: Loading mod file /workspaces/Minecraft/servidor_minecraft/mods/CreativeCore_FORGE_v2.12.32_mc1.20.1.jar with languages [LanguageSpec[languageName=javafml, acceptedVersions=[46,)]]
[27May2025 18:40:12.303] [main/DEBUG] [net.minecraftforge.fml.loading.moddiscovery.ModFileParser/LOADING]: Considering mod file candidate /workspaces/Minecraft/servidor_minecraft/mods/eeeabsmobs-1.20.1-0.97-Fix.jar
[27May2025 18:40:12.303] [main/DEBUG] [net.minecraftforge.fml.loading.moddiscovery.ModFileInfo/LOADING]: Found valid mod file eeeabsmobs-1.20.1-0.97-Fix.jar with {eeeabsmobs} mods - versions {1.20.1-0.97}
[27May2025 18:40:12.303] [main/DEBUG] [net.minecraftforge.fml.loading.moddiscovery.ModFile/LOADING]: Loading mod file /workspaces/Minecraft/servidor_minecraft/mods/eeeabsmobs-1.20.1-0.97-Fix.jar with languages [LanguageSpec[languageName=javafml, acceptedVersions=[47,)]]
[27May2025 18:40:12.304] [main/DEBUG] [net.minecraftforge.fml.loading.moddiscovery.ModFileParser/LOADING]: Considering mod file candidate /workspaces/Minecraft/servidor_minecraft/mods/lionfishapi-2.4-Fix.jar
[27May2025 18:40:12.304] [main/DEBUG] [net.minecraftforge.fml.loading.moddiscovery.ModFileInfo/LOADING]: Found valid mod file lionfishapi-2.4-Fix.jar with {lionfishapi} mods - versions {2.4-Fix}
[27May2025 18:40:12.304] [main/DEBUG] [net.minecraftforge.fml.loading.moddiscovery.ModFile/LOADING]: Loading mod file /workspaces/Minecraft/servidor_minecraft/mods/lionfishapi-2.4-Fix.jar with languages [LanguageSpec[languageName=javafml, acceptedVersions=[47,)]]
[27May2025 18:40:12.304] [main/DEBUG] [net.minecraftforge.fml.loading.moddiscovery.ModFileParser/LOADING]: Considering mod file candidate /workspaces/Minecraft/servidor_minecraft/mods/servercore-forge-1.5.2+1.20.1.jar
[27May2025 18:40:12.304] [main/DEBUG] [net.minecraftforge.fml.loading.moddiscovery.ModFileInfo/LOADING]: Found valid mod file servercore-forge-1.5.2+1.20.1.jar with {servercore} mods - versions {1.5.2+1.20.1}
[27May2025 18:40:12.305] [main/DEBUG] [net.minecraftforge.fml.loading.moddiscovery.ModFile/LOADING]: Loading mod file /workspaces/Minecraft/servidor_minecraft/mods/servercore-forge-1.5.2+1.20.1.jar with languages [LanguageSpec[languageName=javafml, acceptedVersions=[46,)]]
[27May2025 18:40:12.305] [main/DEBUG] [net.minecraftforge.fml.loading.moddiscovery.ModFileParser/LOADING]: Considering mod file candidate /workspaces/Minecraft/servidor_minecraft/mods/traveloptics-4.4.0-1.20.1.jar
[27May2025 18:40:12.305] [main/DEBUG] [net.minecraftforge.fml.loading.moddiscovery.ModFileInfo/LOADING]: Found valid mod file traveloptics-4.4.0-1.20.1.jar with {traveloptics} mods - versions {4.4.0-1.20.1}
[27May2025 18:40:12.305] [main/DEBUG] [net.minecraftforge.fml.loading.moddiscovery.ModFile/LOADING]: Loading mod file /workspaces/Minecraft/servidor_minecraft/mods/traveloptics-4.4.0-1.20.1.jar with languages [LanguageSpec[languageName=javafml, acceptedVersions=[47,)]]
[27May2025 18:40:12.305] [main/DEBUG] [net.minecraftforge.fml.loading.moddiscovery.ModFileParser/LOADING]: Considering mod file candidate /workspaces/Minecraft/servidor_minecraft/mods/curios-forge-5.14.1+1.20.1.jar
[27May2025 18:40:12.306] [main/DEBUG] [net.minecraftforge.fml.loading.moddiscovery.ModFileInfo/LOADING]: Found valid mod file curios-forge-5.14.1+1.20.1.jar with {curios} mods - versions {5.14.1+1.20.1}
[27May2025 18:40:12.306] [main/DEBUG] [net.minecraftforge.fml.loading.moddiscovery.ModFile/LOADING]: Loading mod file /workspaces/Minecraft/servidor_minecraft/mods/curios-forge-5.14.1+1.20.1.jar with languages [LanguageSpec[languageName=javafml, acceptedVersions=[41,)]]
[27May2025 18:40:12.306] [main/DEBUG] [net.minecraftforge.fml.loading.moddiscovery.ModFileParser/LOADING]: Considering mod file candidate /workspaces/Minecraft/servidor_minecraft/mods/L_Enders_Cataclysm 1.20.1-2.66.jar
[27May2025 18:40:12.307] [main/DEBUG] [net.minecraftforge.fml.loading.moddiscovery.ModFileInfo/LOADING]: Found valid mod file L_Enders_Cataclysm 1.20.1-2.66.jar with {cataclysm} mods - versions {2.65}
[27May2025 18:40:12.307] [main/DEBUG] [net.minecraftforge.fml.loading.moddiscovery.ModFile/LOADING]: Loading mod file /workspaces/Minecraft/servidor_minecraft/mods/L_Enders_Cataclysm 1.20.1-2.66.jar with languages [LanguageSpec[languageName=javafml, acceptedVersions=[47,)]]
[27May2025 18:40:12.307] [main/DEBUG] [net.minecraftforge.fml.loading.moddiscovery.ModFileParser/LOADING]: Considering mod file candidate /workspaces/Minecraft/servidor_minecraft/mods/legendarymonsters-1.9.4 MC 1.20.1.jar
[27May2025 18:40:12.308] [main/DEBUG] [net.minecraftforge.fml.loading.moddiscovery.ModFileInfo/LOADING]: Found valid mod file legendarymonsters-1.9.4 MC 1.20.1.jar with {legendary_monsters} mods - versions {1.20.1}
[27May2025 18:40:12.308] [main/DEBUG] [net.minecraftforge.fml.loading.moddiscovery.ModFile/LOADING]: Loading mod file /workspaces/Minecraft/servidor_minecraft/mods/legendarymonsters-1.9.4 MC 1.20.1.jar with languages [LanguageSpec[languageName=javafml, acceptedVersions=[47,)]]
[27May2025 18:40:12.308] [main/DEBUG] [net.minecraftforge.fml.loading.moddiscovery.ModFileParser/LOADING]: Considering mod file candidate /workspaces/Minecraft/servidor_minecraft/mods/ApothicAttributes-1.20.1-1.3.7.jar
[27May2025 18:40:12.308] [main/DEBUG] [net.minecraftforge.fml.loading.moddiscovery.ModFileInfo/LOADING]: Found valid mod file ApothicAttributes-1.20.1-1.3.7.jar with {attributeslib} mods - versions {1.3.7}
[27May2025 18:40:12.308] [main/DEBUG] [net.minecraftforge.fml.loading.moddiscovery.ModFile/LOADING]: Loading mod file /workspaces/Minecraft/servidor_minecraft/mods/ApothicAttributes-1.20.1-1.3.7.jar with languages [LanguageSpec[languageName=javafml, acceptedVersions=[32,)]]
[27May2025 18:40:12.309] [main/DEBUG] [net.minecraftforge.fml.loading.moddiscovery.ModFileParser/LOADING]: Found coremod attributeslib_potion_gui_tooltips with Javascript path coremods/potion_gui_tooltips.js
[27May2025 18:40:12.309] [main/DEBUG] [net.minecraftforge.fml.loading.moddiscovery.ModFile/LOADING]: Found coremod coremods/potion_gui_tooltips.js
[27May2025 18:40:12.309] [main/DEBUG] [net.minecraftforge.fml.loading.moddiscovery.ModFileParser/LOADING]: Considering mod file candidate /workspaces/Minecraft/servidor_minecraft/mods/irons_spellbooks-1.20.1-3.4.0.9.jar
[27May2025 18:40:12.310] [main/DEBUG] [net.minecraftforge.fml.loading.moddiscovery.ModFileInfo/LOADING]: Found valid mod file irons_spellbooks-1.20.1-3.4.0.9.jar with {irons_spellbooks} mods - versions {1.20.1-3.4.0.9}
[27May2025 18:40:12.310] [main/DEBUG] [net.minecraftforge.fml.loading.moddiscovery.ModFile/LOADING]: Loading mod file /workspaces/Minecraft/servidor_minecraft/mods/irons_spellbooks-1.20.1-3.4.0.9.jar with languages [LanguageSpec[languageName=javafml, acceptedVersions=[47,)]]
[27May2025 18:40:12.310] [main/DEBUG] [net.minecraftforge.fml.loading.moddiscovery.ModFileParser/LOADING]: Considering mod file candidate /workspaces/Minecraft/servidor_minecraft/mods/entityculling-forge-1.7.4-mc1.20.1.jar
[27May2025 18:40:12.310] [main/DEBUG] [net.minecraftforge.fml.loading.moddiscovery.ModFileInfo/LOADING]: Found valid mod file entityculling-forge-1.7.4-mc1.20.1.jar with {entityculling} mods - versions {1.7.4}
[27May2025 18:40:12.310] [main/DEBUG] [net.minecraftforge.fml.loading.moddiscovery.ModFile/LOADING]: Loading mod file /workspaces/Minecraft/servidor_minecraft/mods/entityculling-forge-1.7.4-mc1.20.1.jar with languages [LanguageSpec[languageName=javafml, acceptedVersions=[28,)]]
[27May2025 18:40:12.310] [main/DEBUG] [net.minecraftforge.fml.loading.moddiscovery.ModFileParser/LOADING]: Considering mod file candidate /workspaces/Minecraft/servidor_minecraft/mods/canary-mc1.20.1-0.3.3.jar
[27May2025 18:40:12.311] [main/DEBUG] [net.minecraftforge.fml.loading.moddiscovery.ModFileInfo/LOADING]: Found valid mod file canary-mc1.20.1-0.3.3.jar with {canary} mods - versions {0.3.3}
[27May2025 18:40:12.311] [main/DEBUG] [net.minecraftforge.fml.loading.moddiscovery.ModFile/LOADING]: Loading mod file /workspaces/Minecraft/servidor_minecraft/mods/canary-mc1.20.1-0.3.3.jar with languages [LanguageSpec[languageName=javafml, acceptedVersions=[47,)]]
[27May2025 18:40:12.311] [main/DEBUG] [net.minecraftforge.fml.loading.moddiscovery.ModFileParser/LOADING]: Considering mod file candidate /workspaces/Minecraft/servidor_minecraft/mods/tombstone-1.20.1-8.9.4.jar
[27May2025 18:40:12.311] [main/DEBUG] [net.minecraftforge.fml.loading.moddiscovery.ModFileInfo/LOADING]: Found valid mod file tombstone-1.20.1-8.9.4.jar with {tombstone} mods - versions {8.9.4}
[27May2025 18:40:12.312] [main/DEBUG] [net.minecraftforge.fml.loading.moddiscovery.ModFile/LOADING]: Loading mod file /workspaces/Minecraft/servidor_minecraft/mods/tombstone-1.20.1-8.9.4.jar with languages [LanguageSpec[languageName=javafml, acceptedVersions=[46,)]]
[27May2025 18:40:12.312] [main/DEBUG] [net.minecraftforge.fml.loading.moddiscovery.ModFileParser/LOADING]: Considering mod file candidate /workspaces/Minecraft/servidor_minecraft/mods/architectury-9.2.14-forge.jar
[27May2025 18:40:12.312] [main/DEBUG] [net.minecraftforge.fml.loading.moddiscovery.ModFileInfo/LOADING]: Found valid mod file architectury-9.2.14-forge.jar with {architectury} mods - versions {9.2.14}
[27May2025 18:40:12.312] [main/DEBUG] [net.minecraftforge.fml.loading.moddiscovery.ModFile/LOADING]: Loading mod file /workspaces/Minecraft/servidor_minecraft/mods/architectury-9.2.14-forge.jar with languages [LanguageSpec[languageName=javafml, acceptedVersions=[46,)]]
[27May2025 18:40:12.312] [main/DEBUG] [net.minecraftforge.fml.loading.moddiscovery.ModFileParser/LOADING]: Considering mod file candidate /workspaces/Minecraft/servidor_minecraft/mods/AI-Improvements-1.20-0.5.2.jar
[27May2025 18:40:12.313] [main/DEBUG] [net.minecraftforge.fml.loading.moddiscovery.ModFileInfo/LOADING]: Found valid mod file AI-Improvements-1.20-0.5.2.jar with {aiimprovements} mods - versions {0.5.2}
[27May2025 18:40:12.313] [main/DEBUG] [net.minecraftforge.fml.loading.moddiscovery.ModFile/LOADING]: Loading mod file /workspaces/Minecraft/servidor_minecraft/mods/AI-Improvements-1.20-0.5.2.jar with languages [LanguageSpec[languageName=javafml, acceptedVersions=[46,)]]
[27May2025 18:40:12.313] [main/DEBUG] [net.minecraftforge.fml.loading.moddiscovery.ModFileParser/LOADING]: Considering mod file candidate /workspaces/Minecraft/servidor_minecraft/mods/ferritecore-6.0.1-forge (1).jar
[27May2025 18:40:12.314] [main/DEBUG] [net.minecraftforge.fml.loading.moddiscovery.ModFileInfo/LOADING]: Found valid mod file ferritecore-6.0.1-forge (1).jar with {ferritecore} mods - versions {6.0.1}
[27May2025 18:40:12.314] [main/DEBUG] [net.minecraftforge.fml.loading.moddiscovery.ModFile/LOADING]: Loading mod file /workspaces/Minecraft/servidor_minecraft/mods/ferritecore-6.0.1-forge (1).jar with languages [LanguageSpec[languageName=javafml, acceptedVersions=[28,)]]
[27May2025 18:40:12.314] [main/DEBUG] [net.minecraftforge.fml.loading.moddiscovery.ModFileParser/LOADING]: Considering mod file candidate /workspaces/Minecraft/servidor_minecraft/mods/cupboard-1.20.1-2.7.jar
[27May2025 18:40:12.314] [main/DEBUG] [net.minecraftforge.fml.loading.moddiscovery.ModFileInfo/LOADING]: Found valid mod file cupboard-1.20.1-2.7.jar with {cupboard} mods - versions {1.20.1-2.7}
[27May2025 18:40:12.314] [main/DEBUG] [net.minecraftforge.fml.loading.moddiscovery.ModFile/LOADING]: Loading mod file /workspaces/Minecraft/servidor_minecraft/mods/cupboard-1.20.1-2.7.jar with languages [LanguageSpec[languageName=javafml, acceptedVersions=[36,)]]
[27May2025 18:40:12.315] [main/DEBUG] [net.minecraftforge.fml.loading.moddiscovery.ModFileParser/LOADING]: Considering mod file candidate /workspaces/Minecraft/servidor_minecraft/mods/rubidium-extra-0.5.4.4+mc1.20.1-build.131.jar
[27May2025 18:40:12.315] [main/DEBUG] [net.minecraftforge.fml.loading.moddiscovery.ModFileInfo/LOADING]: Found valid mod file rubidium-extra-0.5.4.4+mc1.20.1-build.131.jar with {embeddium_extra} mods - versions {0.5.4.4+mc1.20.1-build.131}
[27May2025 18:40:12.315] [main/DEBUG] [net.minecraftforge.fml.loading.moddiscovery.ModFile/LOADING]: Loading mod file /workspaces/Minecraft/servidor_minecraft/mods/rubidium-extra-0.5.4.4+mc1.20.1-build.131.jar with languages [LanguageSpec[languageName=javafml, acceptedVersions=*]]
[27May2025 18:40:12.315] [main/DEBUG] [net.minecraftforge.fml.loading.moddiscovery.ModFileParser/LOADING]: Considering mod file candidate /workspaces/Minecraft/servidor_minecraft/mods/PlayerRevive_FORGE_v2.0.31_mc1.20.1.jar
[27May2025 18:40:12.316] [main/DEBUG] [net.minecraftforge.fml.loading.moddiscovery.ModFileInfo/LOADING]: Found valid mod file PlayerRevive_FORGE_v2.0.31_mc1.20.1.jar with {playerrevive} mods - versions {2.0.31}
[27May2025 18:40:12.316] [main/DEBUG] [net.minecraftforge.fml.loading.moddiscovery.ModFile/LOADING]: Loading mod file /workspaces/Minecraft/servidor_minecraft/mods/PlayerRevive_FORGE_v2.0.31_mc1.20.1.jar with languages [LanguageSpec[languageName=javafml, acceptedVersions=[46,)]]
[27May2025 18:40:12.316] [main/DEBUG] [net.minecraftforge.fml.loading.moddiscovery.ModFileParser/LOADING]: Considering mod file candidate /workspaces/Minecraft/servidor_minecraft/mods/EpicFight-Resurrection-forge1.20.1-0.1.28-hotFix1.jar
[27May2025 18:40:12.316] [main/DEBUG] [net.minecraftforge.fml.loading.moddiscovery.ModFileInfo/LOADING]: Found valid mod file EpicFight-Resurrection-forge1.20.1-0.1.28-hotFix1.jar with {cdmoveset} mods - versions {1.28}
[27May2025 18:40:12.316] [main/DEBUG] [net.minecraftforge.fml.loading.moddiscovery.ModFile/LOADING]: Loading mod file /workspaces/Minecraft/servidor_minecraft/mods/EpicFight-Resurrection-forge1.20.1-0.1.28-hotFix1.jar with languages [LanguageSpec[languageName=javafml, acceptedVersions=[47,)]]
[27May2025 18:40:12.316] [main/DEBUG] [net.minecraftforge.fml.loading.moddiscovery.ModFile/LOADING]: Loading mod file  with languages []
[27May2025 18:40:12.317] [main/DEBUG] [net.minecraftforge.fml.loading.moddiscovery.ModFile/LOADING]: Loading mod file  with languages []
[27May2025 18:40:12.317] [main/DEBUG] [net.minecraftforge.fml.loading.moddiscovery.ModFileParser/LOADING]: Considering mod file candidate 
[27May2025 18:40:12.317] [main/DEBUG] [net.minecraftforge.fml.loading.moddiscovery.ModFileInfo/LOADING]: Found valid mod file mixinextras-forge-0.4.1.jar with {mixinextras} mods - versions {0.4.1}
[27May2025 18:40:12.317] [main/DEBUG] [net.minecraftforge.fml.loading.moddiscovery.ModFile/LOADING]: Loading mod file  with languages [LanguageSpec[languageName=javafml, acceptedVersions=*]]
[27May2025 18:40:12.317] [main/DEBUG] [net.minecraftforge.fml.loading.moddiscovery.ModFile/LOADING]: Loading mod file  with languages []
[27May2025 18:40:12.317] [main/DEBUG] [net.minecraftforge.fml.loading.moddiscovery.ModFile/LOADING]: Loading mod file  with languages []
[27May2025 18:40:12.318] [main/DEBUG] [net.minecraftforge.fml.loading.moddiscovery.ModFile/LOADING]: Loading mod file  with languages []
[27May2025 18:40:12.318] [main/DEBUG] [net.minecraftforge.fml.loading.moddiscovery.ModFile/LOADING]: Loading mod file  with languages []
[27May2025 18:40:12.318] [main/DEBUG] [net.minecraftforge.fml.loading.moddiscovery.ModFile/LOADING]: Loading mod file  with languages []
[27May2025 18:40:12.318] [main/DEBUG] [net.minecraftforge.fml.loading.moddiscovery.ModFile/LOADING]: Loading mod file  with languages []
[27May2025 18:40:12.318] [main/DEBUG] [net.minecraftforge.fml.loading.moddiscovery.ModFileParser/LOADING]: Considering mod file candidate 
[27May2025 18:40:12.318] [main/DEBUG] [net.minecraftforge.fml.loading.moddiscovery.ModFileInfo/LOADING]: Found valid mod file mixinextras-forge-0.4.1.jar with {mixinextras} mods - versions {0.4.1}
[27May2025 18:40:12.318] [main/DEBUG] [net.minecraftforge.fml.loading.moddiscovery.ModFile/LOADING]: Loading mod file  with languages [LanguageSpec[languageName=javafml, acceptedVersions=*]]
[27May2025 18:40:12.319] [main/DEBUG] [net.minecraftforge.fml.loading.moddiscovery.ModFile/LOADING]: Loading mod file  with languages []
[27May2025 18:40:12.319] [main/DEBUG] [net.minecraftforge.fml.loading.moddiscovery.ModFile/LOADING]: Loading mod file  with languages []
[27May2025 18:40:12.319] [main/DEBUG] [net.minecraftforge.fml.loading.moddiscovery.ModFile/LOADING]: Loading mod file  with languages []
[27May2025 18:40:12.319] [main/DEBUG] [net.minecraftforge.fml.loading.moddiscovery.ModFile/LOADING]: Loading mod file  with languages []
[27May2025 18:40:12.320] [main/DEBUG] [cpw.mods.modlauncher.TransformationServiceDecorator/MODLAUNCHER]: End scan trigger - transformation service fml
[27May2025 18:40:12.327] [main/DEBUG] [net.minecraftforge.fml.loading.LanguageLoadingProvider/CORE]: Found 3 language providers
[27May2025 18:40:12.328] [main/DEBUG] [net.minecraftforge.fml.loading.LanguageLoadingProvider/CORE]: Found language provider minecraft, version 1.0
[27May2025 18:40:12.328] [main/DEBUG] [net.minecraftforge.fml.loading.LanguageLoadingProvider/CORE]: Found language provider lowcodefml, version 47
[27May2025 18:40:12.328] [main/DEBUG] [net.minecraftforge.fml.loading.LanguageLoadingProvider/CORE]: Found language provider javafml, version 47
[27May2025 18:40:12.332] [main/DEBUG] [net.minecraftforge.fml.loading.UniqueModListBuilder/]: Found 2 mods for first modid mclib, selecting most recent based on version data
[27May2025 18:40:12.332] [main/DEBUG] [net.minecraftforge.fml.loading.UniqueModListBuilder/]: Selected file mclib-20.jar for modid mclib with version 0.0NONE
[27May2025 18:40:12.332] [main/DEBUG] [net.minecraftforge.fml.loading.UniqueModListBuilder/]: Found 2 mods for first modid NanoLiveConfig, selecting most recent based on version data
[27May2025 18:40:12.333] [main/DEBUG] [net.minecraftforge.fml.loading.UniqueModListBuilder/]: Selected file NanoLiveConfig-1.2.1.jar for modid NanoLiveConfig with version 0.0NONE
[27May2025 18:40:12.333] [main/DEBUG] [net.minecraftforge.fml.loading.UniqueModListBuilder/]: Found 2 mods for first modid mixinextras, selecting most recent based on version data
[27May2025 18:40:12.333] [main/DEBUG] [net.minecraftforge.fml.loading.UniqueModListBuilder/]: Selected file mixinextras-forge-0.4.1.jar for modid mixinextras with version 0.4.1
[27May2025 18:40:12.333] [main/DEBUG] [net.minecraftforge.fml.loading.UniqueModListBuilder/]: Found 2 mods for first modid space.arim.dazzleconf, selecting most recent based on version data
[27May2025 18:40:12.333] [main/DEBUG] [net.minecraftforge.fml.loading.UniqueModListBuilder/]: Selected file dazzleconf-core-1.3.0-M2.jar for modid space.arim.dazzleconf with version 0.0NONE
[27May2025 18:40:12.333] [main/DEBUG] [net.minecraftforge.fml.loading.UniqueModListBuilder/]: Found 2 mods for first modid org.yaml.snakeyaml, selecting most recent based on version data
[27May2025 18:40:12.333] [main/DEBUG] [net.minecraftforge.fml.loading.UniqueModListBuilder/]: Selected file snakeyaml-2.2.jar for modid org.yaml.snakeyaml with version 0.0NONE
[27May2025 18:40:12.333] [main/DEBUG] [net.minecraftforge.fml.loading.UniqueModListBuilder/]: Found 2 mods for first modid space.arim.dazzleconf.ext.snakeyaml, selecting most recent based on version data
[27May2025 18:40:12.333] [main/DEBUG] [net.minecraftforge.fml.loading.UniqueModListBuilder/]: Selected file dazzleconf-ext-snakeyaml-1.3.0-M2.jar for modid space.arim.dazzleconf.ext.snakeyaml with version 0.0NONE
[27May2025 18:40:12.333] [main/DEBUG] [net.minecraftforge.fml.loading.UniqueModListBuilder/]: Found 2 mods for first modid MixinExtras, selecting most recent based on version data
[27May2025 18:40:12.334] [main/DEBUG] [net.minecraftforge.fml.loading.UniqueModListBuilder/]: Selected file MixinExtras-0.4.1.jar for modid MixinExtras with version 0.0NONE
[27May2025 18:40:12.335] [main/DEBUG] [net.minecraftforge.fml.loading.ModSorter/]: Configured system mods: [minecraft, forge]
[27May2025 18:40:12.335] [main/DEBUG] [net.minecraftforge.fml.loading.ModSorter/]: Found system mod: minecraft
[27May2025 18:40:12.335] [main/DEBUG] [net.minecraftforge.fml.loading.ModSorter/]: Found system mod: forge
[27May2025 18:40:12.337] [main/DEBUG] [net.minecraftforge.fml.loading.ModSorter/LOADING]: Found 115 mod requirements (107 mandatory, 8 optional)
[27May2025 18:40:12.338] [main/DEBUG] [net.minecraftforge.fml.loading.ModSorter/LOADING]: Found 0 mod requirements missing (0 mandatory, 0 optional)
[27May2025 18:40:12.839] [main/DEBUG] [cpw.mods.modlauncher.TransformationServicesHandler/MODLAUNCHER]: Transformation services loading transformers
[27May2025 18:40:12.840] [main/DEBUG] [cpw.mods.modlauncher.TransformationServiceDecorator/MODLAUNCHER]: Initializing transformers for transformation service mixin
[27May2025 18:40:12.840] [main/DEBUG] [cpw.mods.modlauncher.TransformationServiceDecorator/MODLAUNCHER]: Initialized transformers for transformation service mixin
[27May2025 18:40:12.840] [main/DEBUG] [cpw.mods.modlauncher.TransformationServiceDecorator/MODLAUNCHER]: Initializing transformers for transformation service fml
[27May2025 18:40:12.840] [main/DEBUG] [net.minecraftforge.fml.loading.FMLServiceProvider/CORE]: Loading coremod transformers
[27May2025 18:40:12.841] [main/DEBUG] [net.minecraftforge.coremod.CoreModEngine/COREMOD]: Loading CoreMod from potion-effects-shift.js
[27May2025 18:40:13.065] [main/DEBUG] [net.minecraftforge.coremod.CoreModEngine/COREMOD]: CoreMod loaded successfully
[27May2025 18:40:13.065] [main/DEBUG] [net.minecraftforge.coremod.CoreModEngine/COREMOD]: Loading CoreMod from coremods/get_ench_level_event.js
[27May2025 18:40:13.078] [main/DEBUG] [net.minecraftforge.coremod.CoreModEngine/COREMOD]: CoreMod loaded successfully
[27May2025 18:40:13.078] [main/DEBUG] [net.minecraftforge.coremod.CoreModEngine/COREMOD]: Loading CoreMod from coremods/get_ench_level_event_specific.js
[27May2025 18:40:13.092] [main/DEBUG] [net.minecraftforge.coremod.CoreModEngine/COREMOD]: CoreMod loaded successfully
[27May2025 18:40:13.092] [main/DEBUG] [net.minecraftforge.coremod.CoreModEngine/COREMOD]: Loading CoreMod from coremods/field_to_method.js
[27May2025 18:40:13.122] [main/DEBUG] [net.minecraftforge.coremod.CoreModEngine/COREMOD]: CoreMod loaded successfully
[27May2025 18:40:13.122] [main/DEBUG] [net.minecraftforge.coremod.CoreModEngine/COREMOD]: Loading CoreMod from coremods/field_to_instanceof.js
[27May2025 18:40:13.153] [main/DEBUG] [net.minecraftforge.coremod.CoreModEngine/COREMOD]: CoreMod loaded successfully
[27May2025 18:40:13.153] [main/DEBUG] [net.minecraftforge.coremod.CoreModEngine/COREMOD]: Loading CoreMod from coremods/add_bouncer_method.js
[27May2025 18:40:13.182] [main/DEBUG] [net.minecraftforge.coremod.CoreModEngine/COREMOD]: CoreMod loaded successfully
[27May2025 18:40:13.183] [main/DEBUG] [net.minecraftforge.coremod.CoreModEngine/COREMOD]: Loading CoreMod from coremods/method_redirector.js
[27May2025 18:40:13.256] [main/DEBUG] [net.minecraftforge.coremod.CoreModEngine/COREMOD]: CoreMod loaded successfully
[27May2025 18:40:13.256] [main/DEBUG] [net.minecraftforge.coremod.CoreModEngine/COREMOD]: Loading CoreMod from coremods/potion_gui_tooltips.js
[27May2025 18:40:13.265] [main/DEBUG] [net.minecraftforge.coremod.CoreModEngine/COREMOD]: CoreMod loaded successfully
[27May2025 18:40:13.280] [main/DEBUG] [cpw.mods.modlauncher.TransformStore/MODLAUNCHER]: Adding transformer net.minecraftforge.coremod.transformer.CoreModClassTransformer@769bd849 to Target : CLASS {Lnet/minecraft/world/level/biome/Biome;} {} {V}
[27May2025 18:40:13.281] [main/DEBUG] [cpw.mods.modlauncher.TransformStore/MODLAUNCHER]: Adding transformer net.minecraftforge.coremod.transformer.CoreModClassTransformer@76f881d9 to Target : CLASS {Lnet/minecraft/world/level/levelgen/structure/Structure;} {} {V}
[27May2025 18:40:13.307] [main/DEBUG] [cpw.mods.modlauncher.TransformStore/MODLAUNCHER]: Adding transformer net.minecraftforge.coremod.transformer.CoreModClassTransformer@6dd36ab6 to Target : CLASS {Lnet/minecraft/world/effect/MobEffectInstance;} {} {V}
[27May2025 18:40:13.307] [main/DEBUG] [cpw.mods.modlauncher.TransformStore/MODLAUNCHER]: Adding transformer net.minecraftforge.coremod.transformer.CoreModClassTransformer@50a13c2f to Target : CLASS {Lnet/minecraft/world/level/block/LiquidBlock;} {} {V}
[27May2025 18:40:13.307] [main/DEBUG] [cpw.mods.modlauncher.TransformStore/MODLAUNCHER]: Adding transformer net.minecraftforge.coremod.transformer.CoreModClassTransformer@610d28b8 to Target : CLASS {Lnet/minecraft/world/item/BucketItem;} {} {V}
[27May2025 18:40:13.307] [main/DEBUG] [cpw.mods.modlauncher.TransformStore/MODLAUNCHER]: Adding transformer net.minecraftforge.coremod.transformer.CoreModClassTransformer@53c99b09 to Target : CLASS {Lnet/minecraft/world/level/block/StairBlock;} {} {V}
[27May2025 18:40:13.307] [main/DEBUG] [cpw.mods.modlauncher.TransformStore/MODLAUNCHER]: Adding transformer net.minecraftforge.coremod.transformer.CoreModClassTransformer@2539cd1c to Target : CLASS {Lnet/minecraft/world/level/block/FlowerPotBlock;} {} {V}
[27May2025 18:40:13.307] [main/DEBUG] [cpw.mods.modlauncher.TransformStore/MODLAUNCHER]: Adding transformer net.minecraftforge.coremod.transformer.CoreModClassTransformer@7c20cdd0 to Target : CLASS {Lnet/minecraft/world/item/ItemStack;} {} {V}
[27May2025 18:40:13.308] [main/DEBUG] [cpw.mods.modlauncher.TransformStore/MODLAUNCHER]: Adding transformer net.minecraftforge.coremod.transformer.CoreModClassTransformer@74606204 to Target : CLASS {Lnet/minecraft/network/play/client/CClientSettingsPacket;} {} {V}
[27May2025 18:40:13.308] [main/DEBUG] [cpw.mods.modlauncher.TransformStore/MODLAUNCHER]: Adding transformer net.minecraftforge.coremod.transformer.CoreModClassTransformer@6b6eae52 to Target : CLASS {Lnet/minecraft/world/entity/monster/ZombieVillager;} {} {V}
[27May2025 18:40:13.308] [main/DEBUG] [cpw.mods.modlauncher.TransformStore/MODLAUNCHER]: Adding transformer net.minecraftforge.coremod.transformer.CoreModClassTransformer@6b6eae52 to Target : CLASS {Lnet/minecraft/world/level/levelgen/PatrolSpawner;} {} {V}
[27May2025 18:40:13.308] [main/DEBUG] [cpw.mods.modlauncher.TransformStore/MODLAUNCHER]: Adding transformer net.minecraftforge.coremod.transformer.CoreModClassTransformer@6b6eae52 to Target : CLASS {Lnet/minecraft/world/level/levelgen/structure/structures/OceanRuinPieces$OceanRuinPiece;} {} {V}
[27May2025 18:40:13.308] [main/DEBUG] [cpw.mods.modlauncher.TransformStore/MODLAUNCHER]: Adding transformer net.minecraftforge.coremod.transformer.CoreModClassTransformer@6b6eae52 to Target : CLASS {Lnet/minecraft/server/commands/RaidCommand;} {} {V}
[27May2025 18:40:13.308] [main/DEBUG] [cpw.mods.modlauncher.TransformStore/MODLAUNCHER]: Adding transformer net.minecraftforge.coremod.transformer.CoreModClassTransformer@6b6eae52 to Target : CLASS {Lnet/minecraft/world/entity/raid/Raid;} {} {V}
[27May2025 18:40:13.308] [main/DEBUG] [cpw.mods.modlauncher.TransformStore/MODLAUNCHER]: Adding transformer net.minecraftforge.coremod.transformer.CoreModClassTransformer@6b6eae52 to Target : CLASS {Lnet/minecraft/world/level/levelgen/structure/structures/SwampHutPiece;} {} {V}
[27May2025 18:40:13.308] [main/DEBUG] [cpw.mods.modlauncher.TransformStore/MODLAUNCHER]: Adding transformer net.minecraftforge.coremod.transformer.CoreModClassTransformer@6b6eae52 to Target : CLASS {Lnet/minecraft/world/entity/monster/Strider;} {} {V}
[27May2025 18:40:13.308] [main/DEBUG] [cpw.mods.modlauncher.TransformStore/MODLAUNCHER]: Adding transformer net.minecraftforge.coremod.transformer.CoreModClassTransformer@6b6eae52 to Target : CLASS {Lnet/minecraft/world/level/levelgen/PhantomSpawner;} {} {V}
[27May2025 18:40:13.308] [main/DEBUG] [cpw.mods.modlauncher.TransformStore/MODLAUNCHER]: Adding transformer net.minecraftforge.coremod.transformer.CoreModClassTransformer@6b6eae52 to Target : CLASS {Lnet/minecraft/world/level/levelgen/structure/structures/WoodlandMansionPieces$WoodlandMansionPiece;} {} {V}
[27May2025 18:40:13.308] [main/DEBUG] [cpw.mods.modlauncher.TransformStore/MODLAUNCHER]: Adding transformer net.minecraftforge.coremod.transformer.CoreModClassTransformer@6b6eae52 to Target : CLASS {Lnet/minecraft/server/commands/SummonCommand;} {} {V}
[27May2025 18:40:13.308] [main/DEBUG] [cpw.mods.modlauncher.TransformStore/MODLAUNCHER]: Adding transformer net.minecraftforge.coremod.transformer.CoreModClassTransformer@6b6eae52 to Target : CLASS {Lnet/minecraft/world/entity/animal/frog/Tadpole;} {} {V}
[27May2025 18:40:13.308] [main/DEBUG] [cpw.mods.modlauncher.TransformStore/MODLAUNCHER]: Adding transformer net.minecraftforge.coremod.transformer.CoreModClassTransformer@6b6eae52 to Target : CLASS {Lnet/minecraft/world/entity/monster/Zombie;} {} {V}
[27May2025 18:40:13.308] [main/DEBUG] [cpw.mods.modlauncher.TransformStore/MODLAUNCHER]: Adding transformer net.minecraftforge.coremod.transformer.CoreModClassTransformer@6b6eae52 to Target : CLASS {Lnet/minecraft/world/entity/monster/Spider;} {} {V}
[27May2025 18:40:13.309] [main/DEBUG] [cpw.mods.modlauncher.TransformStore/MODLAUNCHER]: Adding transformer net.minecraftforge.coremod.transformer.CoreModClassTransformer@6b6eae52 to Target : CLASS {Lnet/minecraft/world/entity/EntityType;} {} {V}
[27May2025 18:40:13.309] [main/DEBUG] [cpw.mods.modlauncher.TransformStore/MODLAUNCHER]: Adding transformer net.minecraftforge.coremod.transformer.CoreModClassTransformer@6b6eae52 to Target : CLASS {Lnet/minecraft/world/level/levelgen/structure/templatesystem/StructureTemplate;} {} {V}
[27May2025 18:40:13.309] [main/DEBUG] [cpw.mods.modlauncher.TransformStore/MODLAUNCHER]: Adding transformer net.minecraftforge.coremod.transformer.CoreModClassTransformer@6b6eae52 to Target : CLASS {Lnet/minecraft/world/entity/npc/CatSpawner;} {} {V}
[27May2025 18:40:13.309] [main/DEBUG] [cpw.mods.modlauncher.TransformStore/MODLAUNCHER]: Adding transformer net.minecraftforge.coremod.transformer.CoreModClassTransformer@6b6eae52 to Target : CLASS {Lnet/minecraft/world/entity/monster/Evoker$EvokerSummonSpellGoal;} {} {V}
[27May2025 18:40:13.309] [main/DEBUG] [cpw.mods.modlauncher.TransformStore/MODLAUNCHER]: Adding transformer net.minecraftforge.coremod.transformer.CoreModClassTransformer@6b6eae52 to Target : CLASS {Lnet/minecraft/world/entity/npc/Villager;} {} {V}
[27May2025 18:40:13.309] [main/DEBUG] [cpw.mods.modlauncher.TransformStore/MODLAUNCHER]: Adding transformer net.minecraftforge.coremod.transformer.CoreModClassTransformer@6b6eae52 to Target : CLASS {Lnet/minecraft/world/level/levelgen/structure/structures/OceanMonumentPieces$OceanMonumentPiece;} {} {V}
[27May2025 18:40:13.309] [main/DEBUG] [cpw.mods.modlauncher.TransformStore/MODLAUNCHER]: Adding transformer net.minecraftforge.coremod.transformer.CoreModClassTransformer@6b6eae52 to Target : CLASS {Lnet/minecraft/world/level/NaturalSpawner;} {} {V}
[27May2025 18:40:13.309] [main/DEBUG] [cpw.mods.modlauncher.TransformStore/MODLAUNCHER]: Adding transformer net.minecraftforge.coremod.transformer.CoreModClassTransformer@6b6eae52 to Target : CLASS {Lnet/minecraft/world/entity/ai/village/VillageSiege;} {} {V}
[27May2025 18:40:13.309] [main/DEBUG] [cpw.mods.modlauncher.TransformStore/MODLAUNCHER]: Adding transformer net.minecraftforge.coremod.transformer.CoreModClassTransformer@6b6eae52 to Target : CLASS {Lnet/minecraft/world/entity/animal/horse/SkeletonTrapGoal;} {} {V}
[27May2025 18:40:13.309] [main/DEBUG] [cpw.mods.modlauncher.TransformStore/MODLAUNCHER]: Adding transformer net.minecraftforge.coremod.transformer.CoreModMethodTransformer@7ae0cc89 to Target : METHOD {Lnet/minecraft/client/gui/Gui;} {m_93028_} {(Lcom/mojang/blaze3d/vertex/PoseStack;)V}
[27May2025 18:40:13.309] [main/DEBUG] [cpw.mods.modlauncher.TransformStore/MODLAUNCHER]: Adding transformer net.minecraftforge.coremod.transformer.CoreModMethodTransformer@de7e193 to Target : METHOD {Lnet/minecraftforge/common/extensions/IForgeItemStack;} {getAllEnchantments} {()Ljava/util/Map;}
[27May2025 18:40:13.309] [main/DEBUG] [cpw.mods.modlauncher.TransformStore/MODLAUNCHER]: Adding transformer net.minecraftforge.coremod.transformer.CoreModMethodTransformer@13e5d243 to Target : METHOD {Lnet/minecraftforge/common/extensions/IForgeItemStack;} {getEnchantmentLevel} {(Lnet/minecraft/world/item/enchantment/Enchantment;)I}
[27May2025 18:40:13.309] [main/DEBUG] [cpw.mods.modlauncher.TransformStore/MODLAUNCHER]: Adding transformer net.minecraftforge.coremod.transformer.CoreModMethodTransformer@35ef439e to Target : METHOD {Lnet/minecraft/client/gui/screens/inventory/EffectRenderingInventoryScreen;} {m_280113_} {(Lnet/minecraft/client/gui/GuiGraphics;II)V}
[27May2025 18:40:13.309] [main/DEBUG] [cpw.mods.modlauncher.TransformationServiceDecorator/MODLAUNCHER]: Initialized transformers for transformation service fml
[27May2025 18:40:14.486] [main/DEBUG] [mixin/]: Processing prepare() for PlatformAgent[MixinPlatformAgentDefault:ModLauncher Root Container(ModLauncher:4f56a0a2)]
[27May2025 18:40:14.486] [main/DEBUG] [mixin/]: Processing launch tasks for PlatformAgent[MixinPlatformAgentDefault:ModLauncher Root Container(ModLauncher:4f56a0a2)]
[27May2025 18:40:14.486] [main/DEBUG] [mixin/]: Adding mixin platform agents for container SecureJarResource(mowziesmobs)
[27May2025 18:40:14.487] [main/DEBUG] [mixin/]: Instancing new MixinPlatformAgentMinecraftForge for SecureJarResource(mowziesmobs)
[27May2025 18:40:14.487] [main/DEBUG] [mixin/]: MixinPlatformAgentMinecraftForge rejected container SecureJarResource(mowziesmobs)
[27May2025 18:40:14.487] [main/DEBUG] [mixin/]: Instancing new MixinPlatformAgentDefault for SecureJarResource(mowziesmobs)
[27May2025 18:40:14.487] [main/DEBUG] [mixin/]: MixinPlatformAgentDefault accepted container SecureJarResource(mowziesmobs)
[27May2025 18:40:14.487] [main/DEBUG] [mixin/]: Processing prepare() for PlatformAgent[MixinPlatformAgentDefault:SecureJarResource(mowziesmobs)]
[27May2025 18:40:14.487] [main/DEBUG] [mixin/]: Registering mixin config: mowziesmobs.mixins.json
[27May2025 18:40:14.504] [main/DEBUG] [mixin/]: Compatibility level JAVA_17 specified by mowziesmobs.mixins.json is higher than the maximum level supported by this version of mixin (JAVA_13).
[27May2025 18:40:14.507] [main/INFO] [mixin/]: Compatibility level set to JAVA_17
[27May2025 18:40:14.507] [main/DEBUG] [mixin/]: Adding mixin platform agents for container SecureJarResource(netherexp)
[27May2025 18:40:14.507] [main/DEBUG] [mixin/]: Instancing new MixinPlatformAgentMinecraftForge for SecureJarResource(netherexp)
[27May2025 18:40:14.507] [main/DEBUG] [mixin/]: MixinPlatformAgentMinecraftForge rejected container SecureJarResource(netherexp)
[27May2025 18:40:14.507] [main/DEBUG] [mixin/]: Instancing new MixinPlatformAgentDefault for SecureJarResource(netherexp)
[27May2025 18:40:14.507] [main/DEBUG] [mixin/]: MixinPlatformAgentDefault accepted container SecureJarResource(netherexp)
[27May2025 18:40:14.507] [main/DEBUG] [mixin/]: Processing prepare() for PlatformAgent[MixinPlatformAgentDefault:SecureJarResource(netherexp)]
[27May2025 18:40:14.507] [main/DEBUG] [mixin/]: Registering mixin config: mixins.netherexp.json
[27May2025 18:40:14.510] [main/DEBUG] [mixin/]: Adding mixin platform agents for container SecureJarResource(efiscompat)
[27May2025 18:40:14.510] [main/DEBUG] [mixin/]: Instancing new MixinPlatformAgentMinecraftForge for SecureJarResource(efiscompat)
[27May2025 18:40:14.510] [main/DEBUG] [mixin/]: MixinPlatformAgentMinecraftForge rejected container SecureJarResource(efiscompat)
[27May2025 18:40:14.510] [main/DEBUG] [mixin/]: Instancing new MixinPlatformAgentDefault for SecureJarResource(efiscompat)
[27May2025 18:40:14.510] [main/DEBUG] [mixin/]: MixinPlatformAgentDefault accepted container SecureJarResource(efiscompat)
[27May2025 18:40:14.511] [main/DEBUG] [mixin/]: Processing prepare() for PlatformAgent[MixinPlatformAgentDefault:SecureJarResource(efiscompat)]
[27May2025 18:40:14.511] [main/DEBUG] [mixin/]: Registering mixin config: mixins.epicironcompat.json
[27May2025 18:40:14.512] [main/ERROR] [mixin/]: Mixin config mixins.epicironcompat.json does not specify "minVersion" property
[27May2025 18:40:14.513] [main/DEBUG] [mixin/]: Adding mixin platform agents for container SecureJarResource(geckolib)
[27May2025 18:40:14.513] [main/DEBUG] [mixin/]: Instancing new MixinPlatformAgentMinecraftForge for SecureJarResource(geckolib)
[27May2025 18:40:14.513] [main/DEBUG] [mixin/]: MixinPlatformAgentMinecraftForge rejected container SecureJarResource(geckolib)
[27May2025 18:40:14.513] [main/DEBUG] [mixin/]: Instancing new MixinPlatformAgentDefault for SecureJarResource(geckolib)
[27May2025 18:40:14.513] [main/DEBUG] [mixin/]: MixinPlatformAgentDefault accepted container SecureJarResource(geckolib)
[27May2025 18:40:14.513] [main/DEBUG] [mixin/]: Processing prepare() for PlatformAgent[MixinPlatformAgentDefault:SecureJarResource(geckolib)]
[27May2025 18:40:14.513] [main/DEBUG] [mixin/]: Registering mixin config: geckolib.mixins.json
[27May2025 18:40:14.516] [main/DEBUG] [mixin/]: Adding mixin platform agents for container SecureJarResource(playeranimator)
[27May2025 18:40:14.516] [main/DEBUG] [mixin/]: Instancing new MixinPlatformAgentMinecraftForge for SecureJarResource(playeranimator)
[27May2025 18:40:14.516] [main/DEBUG] [mixin/]: MixinPlatformAgentMinecraftForge rejected container SecureJarResource(playeranimator)
[27May2025 18:40:14.516] [main/DEBUG] [mixin/]: Instancing new MixinPlatformAgentDefault for SecureJarResource(playeranimator)
[27May2025 18:40:14.516] [main/DEBUG] [mixin/]: MixinPlatformAgentDefault accepted container SecureJarResource(playeranimator)
[27May2025 18:40:14.516] [main/DEBUG] [mixin/]: Processing prepare() for PlatformAgent[MixinPlatformAgentDefault:SecureJarResource(playeranimator)]
[27May2025 18:40:14.516] [main/DEBUG] [mixin/]: Registering mixin config: playerAnimator-common.mixins.json
[27May2025 18:40:14.519] [main/DEBUG] [mixin/]: Compatibility level JAVA_16 specified by playerAnimator-common.mixins.json is higher than the maximum level supported by this version of mixin (JAVA_13).
[27May2025 18:40:14.519] [main/DEBUG] [mixin/]: Adding mixin platform agents for container SecureJarResource(elysium_api)
[27May2025 18:40:14.519] [main/DEBUG] [mixin/]: Instancing new MixinPlatformAgentMinecraftForge for SecureJarResource(elysium_api)
[27May2025 18:40:14.519] [main/DEBUG] [mixin/]: MixinPlatformAgentMinecraftForge rejected container SecureJarResource(elysium_api)
[27May2025 18:40:14.520] [main/DEBUG] [mixin/]: Instancing new MixinPlatformAgentDefault for SecureJarResource(elysium_api)
[27May2025 18:40:14.520] [main/DEBUG] [mixin/]: MixinPlatformAgentDefault accepted container SecureJarResource(elysium_api)
[27May2025 18:40:14.520] [main/DEBUG] [mixin/]: Processing prepare() for PlatformAgent[MixinPlatformAgentDefault:SecureJarResource(elysium_api)]
[27May2025 18:40:14.520] [main/DEBUG] [mixin/]: Registering mixin config: mixins.elysium_api.json
[27May2025 18:40:14.522] [main/DEBUG] [mixin/]: Adding mixin platform agents for container SecureJarResource(mowzies_cataclysm)
[27May2025 18:40:14.522] [main/DEBUG] [mixin/]: Instancing new MixinPlatformAgentMinecraftForge for SecureJarResource(mowzies_cataclysm)
[27May2025 18:40:14.522] [main/DEBUG] [mixin/]: MixinPlatformAgentMinecraftForge rejected container SecureJarResource(mowzies_cataclysm)
[27May2025 18:40:14.522] [main/DEBUG] [mixin/]: Instancing new MixinPlatformAgentDefault for SecureJarResource(mowzies_cataclysm)
[27May2025 18:40:14.522] [main/DEBUG] [mixin/]: MixinPlatformAgentDefault accepted container SecureJarResource(mowzies_cataclysm)
[27May2025 18:40:14.522] [main/DEBUG] [mixin/]: Processing prepare() for PlatformAgent[MixinPlatformAgentDefault:SecureJarResource(mowzies_cataclysm)]
[27May2025 18:40:14.522] [main/DEBUG] [mixin/]: Adding mixin platform agents for container SecureJarResource(caelus)
[27May2025 18:40:14.522] [main/DEBUG] [mixin/]: Instancing new MixinPlatformAgentMinecraftForge for SecureJarResource(caelus)
[27May2025 18:40:14.522] [main/DEBUG] [mixin/]: MixinPlatformAgentMinecraftForge rejected container SecureJarResource(caelus)
[27May2025 18:40:14.522] [main/DEBUG] [mixin/]: Instancing new MixinPlatformAgentDefault for SecureJarResource(caelus)
[27May2025 18:40:14.522] [main/DEBUG] [mixin/]: MixinPlatformAgentDefault accepted container SecureJarResource(caelus)
[27May2025 18:40:14.524] [main/DEBUG] [mixin/]: Processing prepare() for PlatformAgent[MixinPlatformAgentDefault:SecureJarResource(caelus)]
[27May2025 18:40:14.524] [main/DEBUG] [mixin/]: Registering mixin config: caelus.mixins.json
[27May2025 18:40:14.526] [main/DEBUG] [mixin/]: Adding mixin platform agents for container SecureJarResource(incendium)
[27May2025 18:40:14.526] [main/DEBUG] [mixin/]: Instancing new MixinPlatformAgentMinecraftForge for SecureJarResource(incendium)
[27May2025 18:40:14.526] [main/DEBUG] [mixin/]: MixinPlatformAgentMinecraftForge rejected container SecureJarResource(incendium)
[27May2025 18:40:14.526] [main/DEBUG] [mixin/]: Instancing new MixinPlatformAgentDefault for SecureJarResource(incendium)
[27May2025 18:40:14.526] [main/DEBUG] [mixin/]: MixinPlatformAgentDefault accepted container SecureJarResource(incendium)
[27May2025 18:40:14.527] [main/DEBUG] [mixin/]: Processing prepare() for PlatformAgent[MixinPlatformAgentDefault:SecureJarResource(incendium)]
[27May2025 18:40:14.527] [main/DEBUG] [mixin/]: Adding mixin platform agents for container SecureJarResource(journeymap)
[27May2025 18:40:14.527] [main/DEBUG] [mixin/]: Instancing new MixinPlatformAgentMinecraftForge for SecureJarResource(journeymap)
[27May2025 18:40:14.527] [main/DEBUG] [mixin/]: MixinPlatformAgentMinecraftForge rejected container SecureJarResource(journeymap)
[27May2025 18:40:14.527] [main/DEBUG] [mixin/]: Instancing new MixinPlatformAgentDefault for SecureJarResource(journeymap)
[27May2025 18:40:14.527] [main/DEBUG] [mixin/]: MixinPlatformAgentDefault accepted container SecureJarResource(journeymap)
[27May2025 18:40:14.527] [main/DEBUG] [mixin/]: Processing prepare() for PlatformAgent[MixinPlatformAgentDefault:SecureJarResource(journeymap)]
[27May2025 18:40:14.527] [main/DEBUG] [mixin/]: Registering mixin config: journeymap.mixins.json
[27May2025 18:40:14.529] [main/DEBUG] [mixin/]: Adding mixin platform agents for container SecureJarResource(placebo)
[27May2025 18:40:14.529] [main/DEBUG] [mixin/]: Instancing new MixinPlatformAgentMinecraftForge for SecureJarResource(placebo)
[27May2025 18:40:14.529] [main/DEBUG] [mixin/]: MixinPlatformAgentMinecraftForge rejected container SecureJarResource(placebo)
[27May2025 18:40:14.529] [main/DEBUG] [mixin/]: Instancing new MixinPlatformAgentDefault for SecureJarResource(placebo)
[27May2025 18:40:14.529] [main/DEBUG] [mixin/]: MixinPlatformAgentDefault accepted container SecureJarResource(placebo)
[27May2025 18:40:14.529] [main/DEBUG] [mixin/]: Processing prepare() for PlatformAgent[MixinPlatformAgentDefault:SecureJarResource(placebo)]
[27May2025 18:40:14.530] [main/DEBUG] [mixin/]: Registering mixin config: placebo.mixins.json
[27May2025 18:40:14.532] [main/DEBUG] [mixin/]: Adding mixin platform agents for container SecureJarResource(modernfix)
[27May2025 18:40:14.532] [main/DEBUG] [mixin/]: Instancing new MixinPlatformAgentMinecraftForge for SecureJarResource(modernfix)
[27May2025 18:40:14.532] [main/DEBUG] [mixin/]: MixinPlatformAgentMinecraftForge rejected container SecureJarResource(modernfix)
[27May2025 18:40:14.532] [main/DEBUG] [mixin/]: Instancing new MixinPlatformAgentDefault for SecureJarResource(modernfix)
[27May2025 18:40:14.532] [main/DEBUG] [mixin/]: MixinPlatformAgentDefault accepted container SecureJarResource(modernfix)
[27May2025 18:40:14.532] [main/DEBUG] [mixin/]: Processing prepare() for PlatformAgent[MixinPlatformAgentDefault:SecureJarResource(modernfix)]
[27May2025 18:40:14.532] [main/DEBUG] [mixin/]: Registering mixin config: modernfix-common.mixins.json
[27May2025 18:40:14.534] [main/DEBUG] [mixin/]: Registering mixin config: modernfix-forge.mixins.json
[27May2025 18:40:14.537] [main/DEBUG] [mixin/]: Adding mixin platform agents for container SecureJarResource(jei)
[27May2025 18:40:14.537] [main/DEBUG] [mixin/]: Instancing new MixinPlatformAgentMinecraftForge for SecureJarResource(jei)
[27May2025 18:40:14.537] [main/DEBUG] [mixin/]: MixinPlatformAgentMinecraftForge rejected container SecureJarResource(jei)
[27May2025 18:40:14.537] [main/DEBUG] [mixin/]: Instancing new MixinPlatformAgentDefault for SecureJarResource(jei)
[27May2025 18:40:14.537] [main/DEBUG] [mixin/]: MixinPlatformAgentDefault accepted container SecureJarResource(jei)
[27May2025 18:40:14.537] [main/DEBUG] [mixin/]: Processing prepare() for PlatformAgent[MixinPlatformAgentDefault:SecureJarResource(jei)]
[27May2025 18:40:14.537] [main/DEBUG] [mixin/]: Adding mixin platform agents for container SecureJarResource(citadel)
[27May2025 18:40:14.537] [main/DEBUG] [mixin/]: Instancing new MixinPlatformAgentMinecraftForge for SecureJarResource(citadel)
[27May2025 18:40:14.538] [main/DEBUG] [mixin/]: MixinPlatformAgentMinecraftForge rejected container SecureJarResource(citadel)
[27May2025 18:40:14.538] [main/DEBUG] [mixin/]: Instancing new MixinPlatformAgentDefault for SecureJarResource(citadel)
[27May2025 18:40:14.538] [main/DEBUG] [mixin/]: MixinPlatformAgentDefault accepted container SecureJarResource(citadel)
[27May2025 18:40:14.538] [main/DEBUG] [mixin/]: Processing prepare() for PlatformAgent[MixinPlatformAgentDefault:SecureJarResource(citadel)]
[27May2025 18:40:14.538] [main/DEBUG] [mixin/]: Registering mixin config: citadel.mixins.json
[27May2025 18:40:14.542] [main/DEBUG] [mixin/]: Adding mixin platform agents for container SecureJarResource(travelersbackpack)
[27May2025 18:40:14.543] [main/DEBUG] [mixin/]: Instancing new MixinPlatformAgentMinecraftForge for SecureJarResource(travelersbackpack)
[27May2025 18:40:14.543] [main/DEBUG] [mixin/]: MixinPlatformAgentMinecraftForge rejected container SecureJarResource(travelersbackpack)
[27May2025 18:40:14.543] [main/DEBUG] [mixin/]: Instancing new MixinPlatformAgentDefault for SecureJarResource(travelersbackpack)
[27May2025 18:40:14.543] [main/DEBUG] [mixin/]: MixinPlatformAgentDefault accepted container SecureJarResource(travelersbackpack)
[27May2025 18:40:14.543] [main/DEBUG] [mixin/]: Processing prepare() for PlatformAgent[MixinPlatformAgentDefault:SecureJarResource(travelersbackpack)]
[27May2025 18:40:14.543] [main/DEBUG] [mixin/]: Registering mixin config: mixins.travelersbackpack.json
[27May2025 18:40:14.545] [main/DEBUG] [mixin/]: Adding mixin platform agents for container SecureJarResource(mixinextras)
[27May2025 18:40:14.545] [main/DEBUG] [mixin/]: Instancing new MixinPlatformAgentMinecraftForge for SecureJarResource(mixinextras)
[27May2025 18:40:14.545] [main/DEBUG] [mixin/]: MixinPlatformAgentMinecraftForge rejected container SecureJarResource(mixinextras)
[27May2025 18:40:14.545] [main/DEBUG] [mixin/]: Instancing new MixinPlatformAgentDefault for SecureJarResource(mixinextras)
[27May2025 18:40:14.546] [main/DEBUG] [mixin/]: MixinPlatformAgentDefault accepted container SecureJarResource(mixinextras)
[27May2025 18:40:14.546] [main/DEBUG] [mixin/]: Processing prepare() for PlatformAgent[MixinPlatformAgentDefault:SecureJarResource(mixinextras)]
[27May2025 18:40:14.546] [main/DEBUG] [mixin/]: Registering mixin config: mixinextras.init.mixins.json
[27May2025 18:40:14.548] [main/DEBUG] [mixin/]: Adding mixin platform agents for container SecureJarResource(relics)
[27May2025 18:40:14.548] [main/DEBUG] [mixin/]: Instancing new MixinPlatformAgentMinecraftForge for SecureJarResource(relics)
[27May2025 18:40:14.548] [main/DEBUG] [mixin/]: MixinPlatformAgentMinecraftForge rejected container SecureJarResource(relics)
[27May2025 18:40:14.548] [main/DEBUG] [mixin/]: Instancing new MixinPlatformAgentDefault for SecureJarResource(relics)
[27May2025 18:40:14.548] [main/DEBUG] [mixin/]: MixinPlatformAgentDefault accepted container SecureJarResource(relics)
[27May2025 18:40:14.548] [main/DEBUG] [mixin/]: Processing prepare() for PlatformAgent[MixinPlatformAgentDefault:SecureJarResource(relics)]
[27May2025 18:40:14.548] [main/DEBUG] [mixin/]: Registering mixin config: relics.mixins.json
[27May2025 18:40:14.550] [main/DEBUG] [mixin/]: Compatibility level JAVA_8 specified by relics.mixins.json is lower than the default level supported by the current mixin service (JAVA_16).
[27May2025 18:40:14.550] [main/DEBUG] [mixin/]: Adding mixin platform agents for container SecureJarResource(terralith)
[27May2025 18:40:14.550] [main/DEBUG] [mixin/]: Instancing new MixinPlatformAgentMinecraftForge for SecureJarResource(terralith)
[27May2025 18:40:14.550] [main/DEBUG] [mixin/]: MixinPlatformAgentMinecraftForge rejected container SecureJarResource(terralith)
[27May2025 18:40:14.550] [main/DEBUG] [mixin/]: Instancing new MixinPlatformAgentDefault for SecureJarResource(terralith)
[27May2025 18:40:14.550] [main/DEBUG] [mixin/]: MixinPlatformAgentDefault accepted container SecureJarResource(terralith)
[27May2025 18:40:14.550] [main/DEBUG] [mixin/]: Processing prepare() for PlatformAgent[MixinPlatformAgentDefault:SecureJarResource(terralith)]
[27May2025 18:40:14.550] [main/DEBUG] [mixin/]: Adding mixin platform agents for container SecureJarResource(dynview)
[27May2025 18:40:14.550] [main/DEBUG] [mixin/]: Instancing new MixinPlatformAgentMinecraftForge for SecureJarResource(dynview)
[27May2025 18:40:14.550] [main/DEBUG] [mixin/]: MixinPlatformAgentMinecraftForge rejected container SecureJarResource(dynview)
[27May2025 18:40:14.551] [main/DEBUG] [mixin/]: Instancing new MixinPlatformAgentDefault for SecureJarResource(dynview)
[27May2025 18:40:14.551] [main/DEBUG] [mixin/]: MixinPlatformAgentDefault accepted container SecureJarResource(dynview)
[27May2025 18:40:14.551] [main/DEBUG] [mixin/]: Processing prepare() for PlatformAgent[MixinPlatformAgentDefault:SecureJarResource(dynview)]
[27May2025 18:40:14.551] [main/DEBUG] [mixin/]: Registering mixin config: dynview.mixins.json
[27May2025 18:40:14.553] [main/DEBUG] [mixin/]: Adding mixin platform agents for container SecureJarResource(memoryleakfix)
[27May2025 18:40:14.553] [main/DEBUG] [mixin/]: Instancing new MixinPlatformAgentMinecraftForge for SecureJarResource(memoryleakfix)
[27May2025 18:40:14.553] [main/DEBUG] [mixin/]: MixinPlatformAgentMinecraftForge rejected container SecureJarResource(memoryleakfix)
[27May2025 18:40:14.553] [main/DEBUG] [mixin/]: Instancing new MixinPlatformAgentDefault for SecureJarResource(memoryleakfix)
[27May2025 18:40:14.553] [main/DEBUG] [mixin/]: MixinPlatformAgentDefault accepted container SecureJarResource(memoryleakfix)
[27May2025 18:40:14.553] [main/DEBUG] [mixin/]: Processing prepare() for PlatformAgent[MixinPlatformAgentDefault:SecureJarResource(memoryleakfix)]
[27May2025 18:40:14.553] [main/DEBUG] [mixin/]: Registering mixin config: memoryleakfix.mixins.json
[27May2025 18:40:14.555] [main/DEBUG] [mixin/]: Compatibility level JAVA_8 specified by memoryleakfix.mixins.json is lower than the default level supported by the current mixin service (JAVA_16).
[27May2025 18:40:14.555] [main/DEBUG] [mixin/]: Adding mixin platform agents for container SecureJarResource(jeresources)
[27May2025 18:40:14.555] [main/DEBUG] [mixin/]: Instancing new MixinPlatformAgentMinecraftForge for SecureJarResource(jeresources)
[27May2025 18:40:14.555] [main/DEBUG] [mixin/]: MixinPlatformAgentMinecraftForge rejected container SecureJarResource(jeresources)
[27May2025 18:40:14.555] [main/DEBUG] [mixin/]: Instancing new MixinPlatformAgentDefault for SecureJarResource(jeresources)
[27May2025 18:40:14.555] [main/DEBUG] [mixin/]: MixinPlatformAgentDefault accepted container SecureJarResource(jeresources)
[27May2025 18:40:14.556] [main/DEBUG] [mixin/]: Processing prepare() for PlatformAgent[MixinPlatformAgentDefault:SecureJarResource(jeresources)]
[27May2025 18:40:14.556] [main/DEBUG] [mixin/]: Adding mixin platform agents for container SecureJarResource(dungeons_arise_seven_seas)
[27May2025 18:40:14.556] [main/DEBUG] [mixin/]: Instancing new MixinPlatformAgentMinecraftForge for SecureJarResource(dungeons_arise_seven_seas)
[27May2025 18:40:14.556] [main/DEBUG] [mixin/]: MixinPlatformAgentMinecraftForge rejected container SecureJarResource(dungeons_arise_seven_seas)
[27May2025 18:40:14.556] [main/DEBUG] [mixin/]: Instancing new MixinPlatformAgentDefault for SecureJarResource(dungeons_arise_seven_seas)
[27May2025 18:40:14.556] [main/DEBUG] [mixin/]: MixinPlatformAgentDefault accepted container SecureJarResource(dungeons_arise_seven_seas)
[27May2025 18:40:14.556] [main/DEBUG] [mixin/]: Processing prepare() for PlatformAgent[MixinPlatformAgentDefault:SecureJarResource(dungeons_arise_seven_seas)]
[27May2025 18:40:14.556] [main/DEBUG] [mixin/]: Adding mixin platform agents for container SecureJarResource(forge)
[27May2025 18:40:14.556] [main/DEBUG] [mixin/]: Instancing new MixinPlatformAgentMinecraftForge for SecureJarResource(forge)
[27May2025 18:40:14.556] [main/DEBUG] [mixin/]: MixinPlatformAgentMinecraftForge rejected container SecureJarResource(forge)
[27May2025 18:40:14.556] [main/DEBUG] [mixin/]: Instancing new MixinPlatformAgentDefault for SecureJarResource(forge)
[27May2025 18:40:14.556] [main/DEBUG] [mixin/]: MixinPlatformAgentDefault accepted container SecureJarResource(forge)
[27May2025 18:40:14.556] [main/DEBUG] [mixin/]: Processing prepare() for PlatformAgent[MixinPlatformAgentDefault:SecureJarResource(forge)]
[27May2025 18:40:14.556] [main/DEBUG] [mixin/]: Adding mixin platform agents for container SecureJarResource(tlskincape)
[27May2025 18:40:14.556] [main/DEBUG] [mixin/]: Instancing new MixinPlatformAgentMinecraftForge for SecureJarResource(tlskincape)
[27May2025 18:40:14.556] [main/DEBUG] [mixin/]: MixinPlatformAgentMinecraftForge rejected container SecureJarResource(tlskincape)
[27May2025 18:40:14.556] [main/DEBUG] [mixin/]: Instancing new MixinPlatformAgentDefault for SecureJarResource(tlskincape)
[27May2025 18:40:14.556] [main/DEBUG] [mixin/]: MixinPlatformAgentDefault accepted container SecureJarResource(tlskincape)
[27May2025 18:40:14.557] [main/DEBUG] [mixin/]: Processing prepare() for PlatformAgent[MixinPlatformAgentDefault:SecureJarResource(tlskincape)]
[27May2025 18:40:14.557] [main/DEBUG] [mixin/]: Adding mixin platform agents for container SecureJarResource(embeddium)
[27May2025 18:40:14.557] [main/DEBUG] [mixin/]: Instancing new MixinPlatformAgentMinecraftForge for SecureJarResource(embeddium)
[27May2025 18:40:14.557] [main/DEBUG] [mixin/]: MixinPlatformAgentMinecraftForge rejected container SecureJarResource(embeddium)
[27May2025 18:40:14.557] [main/DEBUG] [mixin/]: Instancing new MixinPlatformAgentDefault for SecureJarResource(embeddium)
[27May2025 18:40:14.557] [main/DEBUG] [mixin/]: MixinPlatformAgentDefault accepted container SecureJarResource(embeddium)
[27May2025 18:40:14.557] [main/DEBUG] [mixin/]: Processing prepare() for PlatformAgent[MixinPlatformAgentDefault:SecureJarResource(embeddium)]
[27May2025 18:40:14.557] [main/DEBUG] [mixin/]: Registering mixin config: embeddium.mixins.json
[27May2025 18:40:14.559] [main/DEBUG] [mixin/]: Adding mixin platform agents for container SecureJarResource(dungeons_arise)
[27May2025 18:40:14.559] [main/DEBUG] [mixin/]: Instancing new MixinPlatformAgentMinecraftForge for SecureJarResource(dungeons_arise)
[27May2025 18:40:14.559] [main/DEBUG] [mixin/]: MixinPlatformAgentMinecraftForge rejected container SecureJarResource(dungeons_arise)
[27May2025 18:40:14.559] [main/DEBUG] [mixin/]: Instancing new MixinPlatformAgentDefault for SecureJarResource(dungeons_arise)
[27May2025 18:40:14.559] [main/DEBUG] [mixin/]: MixinPlatformAgentDefault accepted container SecureJarResource(dungeons_arise)
[27May2025 18:40:14.559] [main/DEBUG] [mixin/]: Processing prepare() for PlatformAgent[MixinPlatformAgentDefault:SecureJarResource(dungeons_arise)]
[27May2025 18:40:14.559] [main/DEBUG] [mixin/]: Adding mixin platform agents for container SecureJarResource(minecraft)
[27May2025 18:40:14.559] [main/DEBUG] [mixin/]: Instancing new MixinPlatformAgentMinecraftForge for SecureJarResource(minecraft)
[27May2025 18:40:14.559] [main/DEBUG] [mixin/]: MixinPlatformAgentMinecraftForge rejected container SecureJarResource(minecraft)
[27May2025 18:40:14.559] [main/DEBUG] [mixin/]: Instancing new MixinPlatformAgentDefault for SecureJarResource(minecraft)
[27May2025 18:40:14.559] [main/DEBUG] [mixin/]: MixinPlatformAgentDefault accepted container SecureJarResource(minecraft)
[27May2025 18:40:14.559] [main/DEBUG] [mixin/]: Processing prepare() for PlatformAgent[MixinPlatformAgentDefault:SecureJarResource(minecraft)]
[27May2025 18:40:14.559] [main/DEBUG] [mixin/]: Adding mixin platform agents for container SecureJarResource(dungeons_and_combat)
[27May2025 18:40:14.559] [main/DEBUG] [mixin/]: Instancing new MixinPlatformAgentMinecraftForge for SecureJarResource(dungeons_and_combat)
[27May2025 18:40:14.559] [main/DEBUG] [mixin/]: MixinPlatformAgentMinecraftForge rejected container SecureJarResource(dungeons_and_combat)
[27May2025 18:40:14.559] [main/DEBUG] [mixin/]: Instancing new MixinPlatformAgentDefault for SecureJarResource(dungeons_and_combat)
[27May2025 18:40:14.559] [main/DEBUG] [mixin/]: MixinPlatformAgentDefault accepted container SecureJarResource(dungeons_and_combat)
[27May2025 18:40:14.560] [main/DEBUG] [mixin/]: Processing prepare() for PlatformAgent[MixinPlatformAgentDefault:SecureJarResource(dungeons_and_combat)]
[27May2025 18:40:14.560] [main/DEBUG] [mixin/]: Adding mixin platform agents for container SecureJarResource(alexscaves)
[27May2025 18:40:14.560] [main/DEBUG] [mixin/]: Instancing new MixinPlatformAgentMinecraftForge for SecureJarResource(alexscaves)
[27May2025 18:40:14.560] [main/DEBUG] [mixin/]: MixinPlatformAgentMinecraftForge rejected container SecureJarResource(alexscaves)
[27May2025 18:40:14.560] [main/DEBUG] [mixin/]: Instancing new MixinPlatformAgentDefault for SecureJarResource(alexscaves)
[27May2025 18:40:14.560] [main/DEBUG] [mixin/]: MixinPlatformAgentDefault accepted container SecureJarResource(alexscaves)
[27May2025 18:40:14.560] [main/DEBUG] [mixin/]: Processing prepare() for PlatformAgent[MixinPlatformAgentDefault:SecureJarResource(alexscaves)]
[27May2025 18:40:14.560] [main/DEBUG] [mixin/]: Registering mixin config: citadel.mixins.json
[27May2025 18:40:14.560] [main/DEBUG] [mixin/]: Registering mixin config: alexscaves.mixins.json
[27May2025 18:40:14.562] [main/DEBUG] [mixin/]: Adding mixin platform agents for container SecureJarResource(nightmareesm)
[27May2025 18:40:14.562] [main/DEBUG] [mixin/]: Instancing new MixinPlatformAgentMinecraftForge for SecureJarResource(nightmareesm)
[27May2025 18:40:14.562] [main/DEBUG] [mixin/]: MixinPlatformAgentMinecraftForge rejected container SecureJarResource(nightmareesm)
[27May2025 18:40:14.562] [main/DEBUG] [mixin/]: Instancing new MixinPlatformAgentDefault for SecureJarResource(nightmareesm)
[27May2025 18:40:14.562] [main/DEBUG] [mixin/]: MixinPlatformAgentDefault accepted container SecureJarResource(nightmareesm)
[27May2025 18:40:14.563] [main/DEBUG] [mixin/]: Processing prepare() for PlatformAgent[MixinPlatformAgentDefault:SecureJarResource(nightmareesm)]
[27May2025 18:40:14.563] [main/DEBUG] [mixin/]: Adding mixin platform agents for container SecureJarResource(mofus_better_end_)
[27May2025 18:40:14.563] [main/DEBUG] [mixin/]: Instancing new MixinPlatformAgentMinecraftForge for SecureJarResource(mofus_better_end_)
[27May2025 18:40:14.563] [main/DEBUG] [mixin/]: MixinPlatformAgentMinecraftForge rejected container SecureJarResource(mofus_better_end_)
[27May2025 18:40:14.563] [main/DEBUG] [mixin/]: Instancing new MixinPlatformAgentDefault for SecureJarResource(mofus_better_end_)
[27May2025 18:40:14.563] [main/DEBUG] [mixin/]: MixinPlatformAgentDefault accepted container SecureJarResource(mofus_better_end_)
[27May2025 18:40:14.563] [main/DEBUG] [mixin/]: Processing prepare() for PlatformAgent[MixinPlatformAgentDefault:SecureJarResource(mofus_better_end_)]
[27May2025 18:40:14.563] [main/DEBUG] [mixin/]: Registering mixin config: mixins.mofus_better_end_.json
[27May2025 18:40:14.564] [main/DEBUG] [mixin/]: Adding mixin platform agents for container SecureJarResource(creativecore)
[27May2025 18:40:14.564] [main/DEBUG] [mixin/]: Instancing new MixinPlatformAgentMinecraftForge for SecureJarResource(creativecore)
[27May2025 18:40:14.565] [main/DEBUG] [mixin/]: MixinPlatformAgentMinecraftForge rejected container SecureJarResource(creativecore)
[27May2025 18:40:14.565] [main/DEBUG] [mixin/]: Instancing new MixinPlatformAgentDefault for SecureJarResource(creativecore)
[27May2025 18:40:14.565] [main/DEBUG] [mixin/]: MixinPlatformAgentDefault accepted container SecureJarResource(creativecore)
[27May2025 18:40:14.565] [main/DEBUG] [mixin/]: Processing prepare() for PlatformAgent[MixinPlatformAgentDefault:SecureJarResource(creativecore)]
[27May2025 18:40:14.565] [main/DEBUG] [mixin/]: Registering mixin config: creativecore.mixins.json
[27May2025 18:40:14.566] [main/DEBUG] [mixin/]: Registering mixin config: creativecore.forge.mixins.json
[27May2025 18:40:14.568] [main/DEBUG] [mixin/]: Adding mixin platform agents for container SecureJarResource(chunky)
[27May2025 18:40:14.568] [main/DEBUG] [mixin/]: Instancing new MixinPlatformAgentMinecraftForge for SecureJarResource(chunky)
[27May2025 18:40:14.568] [main/DEBUG] [mixin/]: MixinPlatformAgentMinecraftForge rejected container SecureJarResource(chunky)
[27May2025 18:40:14.568] [main/DEBUG] [mixin/]: Instancing new MixinPlatformAgentDefault for SecureJarResource(chunky)
[27May2025 18:40:14.568] [main/DEBUG] [mixin/]: MixinPlatformAgentDefault accepted container SecureJarResource(chunky)
[27May2025 18:40:14.568] [main/DEBUG] [mixin/]: Processing prepare() for PlatformAgent[MixinPlatformAgentDefault:SecureJarResource(chunky)]
[27May2025 18:40:14.568] [main/DEBUG] [mixin/]: Adding mixin platform agents for container SecureJarResource(eeeabsmobs)
[27May2025 18:40:14.568] [main/DEBUG] [mixin/]: Instancing new MixinPlatformAgentMinecraftForge for SecureJarResource(eeeabsmobs)
[27May2025 18:40:14.568] [main/DEBUG] [mixin/]: MixinPlatformAgentMinecraftForge rejected container SecureJarResource(eeeabsmobs)
[27May2025 18:40:14.568] [main/DEBUG] [mixin/]: Instancing new MixinPlatformAgentDefault for SecureJarResource(eeeabsmobs)
[27May2025 18:40:14.569] [main/DEBUG] [mixin/]: MixinPlatformAgentDefault accepted container SecureJarResource(eeeabsmobs)
[27May2025 18:40:14.569] [main/DEBUG] [mixin/]: Processing prepare() for PlatformAgent[MixinPlatformAgentDefault:SecureJarResource(eeeabsmobs)]
[27May2025 18:40:14.569] [main/DEBUG] [mixin/]: Registering mixin config: eeeabsmobs.mixins.json
[27May2025 18:40:14.571] [main/DEBUG] [mixin/]: Adding mixin platform agents for container SecureJarResource(servercore)
[27May2025 18:40:14.571] [main/DEBUG] [mixin/]: Instancing new MixinPlatformAgentMinecraftForge for SecureJarResource(servercore)
[27May2025 18:40:14.571] [main/DEBUG] [mixin/]: MixinPlatformAgentMinecraftForge rejected container SecureJarResource(servercore)
[27May2025 18:40:14.571] [main/DEBUG] [mixin/]: Instancing new MixinPlatformAgentDefault for SecureJarResource(servercore)
[27May2025 18:40:14.571] [main/DEBUG] [mixin/]: MixinPlatformAgentDefault accepted container SecureJarResource(servercore)
[27May2025 18:40:14.571] [main/DEBUG] [mixin/]: Processing prepare() for PlatformAgent[MixinPlatformAgentDefault:SecureJarResource(servercore)]
[27May2025 18:40:14.571] [main/DEBUG] [mixin/]: Registering mixin config: servercore.common.mixins.json
[27May2025 18:40:14.574] [main/DEBUG] [mixin/]: Compatibility level JAVA_16 specified by servercore.common.mixins.json is higher than the maximum level supported by this version of mixin (JAVA_13).
[27May2025 18:40:14.574] [main/DEBUG] [mixin/]: Adding mixin platform agents for container SecureJarResource(lionfishapi)
[27May2025 18:40:14.574] [main/DEBUG] [mixin/]: Instancing new MixinPlatformAgentMinecraftForge for SecureJarResource(lionfishapi)
[27May2025 18:40:14.574] [main/DEBUG] [mixin/]: MixinPlatformAgentMinecraftForge rejected container SecureJarResource(lionfishapi)
[27May2025 18:40:14.574] [main/DEBUG] [mixin/]: Instancing new MixinPlatformAgentDefault for SecureJarResource(lionfishapi)
[27May2025 18:40:14.574] [main/DEBUG] [mixin/]: MixinPlatformAgentDefault accepted container SecureJarResource(lionfishapi)
[27May2025 18:40:14.574] [main/DEBUG] [mixin/]: Processing prepare() for PlatformAgent[MixinPlatformAgentDefault:SecureJarResource(lionfishapi)]
[27May2025 18:40:14.574] [main/DEBUG] [mixin/]: Registering mixin config: lionfishapi.mixins.json
[27May2025 18:40:14.576] [main/DEBUG] [mixin/]: Adding mixin platform agents for container SecureJarResource(traveloptics)
[27May2025 18:40:14.576] [main/DEBUG] [mixin/]: Instancing new MixinPlatformAgentMinecraftForge for SecureJarResource(traveloptics)
[27May2025 18:40:14.576] [main/DEBUG] [mixin/]: MixinPlatformAgentMinecraftForge rejected container SecureJarResource(traveloptics)
[27May2025 18:40:14.576] [main/DEBUG] [mixin/]: Instancing new MixinPlatformAgentDefault for SecureJarResource(traveloptics)
[27May2025 18:40:14.576] [main/DEBUG] [mixin/]: MixinPlatformAgentDefault accepted container SecureJarResource(traveloptics)
[27May2025 18:40:14.576] [main/DEBUG] [mixin/]: Processing prepare() for PlatformAgent[MixinPlatformAgentDefault:SecureJarResource(traveloptics)]
[27May2025 18:40:14.576] [main/DEBUG] [mixin/]: Adding mixin platform agents for container SecureJarResource(cataclysm)
[27May2025 18:40:14.576] [main/DEBUG] [mixin/]: Instancing new MixinPlatformAgentMinecraftForge for SecureJarResource(cataclysm)
[27May2025 18:40:14.576] [main/DEBUG] [mixin/]: MixinPlatformAgentMinecraftForge rejected container SecureJarResource(cataclysm)
[27May2025 18:40:14.577] [main/DEBUG] [mixin/]: Instancing new MixinPlatformAgentDefault for SecureJarResource(cataclysm)
[27May2025 18:40:14.577] [main/DEBUG] [mixin/]: MixinPlatformAgentDefault accepted container SecureJarResource(cataclysm)
[27May2025 18:40:14.577] [main/DEBUG] [mixin/]: Processing prepare() for PlatformAgent[MixinPlatformAgentDefault:SecureJarResource(cataclysm)]
[27May2025 18:40:14.577] [main/DEBUG] [mixin/]: Registering mixin config: lionfishapi.mixins.json
[27May2025 18:40:14.577] [main/DEBUG] [mixin/]: Registering mixin config: cataclysm.mixins.json
[27May2025 18:40:14.578] [main/DEBUG] [mixin/]: Adding mixin platform agents for container SecureJarResource(curios)
[27May2025 18:40:14.578] [main/DEBUG] [mixin/]: Instancing new MixinPlatformAgentMinecraftForge for SecureJarResource(curios)
[27May2025 18:40:14.579] [main/DEBUG] [mixin/]: MixinPlatformAgentMinecraftForge rejected container SecureJarResource(curios)
[27May2025 18:40:14.579] [main/DEBUG] [mixin/]: Instancing new MixinPlatformAgentDefault for SecureJarResource(curios)
[27May2025 18:40:14.579] [main/DEBUG] [mixin/]: MixinPlatformAgentDefault accepted container SecureJarResource(curios)
[27May2025 18:40:14.579] [main/DEBUG] [mixin/]: Processing prepare() for PlatformAgent[MixinPlatformAgentDefault:SecureJarResource(curios)]
[27May2025 18:40:14.579] [main/DEBUG] [mixin/]: Registering mixin config: curios.mixins.json
[27May2025 18:40:14.580] [main/DEBUG] [mixin/]: Adding mixin platform agents for container SecureJarResource(legendary_monsters)
[27May2025 18:40:14.580] [main/DEBUG] [mixin/]: Instancing new MixinPlatformAgentMinecraftForge for SecureJarResource(legendary_monsters)
[27May2025 18:40:14.580] [main/DEBUG] [mixin/]: MixinPlatformAgentMinecraftForge rejected container SecureJarResource(legendary_monsters)
[27May2025 18:40:14.580] [main/DEBUG] [mixin/]: Instancing new MixinPlatformAgentDefault for SecureJarResource(legendary_monsters)
[27May2025 18:40:14.581] [main/DEBUG] [mixin/]: MixinPlatformAgentDefault accepted container SecureJarResource(legendary_monsters)
[27May2025 18:40:14.581] [main/DEBUG] [mixin/]: Processing prepare() for PlatformAgent[MixinPlatformAgentDefault:SecureJarResource(legendary_monsters)]
[27May2025 18:40:14.581] [main/DEBUG] [mixin/]: Registering mixin config: legendary_monsters.mixins.json
[27May2025 18:40:14.582] [main/DEBUG] [mixin/]: Adding mixin platform agents for container SecureJarResource(irons_spellbooks)
[27May2025 18:40:14.582] [main/DEBUG] [mixin/]: Instancing new MixinPlatformAgentMinecraftForge for SecureJarResource(irons_spellbooks)
[27May2025 18:40:14.582] [main/DEBUG] [mixin/]: MixinPlatformAgentMinecraftForge rejected container SecureJarResource(irons_spellbooks)
[27May2025 18:40:14.582] [main/DEBUG] [mixin/]: Instancing new MixinPlatformAgentDefault for SecureJarResource(irons_spellbooks)
[27May2025 18:40:14.583] [main/DEBUG] [mixin/]: MixinPlatformAgentDefault accepted container SecureJarResource(irons_spellbooks)
[27May2025 18:40:14.583] [main/DEBUG] [mixin/]: Processing prepare() for PlatformAgent[MixinPlatformAgentDefault:SecureJarResource(irons_spellbooks)]
[27May2025 18:40:14.583] [main/DEBUG] [mixin/]: Registering mixin config: mixins.irons_spellbooks.json
[27May2025 18:40:14.584] [main/DEBUG] [mixin/]: Adding mixin platform agents for container SecureJarResource(attributeslib)
[27May2025 18:40:14.585] [main/DEBUG] [mixin/]: Instancing new MixinPlatformAgentMinecraftForge for SecureJarResource(attributeslib)
[27May2025 18:40:14.585] [main/DEBUG] [mixin/]: MixinPlatformAgentMinecraftForge rejected container SecureJarResource(attributeslib)
[27May2025 18:40:14.585] [main/DEBUG] [mixin/]: Instancing new MixinPlatformAgentDefault for SecureJarResource(attributeslib)
[27May2025 18:40:14.585] [main/DEBUG] [mixin/]: MixinPlatformAgentDefault accepted container SecureJarResource(attributeslib)
[27May2025 18:40:14.585] [main/DEBUG] [mixin/]: Processing prepare() for PlatformAgent[MixinPlatformAgentDefault:SecureJarResource(attributeslib)]
[27May2025 18:40:14.585] [main/DEBUG] [mixin/]: Registering mixin config: attributeslib.mixins.json
[27May2025 18:40:14.586] [main/DEBUG] [mixin/]: Adding mixin platform agents for container SecureJarResource(entityculling)
[27May2025 18:40:14.586] [main/DEBUG] [mixin/]: Instancing new MixinPlatformAgentMinecraftForge for SecureJarResource(entityculling)
[27May2025 18:40:14.586] [main/DEBUG] [mixin/]: MixinPlatformAgentMinecraftForge rejected container SecureJarResource(entityculling)
[27May2025 18:40:14.586] [main/DEBUG] [mixin/]: Instancing new MixinPlatformAgentDefault for SecureJarResource(entityculling)
[27May2025 18:40:14.586] [main/DEBUG] [mixin/]: MixinPlatformAgentDefault accepted container SecureJarResource(entityculling)
[27May2025 18:40:14.586] [main/DEBUG] [mixin/]: Processing prepare() for PlatformAgent[MixinPlatformAgentDefault:SecureJarResource(entityculling)]
[27May2025 18:40:14.586] [main/DEBUG] [mixin/]: Registering mixin config: entityculling.mixins.json
[27May2025 18:40:14.588] [main/DEBUG] [mixin/]: Compatibility level JAVA_16 specified by entityculling.mixins.json is higher than the maximum level supported by this version of mixin (JAVA_13).
[27May2025 18:40:14.588] [main/DEBUG] [mixin/]: Adding mixin platform agents for container SecureJarResource(canary)
[27May2025 18:40:14.588] [main/DEBUG] [mixin/]: Instancing new MixinPlatformAgentMinecraftForge for SecureJarResource(canary)
[27May2025 18:40:14.588] [main/DEBUG] [mixin/]: MixinPlatformAgentMinecraftForge rejected container SecureJarResource(canary)
[27May2025 18:40:14.588] [main/DEBUG] [mixin/]: Instancing new MixinPlatformAgentDefault for SecureJarResource(canary)
[27May2025 18:40:14.588] [main/DEBUG] [mixin/]: MixinPlatformAgentDefault accepted container SecureJarResource(canary)
[27May2025 18:40:14.588] [main/DEBUG] [mixin/]: Processing prepare() for PlatformAgent[MixinPlatformAgentDefault:SecureJarResource(canary)]
[27May2025 18:40:14.588] [main/DEBUG] [mixin/]: Registering mixin config: canary.mixins.json
[27May2025 18:40:14.590] [main/DEBUG] [mixin/]: Adding mixin platform agents for container SecureJarResource(tombstone)
[27May2025 18:40:14.590] [main/DEBUG] [mixin/]: Instancing new MixinPlatformAgentMinecraftForge for SecureJarResource(tombstone)
[27May2025 18:40:14.590] [main/DEBUG] [mixin/]: MixinPlatformAgentMinecraftForge rejected container SecureJarResource(tombstone)
[27May2025 18:40:14.590] [main/DEBUG] [mixin/]: Instancing new MixinPlatformAgentDefault for SecureJarResource(tombstone)
[27May2025 18:40:14.590] [main/DEBUG] [mixin/]: MixinPlatformAgentDefault accepted container SecureJarResource(tombstone)
[27May2025 18:40:14.590] [main/DEBUG] [mixin/]: Processing prepare() for PlatformAgent[MixinPlatformAgentDefault:SecureJarResource(tombstone)]
[27May2025 18:40:14.590] [main/DEBUG] [mixin/]: Registering mixin config: tombstone.mixins.json
[27May2025 18:40:14.592] [main/DEBUG] [mixin/]: Adding mixin platform agents for container SecureJarResource(architectury)
[27May2025 18:40:14.592] [main/DEBUG] [mixin/]: Instancing new MixinPlatformAgentMinecraftForge for SecureJarResource(architectury)
[27May2025 18:40:14.592] [main/DEBUG] [mixin/]: MixinPlatformAgentMinecraftForge rejected container SecureJarResource(architectury)
[27May2025 18:40:14.592] [main/DEBUG] [mixin/]: Instancing new MixinPlatformAgentDefault for SecureJarResource(architectury)
[27May2025 18:40:14.592] [main/DEBUG] [mixin/]: MixinPlatformAgentDefault accepted container SecureJarResource(architectury)
[27May2025 18:40:14.592] [main/DEBUG] [mixin/]: Processing prepare() for PlatformAgent[MixinPlatformAgentDefault:SecureJarResource(architectury)]
[27May2025 18:40:14.592] [main/DEBUG] [mixin/]: Registering mixin config: architectury.mixins.json
[27May2025 18:40:14.593] [main/DEBUG] [mixin/]: Compatibility level JAVA_16 specified by architectury.mixins.json is higher than the maximum level supported by this version of mixin (JAVA_13).
[27May2025 18:40:14.594] [main/DEBUG] [mixin/]: Registering mixin config: architectury-common.mixins.json
[27May2025 18:40:14.596] [main/DEBUG] [mixin/]: Compatibility level JAVA_16 specified by architectury-common.mixins.json is higher than the maximum level supported by this version of mixin (JAVA_13).
[27May2025 18:40:14.596] [main/DEBUG] [mixin/]: Adding mixin platform agents for container SecureJarResource(octolib)
[27May2025 18:40:14.596] [main/DEBUG] [mixin/]: Instancing new MixinPlatformAgentMinecraftForge for SecureJarResource(octolib)
[27May2025 18:40:14.596] [main/DEBUG] [mixin/]: MixinPlatformAgentMinecraftForge rejected container SecureJarResource(octolib)
[27May2025 18:40:14.596] [main/DEBUG] [mixin/]: Instancing new MixinPlatformAgentDefault for SecureJarResource(octolib)
[27May2025 18:40:14.596] [main/DEBUG] [mixin/]: MixinPlatformAgentDefault accepted container SecureJarResource(octolib)
[27May2025 18:40:14.596] [main/DEBUG] [mixin/]: Processing prepare() for PlatformAgent[MixinPlatformAgentDefault:SecureJarResource(octolib)]
[27May2025 18:40:14.596] [main/DEBUG] [mixin/]: Adding mixin platform agents for container SecureJarResource(nerb)
[27May2025 18:40:14.596] [main/DEBUG] [mixin/]: Instancing new MixinPlatformAgentMinecraftForge for SecureJarResource(nerb)
[27May2025 18:40:14.596] [main/DEBUG] [mixin/]: MixinPlatformAgentMinecraftForge rejected container SecureJarResource(nerb)
[27May2025 18:40:14.596] [main/DEBUG] [mixin/]: Instancing new MixinPlatformAgentDefault for SecureJarResource(nerb)
[27May2025 18:40:14.596] [main/DEBUG] [mixin/]: MixinPlatformAgentDefault accepted container SecureJarResource(nerb)
[27May2025 18:40:14.596] [main/DEBUG] [mixin/]: Processing prepare() for PlatformAgent[MixinPlatformAgentDefault:SecureJarResource(nerb)]
[27May2025 18:40:14.596] [main/DEBUG] [mixin/]: Registering mixin config: nerb-common.mixins.json
[27May2025 18:40:14.598] [main/DEBUG] [mixin/]: Adding mixin platform agents for container SecureJarResource(ferritecore)
[27May2025 18:40:14.598] [main/DEBUG] [mixin/]: Instancing new MixinPlatformAgentMinecraftForge for SecureJarResource(ferritecore)
[27May2025 18:40:14.598] [main/DEBUG] [mixin/]: MixinPlatformAgentMinecraftForge rejected container SecureJarResource(ferritecore)
[27May2025 18:40:14.598] [main/DEBUG] [mixin/]: Instancing new MixinPlatformAgentDefault for SecureJarResource(ferritecore)
[27May2025 18:40:14.598] [main/DEBUG] [mixin/]: MixinPlatformAgentDefault accepted container SecureJarResource(ferritecore)
[27May2025 18:40:14.598] [main/DEBUG] [mixin/]: Processing prepare() for PlatformAgent[MixinPlatformAgentDefault:SecureJarResource(ferritecore)]
[27May2025 18:40:14.598] [main/DEBUG] [mixin/]: Registering mixin config: ferritecore.predicates.mixin.json
[27May2025 18:40:14.599] [main/DEBUG] [mixin/]: Registering mixin config: ferritecore.fastmap.mixin.json
[27May2025 18:40:14.600] [main/DEBUG] [mixin/]: Registering mixin config: ferritecore.mrl.mixin.json
[27May2025 18:40:14.602] [main/DEBUG] [mixin/]: Registering mixin config: ferritecore.dedupmultipart.mixin.json
[27May2025 18:40:14.603] [main/DEBUG] [mixin/]: Registering mixin config: ferritecore.blockstatecache.mixin.json
[27May2025 18:40:14.605] [main/DEBUG] [mixin/]: Registering mixin config: ferritecore.dedupbakedquad.mixin.json
[27May2025 18:40:14.606] [main/DEBUG] [mixin/]: Registering mixin config: ferritecore.threaddetec.mixin.json
[27May2025 18:40:14.608] [main/DEBUG] [mixin/]: Registering mixin config: ferritecore.modelsides.mixin.json
[27May2025 18:40:14.609] [main/DEBUG] [mixin/]: Adding mixin platform agents for container SecureJarResource(aiimprovements)
[27May2025 18:40:14.609] [main/DEBUG] [mixin/]: Instancing new MixinPlatformAgentMinecraftForge for SecureJarResource(aiimprovements)
[27May2025 18:40:14.609] [main/DEBUG] [mixin/]: MixinPlatformAgentMinecraftForge rejected container SecureJarResource(aiimprovements)
[27May2025 18:40:14.609] [main/DEBUG] [mixin/]: Instancing new MixinPlatformAgentDefault for SecureJarResource(aiimprovements)
[27May2025 18:40:14.609] [main/DEBUG] [mixin/]: MixinPlatformAgentDefault accepted container SecureJarResource(aiimprovements)
[27May2025 18:40:14.609] [main/DEBUG] [mixin/]: Processing prepare() for PlatformAgent[MixinPlatformAgentDefault:SecureJarResource(aiimprovements)]
[27May2025 18:40:14.609] [main/DEBUG] [mixin/]: Adding mixin platform agents for container SecureJarResource(embeddium_extra)
[27May2025 18:40:14.609] [main/DEBUG] [mixin/]: Instancing new MixinPlatformAgentMinecraftForge for SecureJarResource(embeddium_extra)
[27May2025 18:40:14.609] [main/DEBUG] [mixin/]: MixinPlatformAgentMinecraftForge rejected container SecureJarResource(embeddium_extra)
[27May2025 18:40:14.609] [main/DEBUG] [mixin/]: Instancing new MixinPlatformAgentDefault for SecureJarResource(embeddium_extra)
[27May2025 18:40:14.609] [main/DEBUG] [mixin/]: MixinPlatformAgentDefault accepted container SecureJarResource(embeddium_extra)
[27May2025 18:40:14.610] [main/DEBUG] [mixin/]: Processing prepare() for PlatformAgent[MixinPlatformAgentDefault:SecureJarResource(embeddium_extra)]
[27May2025 18:40:14.610] [main/DEBUG] [mixin/]: Registering mixin config: sodium-extra.mixins.json
[27May2025 18:40:14.611] [main/DEBUG] [mixin/]: Adding mixin platform agents for container SecureJarResource(cupboard)
[27May2025 18:40:14.611] [main/DEBUG] [mixin/]: Instancing new MixinPlatformAgentMinecraftForge for SecureJarResource(cupboard)
[27May2025 18:40:14.611] [main/DEBUG] [mixin/]: MixinPlatformAgentMinecraftForge rejected container SecureJarResource(cupboard)
[27May2025 18:40:14.611] [main/DEBUG] [mixin/]: Instancing new MixinPlatformAgentDefault for SecureJarResource(cupboard)
[27May2025 18:40:14.611] [main/DEBUG] [mixin/]: MixinPlatformAgentDefault accepted container SecureJarResource(cupboard)
[27May2025 18:40:14.611] [main/DEBUG] [mixin/]: Processing prepare() for PlatformAgent[MixinPlatformAgentDefault:SecureJarResource(cupboard)]
[27May2025 18:40:14.611] [main/DEBUG] [mixin/]: Registering mixin config: cupboard.mixins.json
[27May2025 18:40:14.613] [main/DEBUG] [mixin/]: Adding mixin platform agents for container SecureJarResource(playerrevive)
[27May2025 18:40:14.613] [main/DEBUG] [mixin/]: Instancing new MixinPlatformAgentMinecraftForge for SecureJarResource(playerrevive)
[27May2025 18:40:14.613] [main/DEBUG] [mixin/]: MixinPlatformAgentMinecraftForge rejected container SecureJarResource(playerrevive)
[27May2025 18:40:14.613] [main/DEBUG] [mixin/]: Instancing new MixinPlatformAgentDefault for SecureJarResource(playerrevive)
[27May2025 18:40:14.613] [main/DEBUG] [mixin/]: MixinPlatformAgentDefault accepted container SecureJarResource(playerrevive)
[27May2025 18:40:14.613] [main/DEBUG] [mixin/]: Processing prepare() for PlatformAgent[MixinPlatformAgentDefault:SecureJarResource(playerrevive)]
[27May2025 18:40:14.613] [main/DEBUG] [mixin/]: Registering mixin config: playerrevive.mixins.json
[27May2025 18:40:14.614] [main/DEBUG] [mixin/]: Adding mixin platform agents for container SecureJarResource(cdmoveset)
[27May2025 18:40:14.614] [main/DEBUG] [mixin/]: Instancing new MixinPlatformAgentMinecraftForge for SecureJarResource(cdmoveset)
[27May2025 18:40:14.614] [main/DEBUG] [mixin/]: MixinPlatformAgentMinecraftForge rejected container SecureJarResource(cdmoveset)
[27May2025 18:40:14.614] [main/DEBUG] [mixin/]: Instancing new MixinPlatformAgentDefault for SecureJarResource(cdmoveset)
[27May2025 18:40:14.615] [main/DEBUG] [mixin/]: MixinPlatformAgentDefault accepted container SecureJarResource(cdmoveset)
[27May2025 18:40:14.615] [main/DEBUG] [mixin/]: Processing prepare() for PlatformAgent[MixinPlatformAgentDefault:SecureJarResource(cdmoveset)]
[27May2025 18:40:14.615] [main/DEBUG] [mixin/]: Registering mixin config: cdmoveset.mixins.json
[27May2025 18:40:14.616] [main/DEBUG] [mixin/]: Adding mixin platform agents for container SecureJarResource(epicfight)
[27May2025 18:40:14.616] [main/DEBUG] [mixin/]: Instancing new MixinPlatformAgentMinecraftForge for SecureJarResource(epicfight)
[27May2025 18:40:14.616] [main/DEBUG] [mixin/]: MixinPlatformAgentMinecraftForge rejected container SecureJarResource(epicfight)
[27May2025 18:40:14.616] [main/DEBUG] [mixin/]: Instancing new MixinPlatformAgentDefault for SecureJarResource(epicfight)
[27May2025 18:40:14.616] [main/DEBUG] [mixin/]: MixinPlatformAgentDefault accepted container SecureJarResource(epicfight)
[27May2025 18:40:14.616] [main/DEBUG] [mixin/]: Processing prepare() for PlatformAgent[MixinPlatformAgentDefault:SecureJarResource(epicfight)]
[27May2025 18:40:14.616] [main/DEBUG] [mixin/]: Registering mixin config: mixins.epicfight.json
[27May2025 18:40:14.618] [main/DEBUG] [mixin/]: Adding mixin platform agents for container SecureJarResource(wom)
[27May2025 18:40:14.618] [main/DEBUG] [mixin/]: Instancing new MixinPlatformAgentMinecraftForge for SecureJarResource(wom)
[27May2025 18:40:14.618] [main/DEBUG] [mixin/]: MixinPlatformAgentMinecraftForge rejected container SecureJarResource(wom)
[27May2025 18:40:14.618] [main/DEBUG] [mixin/]: Instancing new MixinPlatformAgentDefault for SecureJarResource(wom)
[27May2025 18:40:14.618] [main/DEBUG] [mixin/]: MixinPlatformAgentDefault accepted container SecureJarResource(wom)
[27May2025 18:40:14.618] [main/DEBUG] [mixin/]: Processing prepare() for PlatformAgent[MixinPlatformAgentDefault:SecureJarResource(wom)]
[27May2025 18:40:14.618] [main/DEBUG] [mixin/]: Adding mixin platform agents for container SecureJarResource(mclib)
[27May2025 18:40:14.618] [main/DEBUG] [mixin/]: Instancing new MixinPlatformAgentMinecraftForge for SecureJarResource(mclib)
[27May2025 18:40:14.618] [main/DEBUG] [mixin/]: MixinPlatformAgentMinecraftForge rejected container SecureJarResource(mclib)
[27May2025 18:40:14.618] [main/DEBUG] [mixin/]: Instancing new MixinPlatformAgentDefault for SecureJarResource(mclib)
[27May2025 18:40:14.618] [main/DEBUG] [mixin/]: MixinPlatformAgentDefault accepted container SecureJarResource(mclib)
[27May2025 18:40:14.618] [main/DEBUG] [mixin/]: Processing prepare() for PlatformAgent[MixinPlatformAgentDefault:SecureJarResource(mclib)]
[27May2025 18:40:14.618] [main/DEBUG] [mixin/]: Adding mixin platform agents for container SecureJarResource(NanoLiveConfig)
[27May2025 18:40:14.618] [main/DEBUG] [mixin/]: Instancing new MixinPlatformAgentMinecraftForge for SecureJarResource(NanoLiveConfig)
[27May2025 18:40:14.618] [main/DEBUG] [mixin/]: MixinPlatformAgentMinecraftForge rejected container SecureJarResource(NanoLiveConfig)
[27May2025 18:40:14.618] [main/DEBUG] [mixin/]: Instancing new MixinPlatformAgentDefault for SecureJarResource(NanoLiveConfig)
[27May2025 18:40:14.618] [main/DEBUG] [mixin/]: MixinPlatformAgentDefault accepted container SecureJarResource(NanoLiveConfig)
[27May2025 18:40:14.618] [main/DEBUG] [mixin/]: Processing prepare() for PlatformAgent[MixinPlatformAgentDefault:SecureJarResource(NanoLiveConfig)]
[27May2025 18:40:14.618] [main/DEBUG] [mixin/]: Adding mixin platform agents for container SecureJarResource(space.arim.dazzleconf)
[27May2025 18:40:14.618] [main/DEBUG] [mixin/]: Instancing new MixinPlatformAgentMinecraftForge for SecureJarResource(space.arim.dazzleconf)
[27May2025 18:40:14.618] [main/DEBUG] [mixin/]: MixinPlatformAgentMinecraftForge rejected container SecureJarResource(space.arim.dazzleconf)
[27May2025 18:40:14.618] [main/DEBUG] [mixin/]: Instancing new MixinPlatformAgentDefault for SecureJarResource(space.arim.dazzleconf)
[27May2025 18:40:14.618] [main/DEBUG] [mixin/]: MixinPlatformAgentDefault accepted container SecureJarResource(space.arim.dazzleconf)
[27May2025 18:40:14.618] [main/DEBUG] [mixin/]: Processing prepare() for PlatformAgent[MixinPlatformAgentDefault:SecureJarResource(space.arim.dazzleconf)]
[27May2025 18:40:14.618] [main/DEBUG] [mixin/]: Adding mixin platform agents for container SecureJarResource(org.yaml.snakeyaml)
[27May2025 18:40:14.618] [main/DEBUG] [mixin/]: Instancing new MixinPlatformAgentMinecraftForge for SecureJarResource(org.yaml.snakeyaml)
[27May2025 18:40:14.619] [main/DEBUG] [mixin/]: MixinPlatformAgentMinecraftForge rejected container SecureJarResource(org.yaml.snakeyaml)
[27May2025 18:40:14.619] [main/DEBUG] [mixin/]: Instancing new MixinPlatformAgentDefault for SecureJarResource(org.yaml.snakeyaml)
[27May2025 18:40:14.619] [main/DEBUG] [mixin/]: MixinPlatformAgentDefault accepted container SecureJarResource(org.yaml.snakeyaml)
[27May2025 18:40:14.619] [main/DEBUG] [mixin/]: Processing prepare() for PlatformAgent[MixinPlatformAgentDefault:SecureJarResource(org.yaml.snakeyaml)]
[27May2025 18:40:14.619] [main/DEBUG] [mixin/]: Adding mixin platform agents for container SecureJarResource(space.arim.dazzleconf.ext.snakeyaml)
[27May2025 18:40:14.619] [main/DEBUG] [mixin/]: Instancing new MixinPlatformAgentMinecraftForge for SecureJarResource(space.arim.dazzleconf.ext.snakeyaml)
[27May2025 18:40:14.619] [main/DEBUG] [mixin/]: MixinPlatformAgentMinecraftForge rejected container SecureJarResource(space.arim.dazzleconf.ext.snakeyaml)
[27May2025 18:40:14.619] [main/DEBUG] [mixin/]: Instancing new MixinPlatformAgentDefault for SecureJarResource(space.arim.dazzleconf.ext.snakeyaml)
[27May2025 18:40:14.619] [main/DEBUG] [mixin/]: MixinPlatformAgentDefault accepted container SecureJarResource(space.arim.dazzleconf.ext.snakeyaml)
[27May2025 18:40:14.619] [main/DEBUG] [mixin/]: Processing prepare() for PlatformAgent[MixinPlatformAgentDefault:SecureJarResource(space.arim.dazzleconf.ext.snakeyaml)]
[27May2025 18:40:14.619] [main/DEBUG] [mixin/]: Adding mixin platform agents for container SecureJarResource(MixinExtras)
[27May2025 18:40:14.619] [main/DEBUG] [mixin/]: Instancing new MixinPlatformAgentMinecraftForge for SecureJarResource(MixinExtras)
[27May2025 18:40:14.619] [main/DEBUG] [mixin/]: MixinPlatformAgentMinecraftForge rejected container SecureJarResource(MixinExtras)
[27May2025 18:40:14.619] [main/DEBUG] [mixin/]: Instancing new MixinPlatformAgentDefault for SecureJarResource(MixinExtras)
[27May2025 18:40:14.619] [main/DEBUG] [mixin/]: MixinPlatformAgentDefault accepted container SecureJarResource(MixinExtras)
[27May2025 18:40:14.619] [main/DEBUG] [mixin/]: Processing prepare() for PlatformAgent[MixinPlatformAgentDefault:SecureJarResource(MixinExtras)]
[27May2025 18:40:14.619] [main/DEBUG] [mixin/]: inject() running with 63 agents
[27May2025 18:40:14.619] [main/DEBUG] [mixin/]: Processing inject() for PlatformAgent[MixinPlatformAgentDefault:ModLauncher Root Container(ModLauncher:4f56a0a2)]
[27May2025 18:40:14.619] [main/DEBUG] [mixin/]: Processing inject() for PlatformAgent[MixinPlatformAgentDefault:SecureJarResource(mowziesmobs)]
[27May2025 18:40:14.619] [main/DEBUG] [mixin/]: Processing inject() for PlatformAgent[MixinPlatformAgentDefault:SecureJarResource(netherexp)]
[27May2025 18:40:14.619] [main/DEBUG] [mixin/]: Processing inject() for PlatformAgent[MixinPlatformAgentDefault:SecureJarResource(efiscompat)]
[27May2025 18:40:14.619] [main/DEBUG] [mixin/]: Processing inject() for PlatformAgent[MixinPlatformAgentDefault:SecureJarResource(geckolib)]
[27May2025 18:40:14.619] [main/DEBUG] [mixin/]: Processing inject() for PlatformAgent[MixinPlatformAgentDefault:SecureJarResource(playeranimator)]
[27May2025 18:40:14.619] [main/DEBUG] [mixin/]: Processing inject() for PlatformAgent[MixinPlatformAgentDefault:SecureJarResource(elysium_api)]
[27May2025 18:40:14.619] [main/DEBUG] [mixin/]: Processing inject() for PlatformAgent[MixinPlatformAgentDefault:SecureJarResource(mowzies_cataclysm)]
[27May2025 18:40:14.619] [main/DEBUG] [mixin/]: Processing inject() for PlatformAgent[MixinPlatformAgentDefault:SecureJarResource(caelus)]
[27May2025 18:40:14.619] [main/DEBUG] [mixin/]: Processing inject() for PlatformAgent[MixinPlatformAgentDefault:SecureJarResource(incendium)]
[27May2025 18:40:14.619] [main/DEBUG] [mixin/]: Processing inject() for PlatformAgent[MixinPlatformAgentDefault:SecureJarResource(journeymap)]
[27May2025 18:40:14.619] [main/DEBUG] [mixin/]: Processing inject() for PlatformAgent[MixinPlatformAgentDefault:SecureJarResource(placebo)]
[27May2025 18:40:14.619] [main/DEBUG] [mixin/]: Processing inject() for PlatformAgent[MixinPlatformAgentDefault:SecureJarResource(modernfix)]
[27May2025 18:40:14.619] [main/DEBUG] [mixin/]: Processing inject() for PlatformAgent[MixinPlatformAgentDefault:SecureJarResource(jei)]
[27May2025 18:40:14.619] [main/DEBUG] [mixin/]: Processing inject() for PlatformAgent[MixinPlatformAgentDefault:SecureJarResource(citadel)]
[27May2025 18:40:14.619] [main/DEBUG] [mixin/]: Processing inject() for PlatformAgent[MixinPlatformAgentDefault:SecureJarResource(travelersbackpack)]
[27May2025 18:40:14.619] [main/DEBUG] [mixin/]: Processing inject() for PlatformAgent[MixinPlatformAgentDefault:SecureJarResource(mixinextras)]
[27May2025 18:40:14.620] [main/DEBUG] [mixin/]: Processing inject() for PlatformAgent[MixinPlatformAgentDefault:SecureJarResource(relics)]
[27May2025 18:40:14.620] [main/DEBUG] [mixin/]: Processing inject() for PlatformAgent[MixinPlatformAgentDefault:SecureJarResource(terralith)]
[27May2025 18:40:14.620] [main/DEBUG] [mixin/]: Processing inject() for PlatformAgent[MixinPlatformAgentDefault:SecureJarResource(dynview)]
[27May2025 18:40:14.620] [main/DEBUG] [mixin/]: Processing inject() for PlatformAgent[MixinPlatformAgentDefault:SecureJarResource(memoryleakfix)]
[27May2025 18:40:14.620] [main/DEBUG] [mixin/]: Processing inject() for PlatformAgent[MixinPlatformAgentDefault:SecureJarResource(jeresources)]
[27May2025 18:40:14.620] [main/DEBUG] [mixin/]: Processing inject() for PlatformAgent[MixinPlatformAgentDefault:SecureJarResource(dungeons_arise_seven_seas)]
[27May2025 18:40:14.620] [main/DEBUG] [mixin/]: Processing inject() for PlatformAgent[MixinPlatformAgentDefault:SecureJarResource(forge)]
[27May2025 18:40:14.620] [main/DEBUG] [mixin/]: Processing inject() for PlatformAgent[MixinPlatformAgentDefault:SecureJarResource(tlskincape)]
[27May2025 18:40:14.620] [main/DEBUG] [mixin/]: Processing inject() for PlatformAgent[MixinPlatformAgentDefault:SecureJarResource(embeddium)]
[27May2025 18:40:14.620] [main/DEBUG] [mixin/]: Processing inject() for PlatformAgent[MixinPlatformAgentDefault:SecureJarResource(dungeons_arise)]
[27May2025 18:40:14.620] [main/DEBUG] [mixin/]: Processing inject() for PlatformAgent[MixinPlatformAgentDefault:SecureJarResource(minecraft)]
[27May2025 18:40:14.620] [main/DEBUG] [mixin/]: Processing inject() for PlatformAgent[MixinPlatformAgentDefault:SecureJarResource(dungeons_and_combat)]
[27May2025 18:40:14.620] [main/DEBUG] [mixin/]: Processing inject() for PlatformAgent[MixinPlatformAgentDefault:SecureJarResource(alexscaves)]
[27May2025 18:40:14.620] [main/DEBUG] [mixin/]: Processing inject() for PlatformAgent[MixinPlatformAgentDefault:SecureJarResource(nightmareesm)]
[27May2025 18:40:14.620] [main/DEBUG] [mixin/]: Processing inject() for PlatformAgent[MixinPlatformAgentDefault:SecureJarResource(mofus_better_end_)]
[27May2025 18:40:14.620] [main/DEBUG] [mixin/]: Processing inject() for PlatformAgent[MixinPlatformAgentDefault:SecureJarResource(creativecore)]
[27May2025 18:40:14.620] [main/DEBUG] [mixin/]: Processing inject() for PlatformAgent[MixinPlatformAgentDefault:SecureJarResource(chunky)]
[27May2025 18:40:14.620] [main/DEBUG] [mixin/]: Processing inject() for PlatformAgent[MixinPlatformAgentDefault:SecureJarResource(eeeabsmobs)]
[27May2025 18:40:14.620] [main/DEBUG] [mixin/]: Processing inject() for PlatformAgent[MixinPlatformAgentDefault:SecureJarResource(servercore)]
[27May2025 18:40:14.620] [main/DEBUG] [mixin/]: Processing inject() for PlatformAgent[MixinPlatformAgentDefault:SecureJarResource(lionfishapi)]
[27May2025 18:40:14.620] [main/DEBUG] [mixin/]: Processing inject() for PlatformAgent[MixinPlatformAgentDefault:SecureJarResource(traveloptics)]
[27May2025 18:40:14.620] [main/DEBUG] [mixin/]: Processing inject() for PlatformAgent[MixinPlatformAgentDefault:SecureJarResource(cataclysm)]
[27May2025 18:40:14.620] [main/DEBUG] [mixin/]: Processing inject() for PlatformAgent[MixinPlatformAgentDefault:SecureJarResource(curios)]
[27May2025 18:40:14.620] [main/DEBUG] [mixin/]: Processing inject() for PlatformAgent[MixinPlatformAgentDefault:SecureJarResource(legendary_monsters)]
[27May2025 18:40:14.620] [main/DEBUG] [mixin/]: Processing inject() for PlatformAgent[MixinPlatformAgentDefault:SecureJarResource(irons_spellbooks)]
[27May2025 18:40:14.620] [main/DEBUG] [mixin/]: Processing inject() for PlatformAgent[MixinPlatformAgentDefault:SecureJarResource(attributeslib)]
[27May2025 18:40:14.620] [main/DEBUG] [mixin/]: Processing inject() for PlatformAgent[MixinPlatformAgentDefault:SecureJarResource(entityculling)]
[27May2025 18:40:14.620] [main/DEBUG] [mixin/]: Processing inject() for PlatformAgent[MixinPlatformAgentDefault:SecureJarResource(canary)]
[27May2025 18:40:14.620] [main/DEBUG] [mixin/]: Processing inject() for PlatformAgent[MixinPlatformAgentDefault:SecureJarResource(tombstone)]
[27May2025 18:40:14.620] [main/DEBUG] [mixin/]: Processing inject() for PlatformAgent[MixinPlatformAgentDefault:SecureJarResource(architectury)]
[27May2025 18:40:14.620] [main/DEBUG] [mixin/]: Processing inject() for PlatformAgent[MixinPlatformAgentDefault:SecureJarResource(octolib)]
[27May2025 18:40:14.620] [main/DEBUG] [mixin/]: Processing inject() for PlatformAgent[MixinPlatformAgentDefault:SecureJarResource(nerb)]
[27May2025 18:40:14.620] [main/DEBUG] [mixin/]: Processing inject() for PlatformAgent[MixinPlatformAgentDefault:SecureJarResource(ferritecore)]
[27May2025 18:40:14.620] [main/DEBUG] [mixin/]: Processing inject() for PlatformAgent[MixinPlatformAgentDefault:SecureJarResource(aiimprovements)]
[27May2025 18:40:14.620] [main/DEBUG] [mixin/]: Processing inject() for PlatformAgent[MixinPlatformAgentDefault:SecureJarResource(embeddium_extra)]
[27May2025 18:40:14.620] [main/DEBUG] [mixin/]: Processing inject() for PlatformAgent[MixinPlatformAgentDefault:SecureJarResource(cupboard)]
[27May2025 18:40:14.620] [main/DEBUG] [mixin/]: Processing inject() for PlatformAgent[MixinPlatformAgentDefault:SecureJarResource(playerrevive)]
[27May2025 18:40:14.620] [main/DEBUG] [mixin/]: Processing inject() for PlatformAgent[MixinPlatformAgentDefault:SecureJarResource(cdmoveset)]
[27May2025 18:40:14.621] [main/DEBUG] [mixin/]: Processing inject() for PlatformAgent[MixinPlatformAgentDefault:SecureJarResource(epicfight)]
[27May2025 18:40:14.621] [main/DEBUG] [mixin/]: Processing inject() for PlatformAgent[MixinPlatformAgentDefault:SecureJarResource(wom)]
[27May2025 18:40:14.621] [main/DEBUG] [mixin/]: Processing inject() for PlatformAgent[MixinPlatformAgentDefault:SecureJarResource(mclib)]
[27May2025 18:40:14.621] [main/DEBUG] [mixin/]: Processing inject() for PlatformAgent[MixinPlatformAgentDefault:SecureJarResource(NanoLiveConfig)]
[27May2025 18:40:14.621] [main/DEBUG] [mixin/]: Processing inject() for PlatformAgent[MixinPlatformAgentDefault:SecureJarResource(space.arim.dazzleconf)]
[27May2025 18:40:14.621] [main/DEBUG] [mixin/]: Processing inject() for PlatformAgent[MixinPlatformAgentDefault:SecureJarResource(org.yaml.snakeyaml)]
[27May2025 18:40:14.621] [main/DEBUG] [mixin/]: Processing inject() for PlatformAgent[MixinPlatformAgentDefault:SecureJarResource(space.arim.dazzleconf.ext.snakeyaml)]
[27May2025 18:40:14.621] [main/DEBUG] [mixin/]: Processing inject() for PlatformAgent[MixinPlatformAgentDefault:SecureJarResource(MixinExtras)]
[27May2025 18:40:14.653] [main/DEBUG] [mixin/]: Error cleaning class output directory: .mixin.out
[27May2025 18:40:14.654] [main/DEBUG] [mixin/]: Preparing mixins for MixinEnvironment[PREINIT]
[27May2025 18:40:14.659] [main/INFO] [mixin/]: Successfully loaded Mixin Connector [org.tlauncher.MixinConnector]
[27May2025 18:40:14.661] [main/DEBUG] [mixin/]: Compatibility level JAVA_16 specified by tlskincape-mixins.json is higher than the maximum level supported by this version of mixin (JAVA_13).
[27May2025 18:40:14.661] [main/INFO] [cpw.mods.modlauncher.LaunchServiceHandler/MODLAUNCHER]: Launching target 'forgeserver' with arguments [nogui]
[27May2025 18:40:14.663] [main/DEBUG] [mixin/]: Preparing mixins for MixinEnvironment[DEFAULT]
[27May2025 18:40:14.663] [main/DEBUG] [mixin/]: Selecting config mowziesmobs.mixins.json
[27May2025 18:40:14.668] [main/DEBUG] [mixin/]: Selecting config mixins.netherexp.json
[27May2025 18:40:14.672] [main/DEBUG] [mixin/]: Selecting config mixins.epicironcompat.json
[27May2025 18:40:14.673] [main/DEBUG] [mixin/]: Selecting config geckolib.mixins.json
[27May2025 18:40:14.674] [main/DEBUG] [mixin/]: Selecting config playerAnimator-common.mixins.json
[27May2025 18:40:14.676] [main/DEBUG] [mixin/]: Selecting config mixins.elysium_api.json
[27May2025 18:40:14.678] [main/DEBUG] [mixin/]: Selecting config caelus.mixins.json
[27May2025 18:40:14.679] [main/DEBUG] [mixin/]: Selecting config journeymap.mixins.json
[27May2025 18:40:14.680] [main/DEBUG] [mixin/]: Selecting config placebo.mixins.json
[27May2025 18:40:14.681] [main/DEBUG] [mixin/]: Selecting config modernfix-common.mixins.json
[27May2025 18:40:14.754] [main/INFO] [ModernFix/]: Loaded configuration file for ModernFix 5.21.0+mc1.20.1: 88 options available, 0 override(s) found
[27May2025 18:40:14.755] [main/INFO] [ModernFix/]: Applying Nashorn fix
[27May2025 18:40:14.768] [main/INFO] [ModernFix/]: Applied Forge config corruption patch
[27May2025 18:40:14.775] [main/DEBUG] [mixin/]: Selecting config modernfix-forge.mixins.json
[27May2025 18:40:14.778] [main/DEBUG] [mixin/]: Selecting config citadel.mixins.json
[27May2025 18:40:14.780] [main/DEBUG] [mixin/]: Selecting config mixins.travelersbackpack.json
[27May2025 18:40:14.782] [main/DEBUG] [mixin/]: Selecting config mixinextras.init.mixins.json
[27May2025 18:40:14.804] [main/DEBUG] [MixinExtras|Service/]: com.llamalad7.mixinextras.service.MixinExtrasServiceImpl(version=0.4.1) is taking over from null
[27May2025 18:40:14.832] [main/DEBUG] [mixin/]: Registering new injector for @Inject with org.spongepowered.asm.mixin.injection.struct.CallbackInjectionInfo
[27May2025 18:40:14.833] [main/DEBUG] [mixin/]: Registering new injector for @ModifyArg with org.spongepowered.asm.mixin.injection.struct.ModifyArgInjectionInfo
[27May2025 18:40:14.834] [main/DEBUG] [mixin/]: Registering new injector for @ModifyArgs with org.spongepowered.asm.mixin.injection.struct.ModifyArgsInjectionInfo
[27May2025 18:40:14.836] [main/DEBUG] [mixin/]: Registering new injector for @Redirect with org.spongepowered.asm.mixin.injection.struct.RedirectInjectionInfo
[27May2025 18:40:14.837] [main/DEBUG] [mixin/]: Registering new injector for @ModifyVariable with org.spongepowered.asm.mixin.injection.struct.ModifyVariableInjectionInfo
[27May2025 18:40:14.838] [main/DEBUG] [mixin/]: Registering new injector for @ModifyConstant with org.spongepowered.asm.mixin.injection.struct.ModifyConstantInjectionInfo
[27May2025 18:40:14.849] [main/DEBUG] [mixin/]: Selecting config relics.mixins.json
[27May2025 18:40:14.851] [main/DEBUG] [mixin/]: Selecting config dynview.mixins.json
[27May2025 18:40:14.853] [main/DEBUG] [mixin/]: Selecting config memoryleakfix.mixins.json
[27May2025 18:40:14.875] [main/DEBUG] [MixinExtras|Service/]: ca.fxco.memoryleakfix.mixinextras.service.MixinExtrasServiceImpl(version=0.3.2) is conceding to com.llamalad7.mixinextras.service.MixinExtrasServiceImpl(version=0.4.1)
[27May2025 18:40:14.881] [main/DEBUG] [mixin/]: Selecting config embeddium.mixins.json
[27May2025 18:40:14.887] [main/INFO] [Embeddium/]: Loaded configuration file for Embeddium: 101 options available, 0 override(s) found
[27May2025 18:40:14.895] [main/DEBUG] [mixin/]: Selecting config alexscaves.mixins.json
[27May2025 18:40:14.900] [main/DEBUG] [mixin/]: Selecting config mixins.mofus_better_end_.json
[27May2025 18:40:14.902] [main/DEBUG] [mixin/]: Selecting config creativecore.mixins.json
[27May2025 18:40:14.903] [main/DEBUG] [mixin/]: Selecting config creativecore.forge.mixins.json
[27May2025 18:40:14.904] [main/DEBUG] [mixin/]: Selecting config eeeabsmobs.mixins.json
[27May2025 18:40:14.905] [main/DEBUG] [mixin/]: Selecting config servercore.common.mixins.json
[27May2025 18:40:15.022] [main/DEBUG] [mixin/]: Selecting config lionfishapi.mixins.json
[27May2025 18:40:15.023] [main/DEBUG] [mixin/]: Selecting config cataclysm.mixins.json
[27May2025 18:40:15.025] [main/DEBUG] [mixin/]: Selecting config curios.mixins.json
[27May2025 18:40:15.026] [main/DEBUG] [mixin/]: Selecting config legendary_monsters.mixins.json
[27May2025 18:40:15.027] [main/DEBUG] [mixin/]: Selecting config mixins.irons_spellbooks.json
[27May2025 18:40:15.029] [main/DEBUG] [mixin/]: Selecting config attributeslib.mixins.json
[27May2025 18:40:15.030] [main/DEBUG] [mixin/]: Selecting config entityculling.mixins.json
[27May2025 18:40:15.031] [main/DEBUG] [mixin/]: Selecting config canary.mixins.json
[27May2025 18:40:15.054] [main/INFO] [Canary/]: Loaded configuration file for Canary: 116 options available, 0 override(s) found
[27May2025 18:40:15.060] [main/DEBUG] [mixin/]: Selecting config tombstone.mixins.json
[27May2025 18:40:15.062] [main/DEBUG] [mixin/]: Selecting config architectury.mixins.json
[27May2025 18:40:15.064] [main/DEBUG] [mixin/]: Selecting config architectury-common.mixins.json
[27May2025 18:40:15.066] [main/DEBUG] [mixin/]: Selecting config nerb-common.mixins.json
[27May2025 18:40:15.067] [main/DEBUG] [mixin/]: Selecting config ferritecore.predicates.mixin.json
[27May2025 18:40:15.083] [main/DEBUG] [mixin/]: Selecting config ferritecore.fastmap.mixin.json
[27May2025 18:40:15.085] [main/DEBUG] [mixin/]: Selecting config ferritecore.mrl.mixin.json
[27May2025 18:40:15.087] [main/DEBUG] [mixin/]: Selecting config ferritecore.dedupmultipart.mixin.json
[27May2025 18:40:15.089] [main/DEBUG] [mixin/]: Selecting config ferritecore.blockstatecache.mixin.json
[27May2025 18:40:15.091] [main/DEBUG] [mixin/]: Selecting config ferritecore.dedupbakedquad.mixin.json
[27May2025 18:40:15.094] [main/DEBUG] [mixin/]: Selecting config ferritecore.threaddetec.mixin.json
[27May2025 18:40:15.096] [main/DEBUG] [mixin/]: Selecting config ferritecore.modelsides.mixin.json
[27May2025 18:40:15.098] [main/DEBUG] [mixin/]: Selecting config sodium-extra.mixins.json
[27May2025 18:40:15.105] [main/INFO] [Embeddium Extra/]: Loaded configuration file for Sodium Extra: 35 options available, 0 override(s) found
[27May2025 18:40:15.108] [main/DEBUG] [mixin/]: Selecting config cupboard.mixins.json
[27May2025 18:40:15.110] [main/DEBUG] [mixin/]: Selecting config playerrevive.mixins.json
[27May2025 18:40:15.111] [main/DEBUG] [mixin/]: Selecting config cdmoveset.mixins.json
[27May2025 18:40:15.114] [main/DEBUG] [mixin/]: Selecting config mixins.epicfight.json
[27May2025 18:40:15.117] [main/DEBUG] [mixin/]: Selecting config tlskincape-mixins.json
[27May2025 18:40:15.118] [main/DEBUG] [mixin/]: Preparing mowziesmobs.mixins.json (1)
[27May2025 18:40:15.146] [main/DEBUG] [mixin/]: Preparing mixins.netherexp.json (36)
[27May2025 18:40:15.304] [main/DEBUG] [net.minecraftforge.coremod.transformer.CoreModBaseTransformer/COREMOD]: Transforming net/minecraft/world/entity/monster/Strider
[27May2025 18:40:15.553] [main/DEBUG] [net.minecraftforge.coremod.transformer.CoreModBaseTransformer/COREMOD]: Transforming net/minecraft/world/item/BucketItem
[27May2025 18:40:15.572] [main/DEBUG] [net.minecraftforge.coremod.transformer.CoreModBaseTransformer/COREMOD]: Transforming net/minecraft/world/item/ItemStack
[27May2025 18:40:15.582] [main/DEBUG] [net.minecraftforge.coremod.transformer.CoreModBaseTransformer/COREMOD]: Transforming getEnchantmentLevel with desc (Lnet/minecraft/world/item/enchantment/Enchantment;)I
[27May2025 18:40:15.590] [main/INFO] [net.minecraftforge.coremod.CoreMod.placebo/COREMODLOG]: Patching IForgeItemStack#getEnchantmentLevel
[27May2025 18:40:15.608] [main/DEBUG] [net.minecraftforge.coremod.transformer.CoreModBaseTransformer/COREMOD]: Transforming getAllEnchantments with desc ()Ljava/util/Map;
[27May2025 18:40:15.613] [main/INFO] [net.minecraftforge.coremod.CoreMod.placebo/COREMODLOG]: Patching IForgeItemStack#getEnchantmentLevel
[27May2025 18:40:15.635] [main/DEBUG] [mixin/]: Preparing mixins.epicironcompat.json (5)
[27May2025 18:40:15.651] [main/DEBUG] [mixin/]: Preparing geckolib.mixins.json (1)
[27May2025 18:40:15.651] [main/DEBUG] [mixin/]: Preparing playerAnimator-common.mixins.json (14)
[27May2025 18:40:15.651] [main/DEBUG] [mixin/]: Preparing mixins.elysium_api.json (11)
[27May2025 18:40:15.687] [main/DEBUG] [mixin/]: Preparing caelus.mixins.json (4)
[27May2025 18:40:15.688] [main/DEBUG] [mixin/]: Preparing journeymap.mixins.json (3)
[27May2025 18:40:15.688] [main/DEBUG] [mixin/]: Preparing placebo.mixins.json (6)
[27May2025 18:40:15.705] [main/DEBUG] [mixin/]: Preparing modernfix-common.mixins.json (102)
[27May2025 18:40:15.727] [main/DEBUG] [ModernFix/]: No rules matched mixin 'perf.compact_mojang_registries.MappedRegistryMixin', treating as foreign and disabling!
[27May2025 18:40:15.879] [main/DEBUG] [net.minecraftforge.coremod.transformer.CoreModBaseTransformer/COREMOD]: Transforming net/minecraft/world/level/biome/Biome
[27May2025 18:40:15.893] [main/DEBUG] [mixin/]: Preparing modernfix-forge.mixins.json (48)
[27May2025 18:40:15.954] [main/DEBUG] [mixin/]: Preparing citadel.mixins.json (15)
[27May2025 18:40:15.982] [main/DEBUG] [mixin/]: Preparing mixins.travelersbackpack.json (1)
[27May2025 18:40:15.982] [main/DEBUG] [mixin/]: Preparing mixinextras.init.mixins.json (0)
[27May2025 18:40:15.982] [main/DEBUG] [mixin/]: Preparing relics.mixins.json (15)
[27May2025 18:40:15.999] [main/ERROR] [net.minecraftforge.fml.loading.RuntimeDistCleaner/DISTXFORM]: Attempted to load class net/minecraft/client/gui/screens/Screen for invalid dist DEDICATED_SERVER
[27May2025 18:40:16.000] [main/WARN] [mixin/]: Error loading class: net/minecraft/client/gui/screens/Screen (java.lang.RuntimeException: Attempted to load class net/minecraft/client/gui/screens/Screen for invalid dist DEDICATED_SERVER)
[27May2025 18:40:16.000] [main/WARN] [mixin/]: @Mixin target net.minecraft.client.gui.screens.Screen was not found relics.mixins.json:ScreenMixin
[27May2025 18:40:16.001] [main/DEBUG] [mixin/]: Preparing dynview.mixins.json (1)
[27May2025 18:40:16.002] [main/DEBUG] [mixin/]: Preparing memoryleakfix.mixins.json (7)
[27May2025 18:40:16.007] [main/DEBUG] [mixin/]: Preparing embeddium.mixins.json (0)
[27May2025 18:40:16.007] [main/DEBUG] [mixin/]: Preparing alexscaves.mixins.json (52)
[27May2025 18:40:16.063] [main/DEBUG] [net.minecraftforge.coremod.transformer.CoreModBaseTransformer/COREMOD]: Transforming net/minecraft/world/level/NaturalSpawner
[27May2025 18:40:16.157] [main/DEBUG] [net.minecraftforge.coremod.transformer.CoreModBaseTransformer/COREMOD]: Transforming net/minecraft/world/level/levelgen/structure/structures/SwampHutPiece
[27May2025 18:40:16.184] [main/DEBUG] [mixin/]: Preparing mixins.mofus_better_end_.json (6)
[27May2025 18:40:16.194] [main/DEBUG] [mixin/]: Preparing creativecore.mixins.json (8)
[27May2025 18:40:16.213] [main/DEBUG] [mixin/]: Preparing creativecore.forge.mixins.json (3)
[27May2025 18:40:16.214] [main/DEBUG] [mixin/]: Preparing eeeabsmobs.mixins.json (1)
[27May2025 18:40:16.215] [main/DEBUG] [mixin/]: Preparing servercore.common.mixins.json (61)
[27May2025 18:40:16.272] [main/DEBUG] [net.minecraftforge.coremod.transformer.CoreModBaseTransformer/COREMOD]: Transforming net/minecraft/world/entity/animal/frog/Tadpole
[27May2025 18:40:16.330] [main/DEBUG] [net.minecraftforge.coremod.transformer.CoreModBaseTransformer/COREMOD]: Transforming net/minecraft/world/entity/npc/Villager
[27May2025 18:40:16.498] [main/DEBUG] [net.minecraftforge.coremod.transformer.CoreModBaseTransformer/COREMOD]: Transforming net/minecraft/world/entity/monster/Zombie
[27May2025 18:40:16.620] [main/DEBUG] [mixin/]: Preparing lionfishapi.mixins.json (2)
[27May2025 18:40:16.622] [main/DEBUG] [mixin/]: Preparing cataclysm.mixins.json (21)
[27May2025 18:40:16.639] [main/DEBUG] [net.minecraftforge.coremod.transformer.CoreModBaseTransformer/COREMOD]: Transforming net/minecraft/world/level/levelgen/structure/templatesystem/StructureTemplate
[27May2025 18:40:16.795] [main/DEBUG] [mixin/]: Preparing curios.mixins.json (13)
[27May2025 18:40:16.812] [main/DEBUG] [mixin/]: Preparing legendary_monsters.mixins.json (3)
[27May2025 18:40:16.813] [main/DEBUG] [mixin/]: Preparing mixins.irons_spellbooks.json (20)
[27May2025 18:40:16.824] [main/DEBUG] [mixin/]: Preparing attributeslib.mixins.json (17)
[27May2025 18:40:16.842] [main/DEBUG] [mixin/]: Preparing entityculling.mixins.json (6)
[27May2025 18:40:16.843] [main/DEBUG] [mixin/]: Preparing canary.mixins.json (203)
[27May2025 18:40:16.945] [main/DEBUG] [net.minecraftforge.coremod.transformer.CoreModBaseTransformer/COREMOD]: Transforming net/minecraft/world/entity/raid/Raid
[27May2025 18:40:17.142] [main/DEBUG] [mixin/]: @Mixin target net/minecraft/world/level/chunk/LevelChunk$RebindableTickingBlockEntityWrapper is public in canary.mixins.json:world.block_entity_ticking.sleeping.RebindableTickingBlockEntityWrapperAccessor and should be specified in value
[27May2025 18:40:17.144] [main/DEBUG] [mixin/]: @Mixin target net/minecraft/world/level/chunk/LevelChunk$BoundTickingBlockEntity is public in canary.mixins.json:world.block_entity_ticking.world_border.BoundTickingBlockEntityMixin and should be specified in value
[27May2025 18:40:17.146] [main/DEBUG] [mixin/]: Preparing tombstone.mixins.json (27)
[27May2025 18:40:17.170] [main/DEBUG] [mixin/]: Preparing architectury.mixins.json (9)
[27May2025 18:40:17.175] [main/DEBUG] [mixin/]: Preparing architectury-common.mixins.json (10)
[27May2025 18:40:17.179] [main/DEBUG] [net.minecraftforge.coremod.transformer.CoreModBaseTransformer/COREMOD]: Transforming net/minecraft/world/entity/EntityType
[27May2025 18:40:17.240] [main/DEBUG] [net.minecraftforge.coremod.transformer.CoreModBaseTransformer/COREMOD]: Transforming net/minecraft/world/level/block/LiquidBlock
[27May2025 18:40:17.244] [main/DEBUG] [mixin/]: Preparing nerb-common.mixins.json (6)
[27May2025 18:40:17.247] [main/DEBUG] [mixin/]: Preparing ferritecore.predicates.mixin.json (3)
[27May2025 18:40:17.247] [main/DEBUG] [mixin/]: Preparing ferritecore.fastmap.mixin.json (1)
[27May2025 18:40:17.249] [main/DEBUG] [mixin/]: Preparing ferritecore.mrl.mixin.json (2)
[27May2025 18:40:17.249] [main/DEBUG] [mixin/]: Preparing ferritecore.dedupmultipart.mixin.json (2)
[27May2025 18:40:17.249] [main/DEBUG] [mixin/]: Preparing ferritecore.blockstatecache.mixin.json (8)
[27May2025 18:40:17.254] [main/DEBUG] [mixin/]: @Mixin target net/minecraft/world/level/block/state/BlockBehaviour$BlockStateBase$Cache is public in ferritecore.blockstatecache.mixin.json:BlockStateCacheMixin and should be specified in value
[27May2025 18:40:17.256] [main/DEBUG] [mixin/]: Preparing ferritecore.dedupbakedquad.mixin.json (2)
[27May2025 18:40:17.257] [main/DEBUG] [mixin/]: Preparing ferritecore.threaddetec.mixin.json (1)
[27May2025 18:40:17.257] [main/DEBUG] [mixin/]: Preparing ferritecore.modelsides.mixin.json (1)
[27May2025 18:40:17.257] [main/DEBUG] [mixin/]: Preparing sodium-extra.mixins.json (45)
[27May2025 18:40:17.257] [main/DEBUG] [mixin/]: Preparing cupboard.mixins.json (5)
[27May2025 18:40:17.261] [main/DEBUG] [mixin/]: Preparing playerrevive.mixins.json (5)
[27May2025 18:40:17.264] [main/DEBUG] [mixin/]: Preparing cdmoveset.mixins.json (8)
[27May2025 18:40:17.275] [main/DEBUG] [mixin/]: Preparing mixins.epicfight.json (25)
[27May2025 18:40:17.286] [main/DEBUG] [mixin/]: Preparing tlskincape-mixins.json (4)
[27May2025 18:40:17.288] [main/ERROR] [net.minecraftforge.fml.loading.RuntimeDistCleaner/DISTXFORM]: Attempted to load class net/minecraft/client/player/AbstractClientPlayer for invalid dist DEDICATED_SERVER
[27May2025 18:40:17.288] [main/WARN] [mixin/]: Error loading class: net/minecraft/client/player/AbstractClientPlayer (java.lang.RuntimeException: Attempted to load class net/minecraft/client/player/AbstractClientPlayer for invalid dist DEDICATED_SERVER)
[27May2025 18:40:17.288] [main/WARN] [mixin/]: @Mixin target net.minecraft.client.player.AbstractClientPlayer was not found tlskincape-mixins.json:MixinAbstractPlayer
[27May2025 18:40:17.290] [main/ERROR] [net.minecraftforge.fml.loading.RuntimeDistCleaner/DISTXFORM]: Attempted to load class net/minecraft/client/gui/screens/TitleScreen for invalid dist DEDICATED_SERVER
[27May2025 18:40:17.290] [main/WARN] [mixin/]: Error loading class: net/minecraft/client/gui/screens/TitleScreen (java.lang.RuntimeException: Attempted to load class net/minecraft/client/gui/screens/TitleScreen for invalid dist DEDICATED_SERVER)
[27May2025 18:40:17.290] [main/WARN] [mixin/]: @Mixin target net.minecraft.client.gui.screens.TitleScreen was not found tlskincape-mixins.json:MixinMainMenu
[27May2025 18:40:17.291] [main/WARN] [mixin/]: Error loading class: net/minecraft/client/model/PlayerModel (java.lang.ClassNotFoundException: net.minecraft.client.model.PlayerModel)
[27May2025 18:40:17.292] [main/WARN] [mixin/]: @Mixin target net.minecraft.client.model.PlayerModel was not found tlskincape-mixins.json:MixinPlayerModel
[27May2025 18:40:17.293] [main/INFO] [memoryleakfix/]: [MemoryLeakFix] Will be applying 1 memory leak fixes!
[27May2025 18:40:17.294] [main/INFO] [memoryleakfix/]: [MemoryLeakFix] Currently enabled memory leak fixes: [biomeTemperatureLeak]
[27May2025 18:40:17.412] [main/DEBUG] [mixin/]: Inner class com/abdelaziz/canary/mixin/ai/poi/SectionStorageMixin$1 in com/abdelaziz/canary/mixin/ai/poi/SectionStorageMixin on net/minecraft/world/level/chunk/storage/SectionStorage gets unique name net/minecraft/world/level/chunk/storage/SectionStorage$Anonymous$e9c4a08fda194b3089d85003716fe102
[27May2025 18:40:17.425] [main/DEBUG] [mixin/]: Inner class com/abdelaziz/canary/mixin/chunk/palette/PalettedContainerMixin$1 in com/abdelaziz/canary/mixin/chunk/palette/PalettedContainerMixin on net/minecraft/world/level/chunk/PalettedContainer$Strategy gets unique name net/minecraft/world/level/chunk/PalettedContainer$Strategy$Anonymous$ba7a22d5b8f846078f87919d93084055
[27May2025 18:40:17.425] [main/DEBUG] [mixin/]: Inner class com/abdelaziz/canary/mixin/chunk/palette/PalettedContainerMixin$2 in com/abdelaziz/canary/mixin/chunk/palette/PalettedContainerMixin on net/minecraft/world/level/chunk/PalettedContainer$Strategy gets unique name net/minecraft/world/level/chunk/PalettedContainer$Strategy$Anonymous$a5a3ba4ec9b84214b2ad78f617a1fc44
[27May2025 18:40:17.457] [main/DEBUG] [mixin/]: Prepared 520 mixins in 2.793 sec (5.4ms avg) (0ms load, 0ms transform, 0ms plugin)
[27May2025 18:40:17.468] [main/INFO] [MixinExtras|Service/]: Initializing MixinExtras via com.llamalad7.mixinextras.service.MixinExtrasServiceImpl(version=0.4.1).
[27May2025 18:40:17.469] [main/DEBUG] [mixin/]: Registering new injector for @SugarWrapper with com.llamalad7.mixinextras.sugar.impl.SugarWrapperInjectionInfo
[27May2025 18:40:17.470] [main/DEBUG] [mixin/]: Registering new injector for @FactoryRedirectWrapper with com.llamalad7.mixinextras.wrapper.factory.FactoryRedirectWrapperInjectionInfo
[27May2025 18:40:17.474] [main/DEBUG] [mixin/]: Mixing features.misc.MinecraftServerMixin from servercore.common.mixins.json into net.minecraft.server.MinecraftServer
[27May2025 18:40:17.476] [main/DEBUG] [mixin/]: servercore.common.mixins.json:features.misc.MinecraftServerMixin: Class version 61 required is higher than the class version supported by the current version of Mixin (JAVA_16 supports class version 60)
[27May2025 18:40:17.482] [main/DEBUG] [mixin/]: Mixing core.MinecraftServerMixin from modernfix-common.mixins.json into net.minecraft.server.MinecraftServer
[27May2025 18:40:17.484] [main/DEBUG] [mixin/]: Mixing perf.dedicated_reload_executor.MinecraftServerMixin from modernfix-common.mixins.json into net.minecraft.server.MinecraftServer
[27May2025 18:40:17.485] [main/DEBUG] [mixin/]: Mixing MinecraftServerMixin from citadel.mixins.json into net.minecraft.server.MinecraftServer
[27May2025 18:40:17.488] [main/DEBUG] [mixin/]: Mixing MinecraftServerMixin from servercore.common.mixins.json into net.minecraft.server.MinecraftServer
[27May2025 18:40:17.488] [main/DEBUG] [mixin/]: servercore.common.mixins.json:MinecraftServerMixin: Class version 61 required is higher than the class version supported by the current version of Mixin (JAVA_16 supports class version 60)
[27May2025 18:40:17.559] [main/DEBUG] [mixin/]: Mixing perf.fix_loop_spin_waiting.BlockableEventLoopMixin from modernfix-common.mixins.json into net.minecraft.util.thread.BlockableEventLoop
[27May2025 18:40:17.570] [main/DEBUG] [mixin/]: Mixing DedicatedServerMixin from tombstone.mixins.json into net.minecraft.server.dedicated.DedicatedServer
[27May2025 18:40:17.594] [main/DEBUG] [io.netty.util.internal.logging.InternalLoggerFactory/]: Using SLF4J as the default logging framework
[27May2025 18:40:17.596] [main/DEBUG] [io.netty.util.ResourceLeakDetector/]: -Dio.netty.leakDetection.level: simple
[27May2025 18:40:17.597] [main/DEBUG] [io.netty.util.ResourceLeakDetector/]: -Dio.netty.leakDetection.targetRecords: 4
[27May2025 18:40:17.678] [main/DEBUG] [mixin/]: Mixing perf.tag_id_caching.TagOrElementLocationMixin from modernfix-forge.mixins.json into net.minecraft.util.ExtraCodecs$TagOrElementLocation
[27May2025 18:40:17.762] [main/DEBUG] [oshi.util.FileUtil/]: No oshi.properties file found from ClassLoader cpw.mods.modlauncher.TransformingClassLoader@297c9a9b
[27May2025 18:40:17.762] [main/DEBUG] [oshi.util.FileUtil/]: No oshi.properties file found from ClassLoader jdk.internal.loader.ClassLoaders$AppClassLoader@76ed5528
[27May2025 18:40:17.834] [main/DEBUG] [oshi.util.FileUtil/]: Reading file /proc/self/auxv
[27May2025 18:40:17.835] [main/DEBUG] [oshi.util.FileUtil/]: Reading file /proc/self/auxv
[27May2025 18:40:17.839] [main/DEBUG] [oshi.util.FileUtil/]: Reading file /proc/stat
[27May2025 18:40:17.845] [main/DEBUG] [oshi.util.FileUtil/]: Reading file /sys/devices/system/cpu/cpu0/topology/core_id
[27May2025 18:40:17.845] [main/DEBUG] [oshi.util.FileUtil/]: Reading file /sys/devices/system/cpu/cpu0/topology/core_id
[27May2025 18:40:17.845] [main/DEBUG] [oshi.util.FileUtil/]: Reading file /sys/devices/system/cpu/cpu0/topology/physical_package_id
[27May2025 18:40:17.845] [main/DEBUG] [oshi.util.FileUtil/]: Reading file /sys/devices/system/cpu/cpu0/topology/physical_package_id
[27May2025 18:40:17.846] [main/DEBUG] [oshi.util.FileUtil/]: Reading file /sys/devices/system/cpu/cpu0/cpu_capacity
[27May2025 18:40:17.847] [main/DEBUG] [oshi.util.FileUtil/]: Reading file /sys/devices/system/cpu/cpu1/topology/core_id
[27May2025 18:40:17.847] [main/DEBUG] [oshi.util.FileUtil/]: Reading file /sys/devices/system/cpu/cpu1/topology/core_id
[27May2025 18:40:17.847] [main/DEBUG] [oshi.util.FileUtil/]: Reading file /sys/devices/system/cpu/cpu1/topology/physical_package_id
[27May2025 18:40:17.847] [main/DEBUG] [oshi.util.FileUtil/]: Reading file /sys/devices/system/cpu/cpu1/topology/physical_package_id
[27May2025 18:40:17.847] [main/DEBUG] [oshi.util.FileUtil/]: Reading file /sys/devices/system/cpu/cpu1/cpu_capacity
[27May2025 18:40:17.847] [main/DEBUG] [oshi.util.FileUtil/]: Reading file /sys/devices/system/cpu/cpu2/topology/core_id
[27May2025 18:40:17.847] [main/DEBUG] [oshi.util.FileUtil/]: Reading file /sys/devices/system/cpu/cpu2/topology/core_id
[27May2025 18:40:17.847] [main/DEBUG] [oshi.util.FileUtil/]: Reading file /sys/devices/system/cpu/cpu2/topology/physical_package_id
[27May2025 18:40:17.848] [main/DEBUG] [oshi.util.FileUtil/]: Reading file /sys/devices/system/cpu/cpu2/topology/physical_package_id
[27May2025 18:40:17.848] [main/DEBUG] [oshi.util.FileUtil/]: Reading file /sys/devices/system/cpu/cpu2/cpu_capacity
[27May2025 18:40:17.848] [main/DEBUG] [oshi.util.FileUtil/]: Reading file /sys/devices/system/cpu/cpu3/topology/core_id
[27May2025 18:40:17.848] [main/DEBUG] [oshi.util.FileUtil/]: Reading file /sys/devices/system/cpu/cpu3/topology/core_id
[27May2025 18:40:17.848] [main/DEBUG] [oshi.util.FileUtil/]: Reading file /sys/devices/system/cpu/cpu3/topology/physical_package_id
[27May2025 18:40:17.848] [main/DEBUG] [oshi.util.FileUtil/]: Reading file /sys/devices/system/cpu/cpu3/topology/physical_package_id
[27May2025 18:40:17.848] [main/DEBUG] [oshi.util.FileUtil/]: Reading file /sys/devices/system/cpu/cpu3/cpu_capacity
[27May2025 18:40:17.850] [main/DEBUG] [oshi.util.FileUtil/]: Reading file /proc/cpuinfo
[27May2025 18:40:17.858] [main/DEBUG] [oshi.util.FileUtil/]: Reading file /proc/self/auxv
[27May2025 18:40:17.861] [main/DEBUG] [oshi.util.FileUtil/]: No oshi.architecture.properties file found from ClassLoader cpw.mods.modlauncher.TransformingClassLoader@297c9a9b
[27May2025 18:40:17.861] [main/DEBUG] [oshi.util.FileUtil/]: No oshi.architecture.properties file found from ClassLoader jdk.internal.loader.ClassLoaders$AppClassLoader@76ed5528
[27May2025 18:40:17.878] [main/DEBUG] [oshi.util.FileUtil/]: Reading file /proc/meminfo
[27May2025 18:40:17.879] [main/DEBUG] [oshi.util.FileUtil/]: Reading file /proc/meminfo
[27May2025 18:40:17.883] [main/DEBUG] [mixin/]: Mixing perf.thread_priorities.UtilMixin from modernfix-common.mixins.json into net.minecraft.Util
[27May2025 18:40:17.883] [main/DEBUG] [mixin/]: Renaming synthetic method lambda$adjustPriorityOfThreadFactory$0(Ljava/util/concurrent/ForkJoinPool$ForkJoinWorkerThreadFactory;Ljava/util/concurrent/ForkJoinPool;)Ljava/util/concurrent/ForkJoinWorkerThread; to md9c0b19$lambda$adjustPriorityOfThreadFactory$0$0 in modernfix-common.mixins.json:perf.thread_priorities.UtilMixin
[27May2025 18:40:17.887] [main/DEBUG] [mixin/]: Mixing UtilMixin from cdmoveset.mixins.json into net.minecraft.Util
[27May2025 18:40:17.909] [main/DEBUG] [mixin/]: Mixing math.sine_lut.MthMixin from canary.mixins.json into net.minecraft.util.Mth
[27May2025 18:40:17.941] [main/DEBUG] [mixin/]: Mixing feature.measure_time.BootstrapMixin from modernfix-common.mixins.json into net.minecraft.server.Bootstrap
[27May2025 18:40:17.943] [main/DEBUG] [mixin/]: Mixing core.BootstrapMixin from modernfix-forge.mixins.json into net.minecraft.server.Bootstrap
[27May2025 18:40:17.961] [main/INFO] [net.minecraft.server.Bootstrap/]: ModernFix reached bootstrap stage (10.30 s after launch)
[27May2025 18:40:17.970] [main/DEBUG] [mixin/]: Mixing perf.mojang_registry_size.MappedRegistryMixin from modernfix-common.mixins.json into net.minecraft.core.MappedRegistry
[27May2025 18:40:17.990] [main/DEBUG] [mixin/]: Mixing perf.mojang_registry_size.ResourceKeyMixin from modernfix-common.mixins.json into net.minecraft.resources.ResourceKey
[27May2025 18:40:17.991] [main/DEBUG] [mixin/]: Renaming synthetic method lambda$createEfficient$0(Lnet/minecraft/resources/ResourceLocation;)Ljava/util/Map; to md9c0b19$lambda$createEfficient$0$0 in modernfix-common.mixins.json:perf.mojang_registry_size.ResourceKeyMixin
[27May2025 18:40:18.025] [main/DEBUG] [mixin/]: Mixing inject.MixinGameEvent from architectury-common.mixins.json into net.minecraft.world.level.gameevent.GameEvent
[27May2025 18:40:18.035] [main/DEBUG] [mixin/]: Mixing perf.reduce_blockstate_cache_rebuilds.GameDataMixin from modernfix-forge.mixins.json into net.minecraftforge.registries.GameData
[27May2025 18:40:18.049] [main/DEBUG] [mixin/]: Mixing perf.forge_registry_alloc.ForgeRegistryMixin from modernfix-forge.mixins.json into net.minecraftforge.registries.ForgeRegistry
[27May2025 18:40:18.058] [main/DEBUG] [mixin/]: Mixing perf.fast_registry_validation.ForgeRegistryMixin from modernfix-forge.mixins.json into net.minecraftforge.registries.ForgeRegistry
[27May2025 18:40:18.062] [main/WARN] [mixin/]: @Final field delegatesByName:Ljava/util/Map; in modernfix-forge.mixins.json:perf.forge_registry_alloc.ForgeRegistryMixin should be final
[27May2025 18:40:18.063] [main/WARN] [mixin/]: @Final field delegatesByValue:Ljava/util/Map; in modernfix-forge.mixins.json:perf.forge_registry_alloc.ForgeRegistryMixin should be final
[27May2025 18:40:18.086] [main/DEBUG] [mixin/]: Mixing perf.reduce_blockstate_cache_rebuilds.BlockCallbacksMixin from modernfix-forge.mixins.json into net.minecraftforge.registries.GameData$BlockCallbacks
[27May2025 18:40:18.091] [main/DEBUG] [mixin/]: Mixing perf.forge_registry_alloc.DelegateHolderMixin from modernfix-forge.mixins.json into net.minecraft.world.level.block.Block
[27May2025 18:40:18.092] [main/DEBUG] [mixin/]: Mixing shapes.blockstate_cache.BlockMixin from canary.mixins.json into net.minecraft.world.level.block.Block
[27May2025 18:40:18.092] [main/DEBUG] [mixin/]: Renaming synthetic method lambda$static$0(Lnet/minecraft/world/phys/shapes/VoxelShape;)Z to md9c0b19$lambda$static$0$0 in canary.mixins.json:shapes.blockstate_cache.BlockMixin
[27May2025 18:40:18.094] [main/DEBUG] [mixin/]: Mixing inject.MixinBlock from architectury-common.mixins.json into net.minecraft.world.level.block.Block
[27May2025 18:40:18.094] [main/DEBUG] [mixin/]: Mixing block.BlockMixin from mixins.elysium_api.json into net.minecraft.world.level.block.Block
[27May2025 18:40:18.095] [main/DEBUG] [mixin/]: Renaming synthetic method lambda$elysium$soundTransformer$0(Lnet/minecraft/world/level/block/state/BlockState;Lnet/jadenxgamer/elysium_api/impl/sound_transformer/SoundTransformer;)Z to md9c0b19$lambda$elysium$soundTransformer$0$1 in mixins.elysium_api.json:block.BlockMixin
[27May2025 18:40:18.128] [main/DEBUG] [mixin/]: Mixing math.fast_blockpos.BlockPosMixin from canary.mixins.json into net.minecraft.core.BlockPos
[27May2025 18:40:18.163] [main/DEBUG] [mixin/]: Mixing bugfix.chunk_deadlock.BlockStateBaseMixin from modernfix-common.mixins.json into net.minecraft.world.level.block.state.BlockBehaviour$BlockStateBase
[27May2025 18:40:18.165] [main/DEBUG] [mixin/]: Mixing perf.reduce_blockstate_cache_rebuilds.BlockStateBaseMixin from modernfix-common.mixins.json into net.minecraft.world.level.block.state.BlockBehaviour$BlockStateBase
[27May2025 18:40:18.175] [main/DEBUG] [mixin/]: Mixing ai.pathing.BlockStateBaseMixin from canary.mixins.json into net.minecraft.world.level.block.state.BlockBehaviour$BlockStateBase
[27May2025 18:40:18.185] [main/DEBUG] [mixin/]: Mixing BlockStateBaseMixin from ferritecore.blockstatecache.mixin.json into net.minecraft.world.level.block.state.BlockBehaviour$BlockStateBase
[27May2025 18:40:18.223] [main/INFO] [ModernFix/]: Injecting BlockStateBase cache population hook into getNeighborPathNodeType from com.abdelaziz.canary.mixin.ai.pathing.BlockStateBaseMixin
[27May2025 18:40:18.223] [main/INFO] [ModernFix/]: Injecting BlockStateBase cache population hook into getPathNodeType from com.abdelaziz.canary.mixin.ai.pathing.BlockStateBaseMixin
[27May2025 18:40:18.230] [main/DEBUG] [mixin/]: Mixing FastMapStateHolderMixin from ferritecore.fastmap.mixin.json into net.minecraft.world.level.block.state.StateHolder
[27May2025 18:40:18.248] [main/DEBUG] [mixin/]: Mixing perf.model_optimizations.PropertyMixin from modernfix-common.mixins.json into net.minecraft.world.level.block.state.properties.Property
[27May2025 18:40:18.277] [main/DEBUG] [mixin/]: Mixing EntityLoadMixin from cupboard.mixins.json into net.minecraft.world.entity.Entity
[27May2025 18:40:18.291] [main/DEBUG] [mixin/]: Mixing bugfix.chunk_deadlock.EntityMixin from modernfix-common.mixins.json into net.minecraft.world.entity.Entity
[27May2025 18:40:18.301] [main/DEBUG] [mixin/]: Mixing EntityMixin from relics.mixins.json into net.minecraft.world.entity.Entity
[27May2025 18:40:18.306] [main/DEBUG] [mixin/]: relics.mixins.json:EntityMixin: Class version 61 required is higher than the class version supported by the current version of Mixin (JAVA_8 supports class version 52)
[27May2025 18:40:18.330] [main/DEBUG] [mixin/]: Mixing EntityMixin from alexscaves.mixins.json into net.minecraft.world.entity.Entity
[27May2025 18:40:18.403] [main/DEBUG] [mixin/]: Mixing features.activation_range.EntityMixin from servercore.common.mixins.json into net.minecraft.world.entity.Entity
[27May2025 18:40:18.403] [main/DEBUG] [mixin/]: servercore.common.mixins.json:features.activation_range.EntityMixin: Class version 61 required is higher than the class version supported by the current version of Mixin (JAVA_16 supports class version 60)
[27May2025 18:40:18.417] [main/DEBUG] [mixin/]: Mixing features.misc.EntityMixin from servercore.common.mixins.json into net.minecraft.world.entity.Entity
[27May2025 18:40:18.417] [main/DEBUG] [mixin/]: servercore.common.mixins.json:features.misc.EntityMixin: Class version 61 required is higher than the class version supported by the current version of Mixin (JAVA_16 supports class version 60)
[27May2025 18:40:18.419] [main/DEBUG] [mixin/]: Mixing EntityMixin from lionfishapi.mixins.json into net.minecraft.world.entity.Entity
[27May2025 18:40:18.434] [main/DEBUG] [mixin/]: Mixing AccessorEntity from curios.mixins.json into net.minecraft.world.entity.Entity
[27May2025 18:40:18.438] [main/DEBUG] [mixin/]: Mixing EntityMixin from mixins.irons_spellbooks.json into net.minecraft.world.entity.Entity
[27May2025 18:40:18.452] [main/DEBUG] [mixin/]: Mixing EntityMixin from attributeslib.mixins.json into net.minecraft.world.entity.Entity
[27May2025 18:40:18.456] [main/DEBUG] [mixin/]: Mixing alloc.deep_passengers.EntityMixin from canary.mixins.json into net.minecraft.world.entity.Entity
[27May2025 18:40:18.472] [main/DEBUG] [mixin/]: Mixing collections.fluid_submersion.EntityMixin from canary.mixins.json into net.minecraft.world.entity.Entity
[27May2025 18:40:18.481] [main/DEBUG] [mixin/]: Mixing entity.collisions.movement.EntityMixin from canary.mixins.json into net.minecraft.world.entity.Entity
[27May2025 18:40:18.500] [main/DEBUG] [mixin/]: Mixing entity.collisions.suffocation.EntityMixin from canary.mixins.json into net.minecraft.world.entity.Entity
[27May2025 18:40:18.509] [main/DEBUG] [mixin/]: Mixing entity.collisions.unpushable_cramming.EntityMixin from canary.mixins.json into net.minecraft.world.entity.Entity
[27May2025 18:40:18.512] [main/DEBUG] [mixin/]: Mixing entity.skip_fire_check.EntityMixin from canary.mixins.json into net.minecraft.world.entity.Entity
[27May2025 18:40:18.522] [main/DEBUG] [mixin/]: Mixing EntityMixin from tombstone.mixins.json into net.minecraft.world.entity.Entity
[27May2025 18:40:18.723] [main/DEBUG] [mixin/]: Mixing IForgeEntityMixin from attributeslib.mixins.json into net.minecraftforge.common.extensions.IForgeEntity
[27May2025 18:40:18.760] [main/DEBUG] [mixin/]: Mixing entity.LivingEntityMixin from mixins.netherexp.json into net.minecraft.world.entity.LivingEntity
[27May2025 18:40:18.778] [main/DEBUG] [mixin/]: Mixing entity.LivingEntityMixin from mixins.elysium_api.json into net.minecraft.world.entity.LivingEntity
[27May2025 18:40:18.780] [main/DEBUG] [mixin/]: Mixing MixinLivingEntity from caelus.mixins.json into net.minecraft.world.entity.LivingEntity
[27May2025 18:40:18.780] [main/DEBUG] [mixin/]: Mixing perf.forge_cap_retrieval.LivingEntityMixin from modernfix-forge.mixins.json into net.minecraft.world.entity.LivingEntity
[27May2025 18:40:18.781] [main/DEBUG] [mixin/]: Mixing LivingEntityMixin from citadel.mixins.json into net.minecraft.world.entity.LivingEntity
[27May2025 18:40:18.783] [main/DEBUG] [mixin/]: Mixing LivingEntityMixin from relics.mixins.json into net.minecraft.world.entity.LivingEntity
[27May2025 18:40:18.784] [main/DEBUG] [mixin/]: relics.mixins.json:LivingEntityMixin: Class version 61 required is higher than the class version supported by the current version of Mixin (JAVA_8 supports class version 52)
[27May2025 18:40:18.786] [main/DEBUG] [mixin/]: Mixing LivingEntityMixin from alexscaves.mixins.json into net.minecraft.world.entity.LivingEntity
[27May2025 18:40:18.795] [main/DEBUG] [net.minecraftforge.coremod.transformer.CoreModBaseTransformer/COREMOD]: Transforming net/minecraft/world/effect/MobEffectInstance
[27May2025 18:40:18.807] [main/DEBUG] [mixin/]: Mixing features.activation_range.inactive_ticks.LivingEntityMixin from servercore.common.mixins.json into net.minecraft.world.entity.LivingEntity
[27May2025 18:40:18.807] [main/DEBUG] [mixin/]: servercore.common.mixins.json:features.activation_range.inactive_ticks.LivingEntityMixin: Class version 61 required is higher than the class version supported by the current version of Mixin (JAVA_16 supports class version 60)
[27May2025 18:40:18.808] [main/DEBUG] [mixin/]: Mixing LivingEntityMixin from cataclysm.mixins.json into net.minecraft.world.entity.LivingEntity
[27May2025 18:40:18.810] [main/DEBUG] [mixin/]: Mixing MixinLivingEntity from curios.mixins.json into net.minecraft.world.entity.LivingEntity
[27May2025 18:40:18.812] [main/DEBUG] [mixin/]: Mixing LivingEntityMixin from legendary_monsters.mixins.json into net.minecraft.world.entity.LivingEntity
[27May2025 18:40:18.814] [main/DEBUG] [mixin/]: Mixing LivingEntityMixin from mixins.irons_spellbooks.json into net.minecraft.world.entity.LivingEntity
[27May2025 18:40:18.815] [main/DEBUG] [mixin/]: Renaming synthetic method lambda$static$1(Lnet/minecraft/world/entity/ai/attributes/Attribute;)Z to md9c0b19$lambda$static$1$0 in mixins.irons_spellbooks.json:LivingEntityMixin
[27May2025 18:40:18.815] [main/DEBUG] [mixin/]: Renaming synthetic method lambda$static$0(Lnet/minecraft/world/entity/ai/attributes/Attribute;)Z to md9c0b19$lambda$static$0$1 in mixins.irons_spellbooks.json:LivingEntityMixin
[27May2025 18:40:18.822] [main/DEBUG] [net.minecraftforge.coremod.transformer.CoreModBaseTransformer/COREMOD]: Transforming getEnchantmentLevel with desc (Lnet/minecraft/world/item/enchantment/Enchantment;)I
[27May2025 18:40:18.823] [main/INFO] [net.minecraftforge.coremod.CoreMod.placebo/COREMODLOG]: Patching IForgeItemStack#getEnchantmentLevel
[27May2025 18:40:18.823] [main/DEBUG] [net.minecraftforge.coremod.transformer.CoreModBaseTransformer/COREMOD]: Transforming getAllEnchantments with desc ()Ljava/util/Map;
[27May2025 18:40:18.824] [main/INFO] [net.minecraftforge.coremod.CoreMod.placebo/COREMODLOG]: Patching IForgeItemStack#getEnchantmentLevel
[27May2025 18:40:18.838] [main/DEBUG] [mixin/]: Mixing LivingEntityMixin from attributeslib.mixins.json into net.minecraft.world.entity.LivingEntity
[27May2025 18:40:18.844] [main/DEBUG] [mixin/]: Mixing alloc.enum_values.living_entity.LivingEntityMixin from canary.mixins.json into net.minecraft.world.entity.LivingEntity
[27May2025 18:40:18.845] [main/DEBUG] [mixin/]: Mixing entity.collisions.unpushable_cramming.LivingEntityMixin from canary.mixins.json into net.minecraft.world.entity.LivingEntity
[27May2025 18:40:18.852] [main/DEBUG] [mixin/]: Mixing entity.fast_elytra_check.LivingEntityMixin from canary.mixins.json into net.minecraft.world.entity.LivingEntity
[27May2025 18:40:18.852] [main/DEBUG] [mixin/]: Mixing entity.fast_hand_swing.LivingEntityMixin from canary.mixins.json into net.minecraft.world.entity.LivingEntity
[27May2025 18:40:18.853] [main/DEBUG] [mixin/]: Mixing entity.fast_powder_snow_check.LivingEntityMixin from canary.mixins.json into net.minecraft.world.entity.LivingEntity
[27May2025 18:40:18.855] [main/DEBUG] [mixin/]: Mixing entity.skip_equipment_change_check.LivingEntityMixin from canary.mixins.json into net.minecraft.world.entity.LivingEntity
[27May2025 18:40:18.856] [main/DEBUG] [mixin/]: Renaming synthetic method lambda$static$0(Lnet/minecraft/world/item/ItemStack;)Z to md9c0b19$lambda$static$0$2 in canary.mixins.json:entity.skip_equipment_change_check.LivingEntityMixin
[27May2025 18:40:18.868] [main/DEBUG] [mixin/]: Mixing LivingEntityMixin from tombstone.mixins.json into net.minecraft.world.entity.LivingEntity
[27May2025 18:40:18.877] [main/DEBUG] [mixin/]: Mixing MixinLivingEntity from mixins.epicfight.json into net.minecraft.world.entity.LivingEntity
[27May2025 18:40:19.038] [main/DEBUG] [mixin/]: Mixing perf.model_optimizations.BooleanPropertyMixin from modernfix-common.mixins.json into net.minecraft.world.level.block.state.properties.BooleanProperty
[27May2025 18:40:19.044] [main/DEBUG] [mixin/]: Mixing LevelMixin from citadel.mixins.json into net.minecraft.world.level.Level
[27May2025 18:40:19.046] [main/DEBUG] [mixin/]: Mixing alloc.chunk_random.LevelMixin from canary.mixins.json into net.minecraft.world.level.Level
[27May2025 18:40:19.047] [main/DEBUG] [mixin/]: Mixing entity.collisions.intersection.LevelMixin from canary.mixins.json into net.minecraft.world.level.Level
[27May2025 18:40:19.048] [main/DEBUG] [mixin/]: Mixing util.block_entity_retrieval.LevelMixin from canary.mixins.json into net.minecraft.world.level.Level
[27May2025 18:40:19.051] [main/DEBUG] [mixin/]: Mixing world.block_entity_ticking.sleeping.LevelMixin from canary.mixins.json into net.minecraft.world.level.Level
[27May2025 18:40:19.051] [main/DEBUG] [mixin/]: Mixing world.chunk_access.LevelMixin from canary.mixins.json into net.minecraft.world.level.Level
[27May2025 18:40:19.052] [main/DEBUG] [mixin/]: Mixing world.inline_block_access.LevelMixin from canary.mixins.json into net.minecraft.world.level.Level
[27May2025 18:40:19.054] [main/DEBUG] [mixin/]: Mixing world.inline_height.LevelMixin from canary.mixins.json into net.minecraft.world.level.Level
[27May2025 18:40:19.070] [main/DEBUG] [mixin/]: Mixing util.chunk_access.LevelReaderMixin from canary.mixins.json into net.minecraft.world.level.LevelReader
[27May2025 18:40:19.078] [main/DEBUG] [mixin/]: Mixing ServerAddEntityMixin from cupboard.mixins.json into net.minecraft.server.level.ServerLevel
[27May2025 18:40:19.083] [main/DEBUG] [mixin/]: Mixing optimizations.ticking.chunk.random.ServerLevelMixin from servercore.common.mixins.json into net.minecraft.server.level.ServerLevel
[27May2025 18:40:19.084] [main/DEBUG] [mixin/]: servercore.common.mixins.json:optimizations.ticking.chunk.random.ServerLevelMixin: Class version 61 required is higher than the class version supported by the current version of Mixin (JAVA_16 supports class version 60)
[27May2025 18:40:19.085] [main/DEBUG] [mixin/]: Mixing bugfix.chunk_deadlock.ServerLevelMixin from modernfix-common.mixins.json into net.minecraft.server.level.ServerLevel
[27May2025 18:40:19.085] [main/DEBUG] [mixin/]: Mixing perf.cache_strongholds.ServerLevelMixin from modernfix-common.mixins.json into net.minecraft.server.level.ServerLevel
[27May2025 18:40:19.086] [main/DEBUG] [mixin/]: Discarding sythetic bridge method synthetic in m_6325_ because existing method in modernfix-common.mixins.json:perf.cache_strongholds.ServerLevelMixin is compatible
[27May2025 18:40:19.088] [main/DEBUG] [mixin/]: Mixing perf.faster_structure_location.ServerLevelMixin from modernfix-common.mixins.json into net.minecraft.server.level.ServerLevel
[27May2025 18:40:19.088] [main/DEBUG] [mixin/]: Mixing ServerLevelMixin from citadel.mixins.json into net.minecraft.server.level.ServerLevel
[27May2025 18:40:19.089] [main/DEBUG] [mixin/]: Mixing features.activation_range.ServerLevelMixin from servercore.common.mixins.json into net.minecraft.server.level.ServerLevel
[27May2025 18:40:19.089] [main/DEBUG] [mixin/]: servercore.common.mixins.json:features.activation_range.ServerLevelMixin: Class version 61 required is higher than the class version supported by the current version of Mixin (JAVA_16 supports class version 60)
[27May2025 18:40:19.090] [main/DEBUG] [mixin/]: Mixing features.spawn_chunks.ServerLevelMixin from servercore.common.mixins.json into net.minecraft.server.level.ServerLevel
[27May2025 18:40:19.090] [main/DEBUG] [mixin/]: servercore.common.mixins.json:features.spawn_chunks.ServerLevelMixin: Class version 61 required is higher than the class version supported by the current version of Mixin (JAVA_16 supports class version 60)
[27May2025 18:40:19.091] [main/DEBUG] [mixin/]: Mixing optimizations.sync_loads.ServerLevelMixin from servercore.common.mixins.json into net.minecraft.server.level.ServerLevel
[27May2025 18:40:19.091] [main/DEBUG] [mixin/]: servercore.common.mixins.json:optimizations.sync_loads.ServerLevelMixin: Class version 61 required is higher than the class version supported by the current version of Mixin (JAVA_16 supports class version 60)
[27May2025 18:40:19.091] [main/DEBUG] [mixin/]: Discarding sythetic bridge method synthetic in m_6325_ because existing method in servercore.common.mixins.json:optimizations.sync_loads.ServerLevelMixin is compatible
[27May2025 18:40:19.093] [main/DEBUG] [mixin/]: Mixing alloc.chunk_random.ServerLevelMixin from canary.mixins.json into net.minecraft.server.level.ServerLevel
[27May2025 18:40:19.094] [main/DEBUG] [mixin/]: Mixing chunk.replace_streams.ServerLevelMixin from canary.mixins.json into net.minecraft.server.level.ServerLevel
[27May2025 18:40:19.096] [main/DEBUG] [mixin/]: Mixing entity.inactive_navigations.ServerLevelMixin from canary.mixins.json into net.minecraft.server.level.ServerLevel
[27May2025 18:40:19.101] [main/DEBUG] [mixin/]: Mixing profiler.ServerLevelMixin from canary.mixins.json into net.minecraft.server.level.ServerLevel
[27May2025 18:40:19.102] [main/DEBUG] [mixin/]: Mixing util.accessors.ServerLevelAccessor from canary.mixins.json into net.minecraft.server.level.ServerLevel
[27May2025 18:40:19.102] [main/DEBUG] [mixin/]: Mixing world.block_entity_ticking.sleeping.ServerLevelMixin from canary.mixins.json into net.minecraft.server.level.ServerLevel
[27May2025 18:40:19.151] [main/DEBUG] [mixin/]: Mixing features.activation_range.inactive_ticks.ItemEntityMixin from servercore.common.mixins.json into net.minecraft.world.entity.item.ItemEntity
[27May2025 18:40:19.151] [main/DEBUG] [mixin/]: servercore.common.mixins.json:features.activation_range.inactive_ticks.ItemEntityMixin: Class version 61 required is higher than the class version supported by the current version of Mixin (JAVA_16 supports class version 60)
[27May2025 18:40:19.152] [main/DEBUG] [mixin/]: Mixing features.merging.ItemEntityMixin from servercore.common.mixins.json into net.minecraft.world.entity.item.ItemEntity
[27May2025 18:40:19.152] [main/DEBUG] [mixin/]: servercore.common.mixins.json:features.merging.ItemEntityMixin: Class version 61 required is higher than the class version supported by the current version of Mixin (JAVA_16 supports class version 60)
[27May2025 18:40:19.152] [main/DEBUG] [mixin/]: Mixing ItemMixin from cataclysm.mixins.json into net.minecraft.world.entity.item.ItemEntity
[27May2025 18:40:19.162] [main/DEBUG] [mixin/]: Mixing entity.PlayerMixin from mixins.netherexp.json into net.minecraft.world.entity.player.Player
[27May2025 18:40:19.163] [main/DEBUG] [mixin/]: Mixing PlayerMixin from mixins.travelersbackpack.json into net.minecraft.world.entity.player.Player
[27May2025 18:40:19.167] [main/DEBUG] [mixin/]: Mixing PlayerMixin from alexscaves.mixins.json into net.minecraft.world.entity.player.Player
[27May2025 18:40:19.170] [main/DEBUG] [mixin/]: Mixing PlayerMixin from mixins.irons_spellbooks.json into net.minecraft.world.entity.player.Player
[27May2025 18:40:19.171] [main/DEBUG] [mixin/]: Mixing PlayerMixin from attributeslib.mixins.json into net.minecraft.world.entity.player.Player
[27May2025 18:40:19.172] [main/DEBUG] [mixin/]: Mixing PlayerMixin from playerrevive.mixins.json into net.minecraft.world.entity.player.Player
[27May2025 18:40:19.176] [main/DEBUG] [mixin/]: Mixing MixinPlayer from mixins.epicfight.json into net.minecraft.world.entity.player.Player
[27May2025 18:40:19.177] [main/DEBUG] [mixin/]: Mixing MixinPlayer from tlskincape-mixins.json into net.minecraft.world.entity.player.Player
[27May2025 18:40:19.178] [main/DEBUG] [mixin/]: tlskincape-mixins.json:MixinPlayer: Class version 61 required is higher than the class version supported by the current version of Mixin (JAVA_16 supports class version 60)
[27May2025 18:40:19.228] [main/DEBUG] [mixin/]: Mixing perf.fast_forge_dummies.NamespacedHolderHelperMixin from modernfix-forge.mixins.json into net.minecraftforge.registries.NamespacedWrapper
[27May2025 18:40:19.235] [main/DEBUG] [mixin/]: Mixing inject.MixinFluid from architectury-common.mixins.json into net.minecraft.world.level.material.Fluid
[27May2025 18:40:19.239] [main/DEBUG] [mixin/]: Mixing item.ItemMixin from mixins.netherexp.json into net.minecraft.world.item.Item
[27May2025 18:40:19.240] [main/DEBUG] [mixin/]: Mixing perf.forge_registry_alloc.DelegateHolderMixin from modernfix-forge.mixins.json into net.minecraft.world.item.Item
[27May2025 18:40:19.240] [main/DEBUG] [mixin/]: Mixing ItemMixin from relics.mixins.json into net.minecraft.world.item.Item
[27May2025 18:40:19.240] [main/DEBUG] [mixin/]: relics.mixins.json:ItemMixin: Class version 61 required is higher than the class version supported by the current version of Mixin (JAVA_8 supports class version 52)
[27May2025 18:40:19.243] [main/DEBUG] [mixin/]: Mixing ItemMixin from mixins.irons_spellbooks.json into net.minecraft.world.item.Item
[27May2025 18:40:19.244] [main/DEBUG] [mixin/]: Mixing ItemMixin from tombstone.mixins.json into net.minecraft.world.item.Item
[27May2025 18:40:19.245] [main/DEBUG] [mixin/]: Renaming synthetic method lambda$methodIsFoil$1(Lnet/minecraft/world/item/ItemStack;Lovh/corail/tombstone/api/capability/ISoulConsumer;)Ljava/lang/Boolean; to md9c0b19$lambda$methodIsFoil$1$0 in tombstone.mixins.json:ItemMixin
[27May2025 18:40:19.245] [main/DEBUG] [mixin/]: Renaming synthetic method lambda$methodGetName$0(Lnet/minecraft/world/item/ItemStack;Lovh/corail/tombstone/api/capability/ISoulConsumer;)Ljava/lang/Boolean; to md9c0b19$lambda$methodGetName$0$1 in tombstone.mixins.json:ItemMixin
[27May2025 18:40:19.249] [main/DEBUG] [mixin/]: Mixing inject.MixinItem from architectury-common.mixins.json into net.minecraft.world.item.Item
[27May2025 18:40:19.260] [main/DEBUG] [mixin/]: Mixing IForgeItemMixin from attributeslib.mixins.json into net.minecraftforge.common.extensions.IForgeItem
[27May2025 18:40:19.267] [main/DEBUG] [net.minecraftforge.coremod.transformer.CoreModBaseTransformer/COREMOD]: Transforming net/minecraft/world/entity/EntityType
[27May2025 18:40:19.313] [main/DEBUG] [mixin/]: Mixing inject.MixinEntityType from architectury-common.mixins.json into net.minecraft.world.entity.EntityType
[27May2025 18:40:19.325] [main/DEBUG] [mixin/]: Mixing MobEffectMixin from mixins.irons_spellbooks.json into net.minecraft.world.effect.MobEffect
[27May2025 18:40:19.331] [main/DEBUG] [mixin/]: Mixing item.EnchantmentMixin from mixins.netherexp.json into net.minecraft.world.item.enchantment.Enchantment
[27May2025 18:40:19.339] [main/DEBUG] [mixin/]: Mixing entity.BlockEntityTypeMixin from mixins.netherexp.json into net.minecraft.world.level.block.entity.BlockEntityType
[27May2025 18:40:19.339] [main/DEBUG] [mixin/]: Mixing perf.dynamic_dfu.BlockEntityTypeMixin from modernfix-common.mixins.json into net.minecraft.world.level.block.entity.BlockEntityType
[27May2025 18:40:19.345] [main/DEBUG] [mixin/]: Mixing ChunkStatusMixin from alexscaves.mixins.json into net.minecraft.world.level.chunk.ChunkStatus
[27May2025 18:40:19.355] [main/DEBUG] [mixin/]: Mixing AttributeMixin from attributeslib.mixins.json into net.minecraft.world.entity.ai.attributes.Attribute
[27May2025 18:40:19.362] [main/DEBUG] [mixin/]: Mixing ai.poi.PoiTypesMixin from canary.mixins.json into net.minecraft.world.entity.ai.village.poi.PoiTypes
[27May2025 18:40:19.399] [main/DEBUG] [mixin/]: Mixing entity.DecoratedPotPatternsMixin from mixins.netherexp.json into net.minecraft.world.level.block.entity.DecoratedPotPatterns
[27May2025 18:40:19.412] [main/DEBUG] [mixin/]: Mixing perf.memoize_creative_tab_build.CreativeModeTabMixin from modernfix-common.mixins.json into net.minecraft.world.item.CreativeModeTab
[27May2025 18:40:19.428] [main/DEBUG] [mixin/]: Mixing block.BaseFireBlockMixin from mixins.netherexp.json into net.minecraft.world.level.block.BaseFireBlock
[27May2025 18:40:19.446] [main/DEBUG] [mixin/]: Mixing math.fast_blockpos.DirectionMixin from canary.mixins.json into net.minecraft.core.Direction
[27May2025 18:40:19.447] [main/DEBUG] [mixin/]: Mixing math.fast_util.DirectionMixin from canary.mixins.json into net.minecraft.core.Direction
[27May2025 18:40:19.469] [main/DEBUG] [mixin/]: Mixing VoxelShapeAccessor from creativecore.mixins.json into net.minecraft.world.phys.shapes.VoxelShape
[27May2025 18:40:19.470] [main/DEBUG] [mixin/]: Mixing block.moving_block_shapes.VoxelShapeMixin from canary.mixins.json into net.minecraft.world.phys.shapes.VoxelShape
[27May2025 18:40:19.470] [main/DEBUG] [mixin/]: Mixing shapes.specialized_shapes.VoxelShapeMixin from canary.mixins.json into net.minecraft.world.phys.shapes.VoxelShape
[27May2025 18:40:19.475] [main/DEBUG] [mixin/]: Mixing VoxelShapeAccess from ferritecore.blockstatecache.mixin.json into net.minecraft.world.phys.shapes.VoxelShape
[27May2025 18:40:19.478] [main/DEBUG] [mixin/]: Unexpected: Registered method setShape(Lnet/minecraft/world/phys/shapes/DiscreteVoxelShape;)V in net.minecraft.world.phys.shapes.VoxelShape was not merged
[27May2025 18:40:19.483] [main/DEBUG] [mixin/]: Mixing ShapesMixin from creativecore.mixins.json into net.minecraft.world.phys.shapes.Shapes
[27May2025 18:40:19.493] [main/DEBUG] [mixin/]: Mixing shapes.optimized_matching.ShapesMixin from canary.mixins.json into net.minecraft.world.phys.shapes.Shapes
[27May2025 18:40:19.495] [main/DEBUG] [mixin/]: Mixing shapes.shape_merging.ShapesMixin from canary.mixins.json into net.minecraft.world.phys.shapes.Shapes
[27May2025 18:40:19.497] [main/DEBUG] [mixin/]: Mixing shapes.specialized_shapes.ShapesMixin from canary.mixins.json into net.minecraft.world.phys.shapes.Shapes
[27May2025 18:40:19.513] [main/DEBUG] [mixin/]: Mixing DiscreteVSAccess from ferritecore.blockstatecache.mixin.json into net.minecraft.world.phys.shapes.DiscreteVoxelShape
[27May2025 18:40:19.515] [main/DEBUG] [mixin/]: Mixing BitSetDVSAccess from ferritecore.blockstatecache.mixin.json into net.minecraft.world.phys.shapes.BitSetDiscreteVoxelShape
[27May2025 18:40:19.518] [main/DEBUG] [mixin/]: Mixing ArrayVSAccess from ferritecore.blockstatecache.mixin.json into net.minecraft.world.phys.shapes.ArrayVoxelShape
[27May2025 18:40:19.521] [main/DEBUG] [mixin/]: Mixing shapes.precompute_shape_arrays.CubeVoxelShapeMixin from canary.mixins.json into net.minecraft.world.phys.shapes.CubeVoxelShape
[27May2025 18:40:19.530] [main/DEBUG] [mixin/]: Mixing SliceShapeAccess from ferritecore.blockstatecache.mixin.json into net.minecraft.world.phys.shapes.SliceShape
[27May2025 18:40:19.535] [main/DEBUG] [mixin/]: Mixing shapes.precompute_shape_arrays.CubePointRangeMixin from canary.mixins.json into net.minecraft.world.phys.shapes.CubePointRange
[27May2025 18:40:19.638] [main/DEBUG] [mixin/]: Mixing block.BlocksMixin from mixins.netherexp.json into net.minecraft.world.level.block.Blocks
[27May2025 18:40:19.640] [main/DEBUG] [mixin/]: Mixing perf.reduce_blockstate_cache_rebuilds.BlocksMixin from modernfix-common.mixins.json into net.minecraft.world.level.block.Blocks
[27May2025 18:40:19.640] [main/DEBUG] [mixin/]: Renaming synthetic method lambda$getEmptyConsumer$0(Ljava/lang/Object;)V to md9c0b19$lambda$getEmptyConsumer$0$0 in modernfix-common.mixins.json:perf.reduce_blockstate_cache_rebuilds.BlocksMixin
[27May2025 18:40:19.711] [main/DEBUG] [net.minecraftforge.coremod.transformer.CoreModBaseTransformer/COREMOD]: Transforming net/minecraft/world/level/block/LiquidBlock
[27May2025 18:40:19.711] [main/DEBUG] [mixin/]: Mixing inject.MixinLiquidBlock from architectury-common.mixins.json into net.minecraft.world.level.block.LiquidBlock
[27May2025 18:40:19.732] [main/DEBUG] [mixin/]: Mixing alloc.enum_values.piston_block.PistonBaseBlockMixin from canary.mixins.json into net.minecraft.world.level.block.piston.PistonBaseBlock
[27May2025 18:40:19.748] [main/DEBUG] [mixin/]: Mixing block.SoulFireBlockMixin from mixins.elysium_api.json into net.minecraft.world.level.block.SoulFireBlock
[27May2025 18:40:19.752] [main/DEBUG] [net.minecraftforge.coremod.transformer.CoreModBaseTransformer/COREMOD]: Transforming net/minecraft/world/level/block/StairBlock
[27May2025 18:40:19.759] [main/DEBUG] [mixin/]: Mixing ChestBlockMixin from tombstone.mixins.json into net.minecraft.world.level.block.ChestBlock
[27May2025 18:40:19.765] [main/DEBUG] [mixin/]: Mixing alloc.enum_values.redstone_wire.RedStoneWireBlockMixin from canary.mixins.json into net.minecraft.world.level.block.RedStoneWireBlock
[27May2025 18:40:19.765] [main/DEBUG] [mixin/]: Mixing block.redstone_wire.RedStoneWireBlockMixin from canary.mixins.json into net.minecraft.world.level.block.RedStoneWireBlock
[27May2025 18:40:19.807] [main/DEBUG] [mixin/]: Mixing features.mob_spawning.NetherPortalBlockMixin from servercore.common.mixins.json into net.minecraft.world.level.block.NetherPortalBlock
[27May2025 18:40:19.807] [main/DEBUG] [mixin/]: servercore.common.mixins.json:features.mob_spawning.NetherPortalBlockMixin: Class version 61 required is higher than the class version supported by the current version of Mixin (JAVA_16 supports class version 60)
[27May2025 18:40:19.822] [main/DEBUG] [mixin/]: Mixing block.StemBlockMixin from mixins.netherexp.json into net.minecraft.world.level.block.StemBlock
[27May2025 18:40:19.832] [main/DEBUG] [mixin/]: Mixing block.NetherWartBlockMixin from mixins.elysium_api.json into net.minecraft.world.level.block.NetherWartBlock
[27May2025 18:40:19.845] [main/DEBUG] [mixin/]: Mixing perf.deduplicate_wall_shapes.WallBlockMixin from modernfix-common.mixins.json into net.minecraft.world.level.block.WallBlock
[27May2025 18:40:19.852] [main/DEBUG] [net.minecraftforge.coremod.transformer.CoreModBaseTransformer/COREMOD]: Transforming net/minecraft/world/level/block/FlowerPotBlock
[27May2025 18:40:19.863] [main/DEBUG] [mixin/]: Mixing AnvilBlockMixin from placebo.mixins.json into net.minecraft.world.level.block.AnvilBlock
[27May2025 18:40:19.868] [main/DEBUG] [mixin/]: Mixing util.inventory_comparator_tracking.ComparatorBlockMixin from canary.mixins.json into net.minecraft.world.level.block.ComparatorBlock
[27May2025 18:40:19.883] [main/DEBUG] [mixin/]: Mixing block.TorchflowerCropBlockMixin from mixins.netherexp.json into net.minecraft.world.level.block.TorchflowerCropBlock
[27May2025 18:40:19.921] [main/DEBUG] [mixin/]: Mixing block.RootsBlockMixin from mixins.elysium_api.json into net.minecraft.world.level.block.RootsBlock
[27May2025 18:40:19.923] [main/DEBUG] [mixin/]: Mixing block.NetherSproutsBlockMixin from mixins.elysium_api.json into net.minecraft.world.level.block.NetherSproutsBlock
[27May2025 18:40:19.925] [main/DEBUG] [mixin/]: Mixing block.WeepingVinesMixin from mixins.netherexp.json into net.minecraft.world.level.block.WeepingVinesBlock
[27May2025 18:40:19.927] [main/DEBUG] [mixin/]: Renaming synthetic method lambda$use$0(Lnet/minecraft/world/InteractionHand;Lnet/minecraft/world/entity/player/Player;)V to md9c0b19$lambda$use$0$0 in mixins.netherexp.json:block.WeepingVinesMixin
[27May2025 18:40:19.937] [main/DEBUG] [mixin/]: Mixing block.TwistingVinesMixin from mixins.netherexp.json into net.minecraft.world.level.block.TwistingVinesBlock
[27May2025 18:40:19.938] [main/DEBUG] [mixin/]: Renaming synthetic method lambda$use$0(Lnet/minecraft/world/InteractionHand;Lnet/minecraft/world/entity/player/Player;)V to md9c0b19$lambda$use$0$0 in mixins.netherexp.json:block.TwistingVinesMixin
[27May2025 18:40:19.961] [main/DEBUG] [mixin/]: Mixing PowderSnowBlockMixin from relics.mixins.json into net.minecraft.world.level.block.PowderSnowBlock
[27May2025 18:40:19.961] [main/DEBUG] [mixin/]: relics.mixins.json:PowderSnowBlockMixin: Class version 61 required is higher than the class version supported by the current version of Mixin (JAVA_8 supports class version 52)
[27May2025 18:40:19.961] [main/DEBUG] [mixin/]: Mixing MixinPowderSnowBlock from curios.mixins.json into net.minecraft.world.level.block.PowderSnowBlock
[27May2025 18:40:19.986] [main/DEBUG] [mixin/]: Mixing BlockBehaviourMixin from mowziesmobs.mixins.json into net.minecraft.world.level.block.state.BlockBehaviour$Properties
[27May2025 18:40:20.004] [main/DEBUG] [mixin/]: Mixing perf.state_definition_construct.StateDefinitionMixin from modernfix-common.mixins.json into net.minecraft.world.level.block.state.StateDefinition
[27May2025 18:40:20.024] [main/DEBUG] [mixin/]: Mixing FlowingFluidMixin from alexscaves.mixins.json into net.minecraft.world.level.material.FlowingFluid
[27May2025 18:40:20.029] [main/DEBUG] [mixin/]: Mixing block.flatten_states.FluidStateMixin from canary.mixins.json into net.minecraft.world.level.material.FluidState
[27May2025 18:40:20.087] [main/INFO] [net.minecraft.server.Bootstrap/]: Vanilla bootstrap took 2121 milliseconds
[27May2025 18:40:20.140] [main/DEBUG] [io.netty.util.internal.PlatformDependent0/]: -Dio.netty.noUnsafe: false
[27May2025 18:40:20.141] [main/DEBUG] [io.netty.util.internal.PlatformDependent0/]: Java version: 17
[27May2025 18:40:20.141] [main/DEBUG] [io.netty.util.internal.PlatformDependent0/]: sun.misc.Unsafe.theUnsafe: available
[27May2025 18:40:20.142] [main/DEBUG] [io.netty.util.internal.PlatformDependent0/]: sun.misc.Unsafe.copyMemory: available
[27May2025 18:40:20.142] [main/DEBUG] [io.netty.util.internal.PlatformDependent0/]: sun.misc.Unsafe.storeFence: available
[27May2025 18:40:20.142] [main/DEBUG] [io.netty.util.internal.PlatformDependent0/]: java.nio.Buffer.address: available
[27May2025 18:40:20.143] [main/DEBUG] [io.netty.util.internal.PlatformDependent0/]: direct buffer constructor: unavailable
java.lang.UnsupportedOperationException: Reflective setAccessible(true) disabled
	at io.netty.util.internal.ReflectionUtil.trySetAccessible(ReflectionUtil.java:31) ~[netty-common-4.1.82.Final.jar%2382!/:4.1.82.Final]
	at io.netty.util.internal.PlatformDependent0$5.run(PlatformDependent0.java:288) ~[netty-common-4.1.82.Final.jar%2382!/:4.1.82.Final]
	at java.security.AccessController.doPrivileged(AccessController.java:318) ~[?:?]
	at io.netty.util.internal.PlatformDependent0.<clinit>(PlatformDependent0.java:282) ~[netty-common-4.1.82.Final.jar%2382!/:4.1.82.Final]
	at io.netty.util.internal.PlatformDependent.isAndroid(PlatformDependent.java:333) ~[netty-common-4.1.82.Final.jar%2382!/:4.1.82.Final]
	at io.netty.util.internal.PlatformDependent.<clinit>(PlatformDependent.java:88) ~[netty-common-4.1.82.Final.jar%2382!/:4.1.82.Final]
	at io.netty.util.ConstantPool.<init>(ConstantPool.java:34) ~[netty-common-4.1.82.Final.jar%2382!/:4.1.82.Final]
	at io.netty.util.AttributeKey$1.<init>(AttributeKey.java:27) ~[netty-common-4.1.82.Final.jar%2382!/:4.1.82.Final]
	at io.netty.util.AttributeKey.<clinit>(AttributeKey.java:27) ~[netty-common-4.1.82.Final.jar%2382!/:4.1.82.Final]
	at net.minecraftforge.network.NetworkConstants.<clinit>(NetworkConstants.java:34) ~[forge-1.20.1-47.3.7-universal.jar%23214!/:?]
	at net.minecraft.server.Bootstrap.handler$zen000$doClassloadHack(Bootstrap.java:1034) ~[server-1.20.1-20230612.114412-srg.jar%23209!/:?]
	at net.minecraft.server.Bootstrap.m_135870_(Bootstrap.java:64) ~[server-1.20.1-20230612.114412-srg.jar%23209!/:?]
	at net.minecraftforge.registries.ForgeRegistries.init(ForgeRegistries.java:212) ~[forge-1.20.1-47.3.7-universal.jar%23214!/:?]
	at net.minecraftforge.registries.ForgeRegistries.<clinit>(ForgeRegistries.java:65) ~[forge-1.20.1-47.3.7-universal.jar%23214!/:?]
	at net.minecraft.world.level.block.LiquidBlock.<init>(LiquidBlock.java:53) ~[server-1.20.1-20230612.114412-srg.jar%23209!/:?]
	at net.minecraft.world.level.block.Blocks.<clinit>(Blocks.java:77) ~[server-1.20.1-20230612.114412-srg.jar%23209!/:?]
	at net.minecraft.world.level.block.FireBlock.m_53484_(FireBlock.java:301) ~[server-1.20.1-20230612.114412-srg.jar%23209!/:?]
	at net.minecraft.server.Bootstrap.m_135870_(Bootstrap.java:46) ~[server-1.20.1-20230612.114412-srg.jar%23209!/:?]
	at net.minecraft.server.Main.main(Main.java:121) ~[server-1.20.1-20230612.114412-srg.jar%23209!/:?]
	at jdk.internal.reflect.NativeMethodAccessorImpl.invoke0(Native Method) ~[?:?]
	at jdk.internal.reflect.NativeMethodAccessorImpl.invoke(NativeMethodAccessorImpl.java:77) ~[?:?]
	at jdk.internal.reflect.DelegatingMethodAccessorImpl.invoke(DelegatingMethodAccessorImpl.java:43) ~[?:?]
	at java.lang.reflect.Method.invoke(Method.java:569) ~[?:?]
	at net.minecraftforge.fml.loading.targets.CommonLaunchHandler.runTarget(CommonLaunchHandler.java:111) ~[fmlloader-1.20.1-47.3.7.jar%2369!/:?]
	at net.minecraftforge.fml.loading.targets.CommonLaunchHandler.serverService(CommonLaunchHandler.java:103) ~[fmlloader-1.20.1-47.3.7.jar%2369!/:?]
	at net.minecraftforge.fml.loading.targets.CommonServerLaunchHandler.lambda$makeService$0(CommonServerLaunchHandler.java:27) ~[fmlloader-1.20.1-47.3.7.jar%2369!/:?]
	at cpw.mods.modlauncher.LaunchServiceHandlerDecorator.launch(LaunchServiceHandlerDecorator.java:30) ~[modlauncher-10.0.9.jar%2355!/:?]
	at cpw.mods.modlauncher.LaunchServiceHandler.launch(LaunchServiceHandler.java:53) ~[modlauncher-10.0.9.jar%2355!/:?]
	at cpw.mods.modlauncher.LaunchServiceHandler.launch(LaunchServiceHandler.java:71) ~[modlauncher-10.0.9.jar%2355!/:?]
	at cpw.mods.modlauncher.Launcher.run(Launcher.java:108) ~[modlauncher-10.0.9.jar%2355!/:?]
	at cpw.mods.modlauncher.Launcher.main(Launcher.java:78) ~[modlauncher-10.0.9.jar%2355!/:?]
	at cpw.mods.modlauncher.BootstrapLaunchConsumer.accept(BootstrapLaunchConsumer.java:26) ~[modlauncher-10.0.9.jar%2355!/:?]
	at cpw.mods.modlauncher.BootstrapLaunchConsumer.accept(BootstrapLaunchConsumer.java:23) ~[modlauncher-10.0.9.jar%2355!/:?]
	at cpw.mods.bootstraplauncher.BootstrapLauncher.main(BootstrapLauncher.java:141) ~[bootstraplauncher-1.1.2.jar:?]
[27May2025 18:40:20.144] [main/DEBUG] [io.netty.util.internal.PlatformDependent0/]: java.nio.Bits.unaligned: available, true
[27May2025 18:40:20.145] [main/DEBUG] [io.netty.util.internal.PlatformDependent0/]: jdk.internal.misc.Unsafe.allocateUninitializedArray(int): unavailable
java.lang.IllegalAccessException: class io.netty.util.internal.PlatformDependent0$7 (in module io.netty.common) cannot access class jdk.internal.misc.Unsafe (in module java.base) because module java.base does not export jdk.internal.misc to module io.netty.common
	at jdk.internal.reflect.Reflection.newIllegalAccessException(Reflection.java:392) ~[?:?]
	at java.lang.reflect.AccessibleObject.checkAccess(AccessibleObject.java:674) ~[?:?]
	at java.lang.reflect.Method.invoke(Method.java:561) ~[?:?]
	at io.netty.util.internal.PlatformDependent0$7.run(PlatformDependent0.java:410) ~[netty-common-4.1.82.Final.jar%2382!/:4.1.82.Final]
	at java.security.AccessController.doPrivileged(AccessController.java:318) ~[?:?]
	at io.netty.util.internal.PlatformDependent0.<clinit>(PlatformDependent0.java:401) ~[netty-common-4.1.82.Final.jar%2382!/:4.1.82.Final]
	at io.netty.util.internal.PlatformDependent.isAndroid(PlatformDependent.java:333) ~[netty-common-4.1.82.Final.jar%2382!/:4.1.82.Final]
	at io.netty.util.internal.PlatformDependent.<clinit>(PlatformDependent.java:88) ~[netty-common-4.1.82.Final.jar%2382!/:4.1.82.Final]
	at io.netty.util.ConstantPool.<init>(ConstantPool.java:34) ~[netty-common-4.1.82.Final.jar%2382!/:4.1.82.Final]
	at io.netty.util.AttributeKey$1.<init>(AttributeKey.java:27) ~[netty-common-4.1.82.Final.jar%2382!/:4.1.82.Final]
	at io.netty.util.AttributeKey.<clinit>(AttributeKey.java:27) ~[netty-common-4.1.82.Final.jar%2382!/:4.1.82.Final]
	at net.minecraftforge.network.NetworkConstants.<clinit>(NetworkConstants.java:34) ~[forge-1.20.1-47.3.7-universal.jar%23214!/:?]
	at net.minecraft.server.Bootstrap.handler$zen000$doClassloadHack(Bootstrap.java:1034) ~[server-1.20.1-20230612.114412-srg.jar%23209!/:?]
	at net.minecraft.server.Bootstrap.m_135870_(Bootstrap.java:64) ~[server-1.20.1-20230612.114412-srg.jar%23209!/:?]
	at net.minecraftforge.registries.ForgeRegistries.init(ForgeRegistries.java:212) ~[forge-1.20.1-47.3.7-universal.jar%23214!/:?]
	at net.minecraftforge.registries.ForgeRegistries.<clinit>(ForgeRegistries.java:65) ~[forge-1.20.1-47.3.7-universal.jar%23214!/:?]
	at net.minecraft.world.level.block.LiquidBlock.<init>(LiquidBlock.java:53) ~[server-1.20.1-20230612.114412-srg.jar%23209!/:?]
	at net.minecraft.world.level.block.Blocks.<clinit>(Blocks.java:77) ~[server-1.20.1-20230612.114412-srg.jar%23209!/:?]
	at net.minecraft.world.level.block.FireBlock.m_53484_(FireBlock.java:301) ~[server-1.20.1-20230612.114412-srg.jar%23209!/:?]
	at net.minecraft.server.Bootstrap.m_135870_(Bootstrap.java:46) ~[server-1.20.1-20230612.114412-srg.jar%23209!/:?]
	at net.minecraft.server.Main.main(Main.java:121) ~[server-1.20.1-20230612.114412-srg.jar%23209!/:?]
	at jdk.internal.reflect.NativeMethodAccessorImpl.invoke0(Native Method) ~[?:?]
	at jdk.internal.reflect.NativeMethodAccessorImpl.invoke(NativeMethodAccessorImpl.java:77) ~[?:?]
	at jdk.internal.reflect.DelegatingMethodAccessorImpl.invoke(DelegatingMethodAccessorImpl.java:43) ~[?:?]
	at java.lang.reflect.Method.invoke(Method.java:569) ~[?:?]
	at net.minecraftforge.fml.loading.targets.CommonLaunchHandler.runTarget(CommonLaunchHandler.java:111) ~[fmlloader-1.20.1-47.3.7.jar%2369!/:?]
	at net.minecraftforge.fml.loading.targets.CommonLaunchHandler.serverService(CommonLaunchHandler.java:103) ~[fmlloader-1.20.1-47.3.7.jar%2369!/:?]
	at net.minecraftforge.fml.loading.targets.CommonServerLaunchHandler.lambda$makeService$0(CommonServerLaunchHandler.java:27) ~[fmlloader-1.20.1-47.3.7.jar%2369!/:?]
	at cpw.mods.modlauncher.LaunchServiceHandlerDecorator.launch(LaunchServiceHandlerDecorator.java:30) ~[modlauncher-10.0.9.jar%2355!/:?]
	at cpw.mods.modlauncher.LaunchServiceHandler.launch(LaunchServiceHandler.java:53) ~[modlauncher-10.0.9.jar%2355!/:?]
	at cpw.mods.modlauncher.LaunchServiceHandler.launch(LaunchServiceHandler.java:71) ~[modlauncher-10.0.9.jar%2355!/:?]
	at cpw.mods.modlauncher.Launcher.run(Launcher.java:108) ~[modlauncher-10.0.9.jar%2355!/:?]
	at cpw.mods.modlauncher.Launcher.main(Launcher.java:78) ~[modlauncher-10.0.9.jar%2355!/:?]
	at cpw.mods.modlauncher.BootstrapLaunchConsumer.accept(BootstrapLaunchConsumer.java:26) ~[modlauncher-10.0.9.jar%2355!/:?]
	at cpw.mods.modlauncher.BootstrapLaunchConsumer.accept(BootstrapLaunchConsumer.java:23) ~[modlauncher-10.0.9.jar%2355!/:?]
	at cpw.mods.bootstraplauncher.BootstrapLauncher.main(BootstrapLauncher.java:141) ~[bootstraplauncher-1.1.2.jar:?]
[27May2025 18:40:20.146] [main/DEBUG] [io.netty.util.internal.PlatformDependent0/]: java.nio.DirectByteBuffer.<init>(long, int): unavailable
[27May2025 18:40:20.146] [main/DEBUG] [io.netty.util.internal.PlatformDependent/]: sun.misc.Unsafe: available
[27May2025 18:40:20.147] [main/DEBUG] [io.netty.util.internal.PlatformDependent/]: maxDirectMemory: 12884901888 bytes (maybe)
[27May2025 18:40:20.147] [main/DEBUG] [io.netty.util.internal.PlatformDependent/]: -Dio.netty.tmpdir: /tmp (java.io.tmpdir)
[27May2025 18:40:20.147] [main/DEBUG] [io.netty.util.internal.PlatformDependent/]: -Dio.netty.bitMode: 64 (sun.arch.data.model)
[27May2025 18:40:20.148] [main/DEBUG] [io.netty.util.internal.PlatformDependent/]: -Dio.netty.maxDirectMemory: -1 bytes
[27May2025 18:40:20.148] [main/DEBUG] [io.netty.util.internal.PlatformDependent/]: -Dio.netty.uninitializedArrayAllocationThreshold: -1
[27May2025 18:40:20.149] [main/DEBUG] [io.netty.util.internal.CleanerJava9/]: java.nio.ByteBuffer.cleaner(): available
[27May2025 18:40:20.149] [main/DEBUG] [io.netty.util.internal.PlatformDependent/]: -Dio.netty.noPreferDirect: false
[27May2025 18:40:20.263] [main/DEBUG] [mixin/]: Mixing util.inventory_change_listening.BlockEntityMixin from canary.mixins.json into net.minecraft.world.level.block.entity.BlockEntity
[27May2025 18:40:20.264] [main/DEBUG] [mixin/]: Mixing util.inventory_comparator_tracking.BlockEntityMixin from canary.mixins.json into net.minecraft.world.level.block.entity.BlockEntity
[27May2025 18:40:20.271] [main/DEBUG] [mixin/]: Mixing BrushableBlockEntityMixin from tombstone.mixins.json into net.minecraft.world.level.block.entity.BrushableBlockEntity
[27May2025 18:40:20.287] [main/DEBUG] [mixin/]: Mixing FallingBlockEntityMixin from alexscaves.mixins.json into net.minecraft.world.entity.item.FallingBlockEntity
[27May2025 18:40:20.289] [main/DEBUG] [mixin/]: Mixing MixinFallingBlockEntity from architectury.mixins.json into net.minecraft.world.entity.item.FallingBlockEntity
[27May2025 18:40:20.328] [main/DEBUG] [mixin/]: Mixing util.inventory_change_listening.StackListReplacementTracking$InventoryChangeTrackingDispenserBlockEntity from canary.mixins.json into net.minecraft.world.level.block.entity.DispenserBlockEntity
[27May2025 18:40:20.332] [main/DEBUG] [mixin/]: Mixing util.inventory_change_listening.RandomizableContainerBlockEntityMixin from canary.mixins.json into net.minecraft.world.level.block.entity.RandomizableContainerBlockEntity
[27May2025 18:40:20.340] [main/DEBUG] [mixin/]: Mixing util.inventory_change_listening.StackListReplacementTracking$StackListReplacementTrackingBaseContainerBlockEntity from canary.mixins.json into net.minecraft.world.level.block.entity.BaseContainerBlockEntity
[27May2025 18:40:20.368] [main/DEBUG] [mixin/]: Mixing math.fast_util.AxisCycleDirectionMixin$ForwardMixin from canary.mixins.json into net.minecraft.core.AxisCycle$2
[27May2025 18:40:20.369] [main/DEBUG] [mixin/]: Mixing math.fast_util.AxisCycleDirectionMixin$BackwardMixin from canary.mixins.json into net.minecraft.core.AxisCycle$3
[27May2025 18:40:20.404] [main/DEBUG] [mixin/]: Mixing features.activation_range.fixes.PistonMovingBlockEntityMixin from servercore.common.mixins.json into net.minecraft.world.level.block.piston.PistonMovingBlockEntity
[27May2025 18:40:20.404] [main/DEBUG] [mixin/]: servercore.common.mixins.json:features.activation_range.fixes.PistonMovingBlockEntityMixin: Class version 61 required is higher than the class version supported by the current version of Mixin (JAVA_16 supports class version 60)
[27May2025 18:40:20.405] [main/DEBUG] [mixin/]: Mixing block.moving_block_shapes.PistonMovingBlockEntityMixin from canary.mixins.json into net.minecraft.world.level.block.piston.PistonMovingBlockEntity
[27May2025 18:40:20.423] [main/DEBUG] [mixin/]: Mixing optimizations.players.ServerPlayerMixin from servercore.common.mixins.json into net.minecraft.server.level.ServerPlayer
[27May2025 18:40:20.423] [main/DEBUG] [mixin/]: servercore.common.mixins.json:optimizations.players.ServerPlayerMixin: Class version 61 required is higher than the class version supported by the current version of Mixin (JAVA_16 supports class version 60)
[27May2025 18:40:20.423] [main/DEBUG] [mixin/]: Mixing ServerPlayerMixin from nerb-common.mixins.json into net.minecraft.server.level.ServerPlayer
[27May2025 18:40:20.424] [main/DEBUG] [mixin/]: Mixing ServerPlayerMixin from playerrevive.mixins.json into net.minecraft.server.level.ServerPlayer
[27May2025 18:40:20.425] [main/DEBUG] [mixin/]: Mixing ServerPlayerMixin from tombstone.mixins.json into net.minecraft.server.level.ServerPlayer
[27May2025 18:40:20.441] [main/DEBUG] [mixin/]: Mixing AttributesMixin from mixins.irons_spellbooks.json into net.minecraft.world.entity.ai.attributes.Attributes
[27May2025 18:40:20.515] [main/DEBUG] [mixin/]: Mixing util.inventory_change_listening.ChestBlockEntityMixin from canary.mixins.json into net.minecraft.world.level.block.entity.ChestBlockEntity
[27May2025 18:40:20.515] [main/DEBUG] [mixin/]: Mixing util.inventory_change_listening.StackListReplacementTracking$InventoryChangeTrackingChestBlockEntity from canary.mixins.json into net.minecraft.world.level.block.entity.ChestBlockEntity
[27May2025 18:40:20.543] [main/DEBUG] [mixin/]: Mixing AbstractContainerMenuInvoker from placebo.mixins.json into net.minecraft.world.inventory.AbstractContainerMenu
[27May2025 18:40:20.544] [main/DEBUG] [mixin/]: Mixing AbstractContainerMenuMixin from relics.mixins.json into net.minecraft.world.inventory.AbstractContainerMenu
[27May2025 18:40:20.544] [main/DEBUG] [mixin/]: relics.mixins.json:AbstractContainerMenuMixin: Class version 61 required is higher than the class version supported by the current version of Mixin (JAVA_8 supports class version 52)
[27May2025 18:40:20.555] [main/DEBUG] [mixin/]: Mixing world.block_entity_ticking.sleeping.furnace.AbstractFurnaceBlockEntityMixin from canary.mixins.json into net.minecraft.world.level.block.entity.AbstractFurnaceBlockEntity
[27May2025 18:40:20.588] [main/DEBUG] [mixin/]: Mixing math.fast_util.AABBMixin from canary.mixins.json into net.minecraft.world.phys.AABB
[27May2025 18:40:20.595] [main/DEBUG] [mixin/]: Mixing entity.AbstractArrowMixin from mixins.netherexp.json into net.minecraft.world.entity.projectile.AbstractArrow
[27May2025 18:40:20.596] [main/DEBUG] [mixin/]: Mixing AbstractArrowMixin from alexscaves.mixins.json into net.minecraft.world.entity.projectile.AbstractArrow
[27May2025 18:40:20.604] [main/DEBUG] [mixin/]: Mixing entity.ProjectileMixin from mixins.netherexp.json into net.minecraft.world.entity.projectile.Projectile
[27May2025 18:40:20.604] [main/DEBUG] [mixin/]: Renaming synthetic method lambda$netherexp$entityCollisionCheck$0(Lnet/minecraft/world/entity/LivingEntity;)V to md9c0b19$lambda$netherexp$entityCollisionCheck$0$0 in mixins.netherexp.json:entity.ProjectileMixin
[27May2025 18:40:20.623] [main/DEBUG] [mixin/]: Mixing entity.MobMixin from mixins.netherexp.json into net.minecraft.world.entity.Mob
[27May2025 18:40:20.624] [main/DEBUG] [mixin/]: Mixing MobMixin from alexscaves.mixins.json into net.minecraft.world.entity.Mob
[27May2025 18:40:20.625] [main/DEBUG] [mixin/]: Mixing MobMixin from eeeabsmobs.mixins.json into net.minecraft.world.entity.Mob
[27May2025 18:40:20.625] [main/DEBUG] [mixin/]: Mixing features.activation_range.inactive_ticks.MobMixin from servercore.common.mixins.json into net.minecraft.world.entity.Mob
[27May2025 18:40:20.625] [main/DEBUG] [mixin/]: servercore.common.mixins.json:features.activation_range.inactive_ticks.MobMixin: Class version 61 required is higher than the class version supported by the current version of Mixin (JAVA_16 supports class version 60)
[27May2025 18:40:20.626] [main/DEBUG] [mixin/]: Mixing entity.inactive_navigations.MobMixin from canary.mixins.json into net.minecraft.world.entity.Mob
[27May2025 18:40:20.627] [main/DEBUG] [mixin/]: Mixing entity.skip_equipment_change_check.MobMixin from canary.mixins.json into net.minecraft.world.entity.Mob
[27May2025 18:40:20.627] [main/DEBUG] [mixin/]: Mixing MobMixin from tombstone.mixins.json into net.minecraft.world.entity.Mob
[27May2025 18:40:20.628] [main/DEBUG] [mixin/]: Renaming synthetic method lambda$methodSetTarget$2(Lnet/minecraft/world/entity/LivingEntity;Ljava/util/UUID;)Ljava/lang/Boolean; to md9c0b19$lambda$methodSetTarget$2$0 in tombstone.mixins.json:MobMixin
[27May2025 18:40:20.628] [main/DEBUG] [mixin/]: Renaming synthetic method lambda$methodCanBeLeashed$1(Lnet/minecraft/world/entity/player/Player;Ljava/util/UUID;)Ljava/lang/Boolean; to md9c0b19$lambda$methodCanBeLeashed$1$1 in tombstone.mixins.json:MobMixin
[27May2025 18:40:20.629] [main/DEBUG] [mixin/]: Renaming synthetic method lambda$methodTick$0(Lnet/minecraft/world/entity/Mob;Lovh/corail/tombstone/api/capability/ISpellCaster;)V to md9c0b19$lambda$methodTick$0$2 in tombstone.mixins.json:MobMixin
[27May2025 18:40:20.632] [main/DEBUG] [mixin/]: Mixing MixinMob from mixins.epicfight.json into net.minecraft.world.entity.Mob
[27May2025 18:40:20.661] [main/DEBUG] [mixin/]: Mixing MonsterMixin from alexscaves.mixins.json into net.minecraft.world.entity.monster.Monster
[27May2025 18:40:20.663] [main/DEBUG] [mixin/]: Mixing MonsterMixin from tombstone.mixins.json into net.minecraft.world.entity.monster.Monster
[27May2025 18:40:20.702] [main/DEBUG] [mixin/]: Mixing brewing.BrewingStandBlockEntityMixin from mixins.netherexp.json into net.minecraft.world.level.block.entity.BrewingStandBlockEntity
[27May2025 18:40:20.703] [main/DEBUG] [mixin/]: Mixing world.block_entity_ticking.sleeping.brewing_stand.BrewingStandBlockEntityMixin from canary.mixins.json into net.minecraft.world.level.block.entity.BrewingStandBlockEntity
[27May2025 18:40:20.715] [main/DEBUG] [net.minecraftforge.coremod.transformer.CoreModBaseTransformer/COREMOD]: Transforming net/minecraft/world/item/ItemStack
[27May2025 18:40:20.716] [main/DEBUG] [mixin/]: Mixing item.ItemStackMixin from mixins.netherexp.json into net.minecraft.world.item.ItemStack
[27May2025 18:40:20.717] [main/DEBUG] [mixin/]: Mixing ItemStackMixin from placebo.mixins.json into net.minecraft.world.item.ItemStack
[27May2025 18:40:20.717] [main/DEBUG] [mixin/]: Renaming synthetic method lambda$getOrCreate$0(Ljava/util/function/Function;Ljava/util/function/ToIntFunction;Lnet/minecraft/resources/ResourceLocation;)Ldev/shadowsoffire/placebo/util/CachedObject; to md9c0b19$lambda$getOrCreate$0$0 in placebo.mixins.json:ItemStackMixin
[27May2025 18:40:20.718] [main/DEBUG] [mixin/]: Mixing ItemStackMixin from relics.mixins.json into net.minecraft.world.item.ItemStack
[27May2025 18:40:20.718] [main/DEBUG] [mixin/]: relics.mixins.json:ItemStackMixin: Class version 61 required is higher than the class version supported by the current version of Mixin (JAVA_8 supports class version 52)
[27May2025 18:40:20.719] [main/DEBUG] [mixin/]: Mixing ItemStackMixin from mixins.irons_spellbooks.json into net.minecraft.world.item.ItemStack
[27May2025 18:40:20.720] [main/DEBUG] [mixin/]: Mixing ItemStackMixin from attributeslib.mixins.json into net.minecraft.world.item.ItemStack
[27May2025 18:40:20.720] [main/DEBUG] [mixin/]: Mixing util.item_stack_tracking.ItemStackMixin from canary.mixins.json into net.minecraft.world.item.ItemStack
[27May2025 18:40:20.721] [main/DEBUG] [mixin/]: Mixing ItemStackMixin from tombstone.mixins.json into net.minecraft.world.item.ItemStack
[27May2025 18:40:20.742] [main/DEBUG] [net.minecraftforge.coremod.transformer.CoreModBaseTransformer/COREMOD]: Transforming getEnchantmentLevel with desc (Lnet/minecraft/world/item/enchantment/Enchantment;)I
[27May2025 18:40:20.742] [main/INFO] [net.minecraftforge.coremod.CoreMod.placebo/COREMODLOG]: Patching IForgeItemStack#getEnchantmentLevel
[27May2025 18:40:20.743] [main/DEBUG] [net.minecraftforge.coremod.transformer.CoreModBaseTransformer/COREMOD]: Transforming getAllEnchantments with desc ()Ljava/util/Map;
[27May2025 18:40:20.743] [main/INFO] [net.minecraftforge.coremod.CoreMod.placebo/COREMODLOG]: Patching IForgeItemStack#getEnchantmentLevel
[27May2025 18:40:20.795] [main/DEBUG] [mixin/]: Mixing MixinWitherBoss from mixins.epicfight.json into net.minecraft.world.entity.boss.wither.WitherBoss
[27May2025 18:40:20.796] [main/DEBUG] [mixin/]: Renaming @Unique method m_7515_()Lnet/minecraft/sounds/SoundEvent; to md9c0b19$m_7515_$0 in mixins.epicfight.json:MixinWitherBoss
[27May2025 18:40:20.807] [main/WARN] [mixin/]: @Final field f_31427_:[I in mixins.epicfight.json:MixinWitherBoss should be final
[27May2025 18:40:20.807] [main/WARN] [mixin/]: @Final field f_31428_:[I in mixins.epicfight.json:MixinWitherBoss should be final
[27May2025 18:40:20.828] [main/DEBUG] [mixin/]: Mixing entity.hopper_minecart.HopperBlockEntityMixin from canary.mixins.json into net.minecraft.world.level.block.entity.HopperBlockEntity
[27May2025 18:40:20.830] [main/DEBUG] [mixin/]: Mixing util.inventory_change_listening.StackListReplacementTracking$InventoryChangeTrackingHopperBlockEntity from canary.mixins.json into net.minecraft.world.level.block.entity.HopperBlockEntity
[27May2025 18:40:20.830] [main/DEBUG] [mixin/]: Mixing world.block_entity_ticking.sleeping.hopper.HopperBlockEntityMixin from canary.mixins.json into net.minecraft.world.level.block.entity.HopperBlockEntity
[27May2025 18:40:20.911] [main/DEBUG] [mixin/]: Mixing util.inventory_change_listening.StackListReplacementTracking$InventoryChangeTrackingShulkerBoxBlockEntity from canary.mixins.json into net.minecraft.world.level.block.entity.ShulkerBoxBlockEntity
[27May2025 18:40:20.911] [main/DEBUG] [mixin/]: Mixing world.block_entity_ticking.sleeping.shulker_box.ShulkerBoxBlockEntityMixin from canary.mixins.json into net.minecraft.world.level.block.entity.ShulkerBoxBlockEntity
[27May2025 18:40:20.924] [main/DEBUG] [mixin/]: Mixing features.activation_range.inactive_ticks.AgeableMobMixin from servercore.common.mixins.json into net.minecraft.world.entity.AgeableMob
[27May2025 18:40:20.924] [main/DEBUG] [mixin/]: servercore.common.mixins.json:features.activation_range.inactive_ticks.AgeableMobMixin: Class version 61 required is higher than the class version supported by the current version of Mixin (JAVA_16 supports class version 60)
[27May2025 18:40:20.995] [main/DEBUG] [mixin/]: Mixing util.inventory_change_listening.StackListReplacementTracking$InventoryChangeTrackingBarrelBlockEntity from canary.mixins.json into net.minecraft.world.level.block.entity.BarrelBlockEntity
[27May2025 18:40:21.003] [main/DEBUG] [mixin/]: Mixing SmithingMenuMixin from citadel.mixins.json into net.minecraft.world.inventory.SmithingMenu
[27May2025 18:40:21.012] [main/DEBUG] [mixin/]: Mixing world.block_entity_ticking.sleeping.campfire.CampfireBlockEntityMixin from canary.mixins.json into net.minecraft.world.level.block.entity.CampfireBlockEntity
[27May2025 18:40:21.084] [main/DEBUG] [mixin/]: Mixing MixinLightningBolt from architectury-common.mixins.json into net.minecraft.world.entity.LightningBolt
[27May2025 18:40:21.122] [main/DEBUG] [net.minecraftforge.coremod.transformer.CoreModBaseTransformer/COREMOD]: Transforming net/minecraft/world/entity/animal/frog/Tadpole
[27May2025 18:40:21.133] [main/DEBUG] [mixin/]: Mixing features.activation_range.inactive_ticks.TadpoleMixin from servercore.common.mixins.json into net.minecraft.world.entity.animal.frog.Tadpole
[27May2025 18:40:21.135] [main/DEBUG] [mixin/]: servercore.common.mixins.json:features.activation_range.inactive_ticks.TadpoleMixin: Class version 61 required is higher than the class version supported by the current version of Mixin (JAVA_16 supports class version 60)
[27May2025 18:40:21.149] [main/DEBUG] [mixin/]: Mixing item.BlockItemMixin from mixins.netherexp.json into net.minecraft.world.item.BlockItem
[27May2025 18:40:21.159] [main/DEBUG] [mixin/]: Mixing item.BowItemMixin from mixins.netherexp.json into net.minecraft.world.item.BowItem
[27May2025 18:40:21.171] [main/DEBUG] [net.minecraftforge.coremod.transformer.CoreModBaseTransformer/COREMOD]: Transforming net/minecraft/world/item/BucketItem
[27May2025 18:40:21.172] [main/DEBUG] [mixin/]: Mixing item.BucketItemMixin from mixins.netherexp.json into net.minecraft.world.item.BucketItem
[27May2025 18:40:21.172] [main/DEBUG] [mixin/]: Mixing inject.MixinBucketItem from architectury-common.mixins.json into net.minecraft.world.item.BucketItem
[27May2025 18:40:21.179] [main/DEBUG] [mixin/]: Mixing BundleItemMixin from tombstone.mixins.json into net.minecraft.world.item.BundleItem
[27May2025 18:40:21.179] [main/DEBUG] [mixin/]: Renaming synthetic method lambda$getEnchantmentLevel$0(Lnet/minecraft/world/item/ItemStack;Lovh/corail/tombstone/api/capability/ISoulConsumer;)Ljava/lang/Boolean; to md9c0b19$lambda$getEnchantmentLevel$0$0 in tombstone.mixins.json:BundleItemMixin
[27May2025 18:40:21.185] [main/DEBUG] [mixin/]: Mixing optimizations.sync_loads.MapItemMixin from servercore.common.mixins.json into net.minecraft.world.item.MapItem
[27May2025 18:40:21.185] [main/DEBUG] [mixin/]: servercore.common.mixins.json:optimizations.sync_loads.MapItemMixin: Class version 61 required is higher than the class version supported by the current version of Mixin (JAVA_16 supports class version 60)
[27May2025 18:40:21.189] [main/DEBUG] [mixin/]: Mixing MixinShearsItem from curios.mixins.json into net.minecraft.world.item.ShearsItem
[27May2025 18:40:21.191] [main/DEBUG] [mixin/]: Mixing PotionItemMixin from tombstone.mixins.json into net.minecraft.world.item.PotionItem
[27May2025 18:40:21.192] [main/DEBUG] [mixin/]: Renaming synthetic method lambda$methodFinishUsingItemReturn$1(Lnet/minecraft/world/entity/LivingEntity;Lovh/corail/tombstone/api/capability/ITBCapability;)V to md9c0b19$lambda$methodFinishUsingItemReturn$1$0 in tombstone.mixins.json:PotionItemMixin
[27May2025 18:40:21.192] [main/DEBUG] [mixin/]: Renaming synthetic method lambda$effectList$0(Lnet/minecraft/world/effect/MobEffectInstance;)Ljava/lang/Integer; to md9c0b19$lambda$effectList$0$1 in tombstone.mixins.json:PotionItemMixin
[27May2025 18:40:21.216] [main/DEBUG] [mixin/]: Mixing TridentItemMixin from mixins.irons_spellbooks.json into net.minecraft.world.item.TridentItem
[27May2025 18:40:21.222] [main/DEBUG] [mixin/]: Mixing item.CrossbowItemMixin from mixins.netherexp.json into net.minecraft.world.item.CrossbowItem
[27May2025 18:40:21.222] [main/DEBUG] [mixin/]: Renaming synthetic method lambda$netherexp$crossbowProjectiles$0(Lnet/minecraft/world/item/ItemStack;)Z to md9c0b19$lambda$netherexp$crossbowProjectiles$0$0 in mixins.netherexp.json:item.CrossbowItemMixin
[27May2025 18:40:21.237] [main/DEBUG] [mixin/]: Mixing inject.MixinItemProperties from architectury-common.mixins.json into net.minecraft.world.item.Item$Properties
[27May2025 18:40:21.261] [main/DEBUG] [mixin/]: Mixing AbstractMinecartMixin from alexscaves.mixins.json into net.minecraft.world.entity.vehicle.AbstractMinecart
[27May2025 18:40:21.276] [main/DEBUG] [mixin/]: Mixing entity.collisions.unpushable_cramming.AbstractMinecartMixin from canary.mixins.json into net.minecraft.world.entity.vehicle.AbstractMinecart
[27May2025 18:40:21.277] [main/DEBUG] [mixin/]: Mixing entity.replace_entitytype_predicates.AbstractMinecartMixin from canary.mixins.json into net.minecraft.world.entity.vehicle.AbstractMinecart
[27May2025 18:40:21.277] [main/DEBUG] [mixin/]: Renaming synthetic method lambda$getOtherAbstractMinecarts$0(Lnet/minecraft/world/entity/Entity;Lnet/minecraft/world/entity/vehicle/AbstractMinecart;)Z to md9c0b19$lambda$getOtherAbstractMinecarts$0$0 in canary.mixins.json:entity.replace_entitytype_predicates.AbstractMinecartMixin
[27May2025 18:40:21.300] [main/DEBUG] [mixin/]: Mixing features.breeding_cap.AllayMixin from servercore.common.mixins.json into net.minecraft.world.entity.animal.allay.Allay
[27May2025 18:40:21.300] [main/DEBUG] [mixin/]: servercore.common.mixins.json:features.breeding_cap.AllayMixin: Class version 61 required is higher than the class version supported by the current version of Mixin (JAVA_16 supports class version 60)
[27May2025 18:40:21.323] [main/DEBUG] [mixin/]: Mixing entity.inactive_navigations.PathNavigationMixin from canary.mixins.json into net.minecraft.world.entity.ai.navigation.PathNavigation
[27May2025 18:40:21.327] [main/DEBUG] [mixin/]: Mixing optimizations.sync_loads.GroundPathNavigationMixin from servercore.common.mixins.json into net.minecraft.world.entity.ai.navigation.GroundPathNavigation
[27May2025 18:40:21.327] [main/DEBUG] [mixin/]: servercore.common.mixins.json:optimizations.sync_loads.GroundPathNavigationMixin: Class version 61 required is higher than the class version supported by the current version of Mixin (JAVA_16 supports class version 60)
[27May2025 18:40:21.330] [main/DEBUG] [mixin/]: Mixing entity.replace_entitytype_predicates.HangingEntityMixin from canary.mixins.json into net.minecraft.world.entity.decoration.HangingEntity
[27May2025 18:40:21.330] [main/DEBUG] [mixin/]: Renaming synthetic method lambda$getAbstractDecorationEntities$0(Lnet/minecraft/world/entity/Entity;Lnet/minecraft/world/entity/decoration/HangingEntity;)Z to md9c0b19$lambda$getAbstractDecorationEntities$0$0 in canary.mixins.json:entity.replace_entitytype_predicates.HangingEntityMixin
[27May2025 18:40:21.336] [main/DEBUG] [mixin/]: Mixing features.dynamic.MobCategoryMixin from servercore.common.mixins.json into net.minecraft.world.entity.MobCategory
[27May2025 18:40:21.337] [main/DEBUG] [mixin/]: servercore.common.mixins.json:features.dynamic.MobCategoryMixin: Class version 61 required is higher than the class version supported by the current version of Mixin (JAVA_16 supports class version 60)
[27May2025 18:40:21.341] [main/DEBUG] [mixin/]: Mixing perf.dynamic_dfu.EntityTypeBuilderMixin from modernfix-common.mixins.json into net.minecraft.world.entity.EntityType$Builder
[27May2025 18:40:21.347] [main/DEBUG] [mixin/]: Mixing features.activation_range.inactive_ticks.AreaEffectCloudMixin from servercore.common.mixins.json into net.minecraft.world.entity.AreaEffectCloud
[27May2025 18:40:21.347] [main/DEBUG] [mixin/]: servercore.common.mixins.json:features.activation_range.inactive_ticks.AreaEffectCloudMixin: Class version 61 required is higher than the class version supported by the current version of Mixin (JAVA_16 supports class version 60)
[27May2025 18:40:21.350] [main/DEBUG] [mixin/]: Mixing entity.replace_entitytype_predicates.ArmorStandMixin from canary.mixins.json into net.minecraft.world.entity.decoration.ArmorStand
[27May2025 18:40:21.350] [main/DEBUG] [mixin/]: Renaming synthetic method lambda$getMinecartsDirectly$0(Lnet/minecraft/world/entity/Entity;Lnet/minecraft/world/entity/Entity;)Z to md9c0b19$lambda$getMinecartsDirectly$0$0 in canary.mixins.json:entity.replace_entitytype_predicates.ArmorStandMixin
[27May2025 18:40:21.351] [main/DEBUG] [mixin/]: Mixing entity.skip_equipment_change_check.ArmorStandMixin from canary.mixins.json into net.minecraft.world.entity.decoration.ArmorStand
[27May2025 18:40:21.358] [main/DEBUG] [mixin/]: Mixing features.activation_range.inactive_ticks.ArrowMixin from servercore.common.mixins.json into net.minecraft.world.entity.projectile.Arrow
[27May2025 18:40:21.358] [main/DEBUG] [mixin/]: servercore.common.mixins.json:features.activation_range.inactive_ticks.ArrowMixin: Class version 61 required is higher than the class version supported by the current version of Mixin (JAVA_16 supports class version 60)
[27May2025 18:40:21.365] [main/DEBUG] [mixin/]: Mixing features.merging.ExperienceOrbMixin from servercore.common.mixins.json into net.minecraft.world.entity.ExperienceOrb
[27May2025 18:40:21.365] [main/DEBUG] [mixin/]: servercore.common.mixins.json:features.merging.ExperienceOrbMixin: Class version 61 required is higher than the class version supported by the current version of Mixin (JAVA_16 supports class version 60)
[27May2025 18:40:21.371] [main/DEBUG] [mixin/]: Mixing perf.ticking_chunk_alloc.BatMixin from modernfix-common.mixins.json into net.minecraft.world.entity.ambient.Bat
[27May2025 18:40:21.380] [main/DEBUG] [mixin/]: Mixing features.activation_range.inactive_ticks.BeeMixin from servercore.common.mixins.json into net.minecraft.world.entity.animal.Bee
[27May2025 18:40:21.381] [main/DEBUG] [mixin/]: servercore.common.mixins.json:features.activation_range.inactive_ticks.BeeMixin: Class version 61 required is higher than the class version supported by the current version of Mixin (JAVA_16 supports class version 60)
[27May2025 18:40:21.382] [main/DEBUG] [mixin/]: Mixing optimizations.sync_loads.BeeMixin from servercore.common.mixins.json into net.minecraft.world.entity.animal.Bee
[27May2025 18:40:21.382] [main/DEBUG] [mixin/]: servercore.common.mixins.json:optimizations.sync_loads.BeeMixin: Class version 61 required is higher than the class version supported by the current version of Mixin (JAVA_16 supports class version 60)
[27May2025 18:40:21.388] [main/DEBUG] [mixin/]: Mixing features.breeding_cap.tasks.BreedGoalMixin from servercore.common.mixins.json into net.minecraft.world.entity.ai.goal.BreedGoal
[27May2025 18:40:21.389] [main/DEBUG] [mixin/]: servercore.common.mixins.json:features.breeding_cap.tasks.BreedGoalMixin: Class version 61 required is higher than the class version supported by the current version of Mixin (JAVA_16 supports class version 60)
[27May2025 18:40:21.394] [main/DEBUG] [mixin/]: Mixing HurtByTargetGoalMixin from tombstone.mixins.json into net.minecraft.world.entity.ai.goal.target.HurtByTargetGoal
[27May2025 18:40:21.396] [main/DEBUG] [mixin/]: Mixing accessor.TargetGoalAccessor from tombstone.mixins.json into net.minecraft.world.entity.ai.goal.target.TargetGoal
[27May2025 18:40:21.398] [main/DEBUG] [mixin/]: Mixing entity.NearestAttackableTargetGoalMixin from mixins.netherexp.json into net.minecraft.world.entity.ai.goal.target.NearestAttackableTargetGoal
[27May2025 18:40:21.399] [main/DEBUG] [mixin/]: Mixing NearestAttackableTargetGoalMixin from attributeslib.mixins.json into net.minecraft.world.entity.ai.goal.target.NearestAttackableTargetGoal
[27May2025 18:40:21.410] [main/DEBUG] [mixin/]: Mixing entity.collisions.unpushable_cramming.BoatMixin from canary.mixins.json into net.minecraft.world.entity.vehicle.Boat
[27May2025 18:40:21.428] [main/DEBUG] [mixin/]: Mixing features.activation_range.fixes.CatMixin from servercore.common.mixins.json into net.minecraft.world.entity.animal.Cat
[27May2025 18:40:21.428] [main/DEBUG] [mixin/]: servercore.common.mixins.json:features.activation_range.fixes.CatMixin: Class version 61 required is higher than the class version supported by the current version of Mixin (JAVA_16 supports class version 60)
[27May2025 18:40:21.439] [main/DEBUG] [net.minecraftforge.coremod.transformer.CoreModBaseTransformer/COREMOD]: Transforming net/minecraft/world/entity/monster/Spider
[27May2025 18:40:21.467] [main/DEBUG] [mixin/]: Mixing features.activation_range.inactive_ticks.ChickenMixin from servercore.common.mixins.json into net.minecraft.world.entity.animal.Chicken
[27May2025 18:40:21.467] [main/DEBUG] [mixin/]: servercore.common.mixins.json:features.activation_range.inactive_ticks.ChickenMixin: Class version 61 required is higher than the class version supported by the current version of Mixin (JAVA_16 supports class version 60)
[27May2025 18:40:21.479] [main/DEBUG] [mixin/]: Mixing CreeperMixin from mixins.irons_spellbooks.json into net.minecraft.world.entity.monster.Creeper
[27May2025 18:40:21.490] [main/DEBUG] [mixin/]: Mixing AbstractChestedHorseMixin from relics.mixins.json into net.minecraft.world.entity.animal.horse.AbstractChestedHorse
[27May2025 18:40:21.492] [main/DEBUG] [mixin/]: relics.mixins.json:AbstractChestedHorseMixin: Class version 61 required is higher than the class version supported by the current version of Mixin (JAVA_8 supports class version 52)
[27May2025 18:40:21.497] [main/DEBUG] [mixin/]: Mixing entity.AbstractHurtingProjectileMixin from mixins.netherexp.json into net.minecraft.world.entity.projectile.AbstractHurtingProjectile
[27May2025 18:40:21.503] [main/DEBUG] [mixin/]: Mixing entity.inactive_navigations.DrownedMixin from canary.mixins.json into net.minecraft.world.entity.monster.Drowned
[27May2025 18:40:21.506] [main/DEBUG] [net.minecraftforge.coremod.transformer.CoreModBaseTransformer/COREMOD]: Transforming net/minecraft/world/entity/monster/Zombie
[27May2025 18:40:21.561] [main/DEBUG] [mixin/]: Mixing features.mob_spawning.ZombieMixin from servercore.common.mixins.json into net.minecraft.world.entity.monster.Zombie
[27May2025 18:40:21.561] [main/DEBUG] [mixin/]: servercore.common.mixins.json:features.mob_spawning.ZombieMixin: Class version 61 required is higher than the class version supported by the current version of Mixin (JAVA_16 supports class version 60)
[27May2025 18:40:21.571] [main/DEBUG] [net.minecraftforge.coremod.transformer.CoreModBaseTransformer/COREMOD]: Transforming net/minecraft/world/entity/monster/ZombieVillager
[27May2025 18:40:21.595] [main/DEBUG] [mixin/]: Mixing optimizations.sync_loads.RemoveBlockGoalMixin from servercore.common.mixins.json into net.minecraft.world.entity.ai.goal.RemoveBlockGoal
[27May2025 18:40:21.595] [main/DEBUG] [mixin/]: servercore.common.mixins.json:optimizations.sync_loads.RemoveBlockGoalMixin: Class version 61 required is higher than the class version supported by the current version of Mixin (JAVA_16 supports class version 60)
[27May2025 18:40:21.602] [main/DEBUG] [mixin/]: Mixing ThrownTridentMixin from attributeslib.mixins.json into net.minecraft.world.entity.projectile.ThrownTrident
[27May2025 18:40:21.602] [main/DEBUG] [mixin/]: Mixing MixinThrownTrident from mixins.epicfight.json into net.minecraft.world.entity.projectile.ThrownTrident
[27May2025 18:40:21.611] [main/DEBUG] [mixin/]: Mixing entity.inactive_navigations.DrownedGoToBeachGoalMixin from canary.mixins.json into net.minecraft.world.entity.monster.Drowned$DrownedGoToBeachGoal
[27May2025 18:40:21.614] [main/DEBUG] [mixin/]: Mixing features.breeding_cap.ThrownEggMixin from servercore.common.mixins.json into net.minecraft.world.entity.projectile.ThrownEgg
[27May2025 18:40:21.615] [main/DEBUG] [mixin/]: servercore.common.mixins.json:features.breeding_cap.ThrownEggMixin: Class version 61 required is higher than the class version supported by the current version of Mixin (JAVA_16 supports class version 60)
[27May2025 18:40:21.624] [main/DEBUG] [mixin/]: Mixing MixinEndCrystal from mixins.epicfight.json into net.minecraft.world.entity.boss.enderdragon.EndCrystal
[27May2025 18:40:21.639] [main/DEBUG] [mixin/]: Mixing EnderManMixin from relics.mixins.json into net.minecraft.world.entity.monster.EnderMan
[27May2025 18:40:21.639] [main/DEBUG] [mixin/]: relics.mixins.json:EnderManMixin: Class version 61 required is higher than the class version supported by the current version of Mixin (JAVA_8 supports class version 52)
[27May2025 18:40:21.645] [main/DEBUG] [mixin/]: Mixing ai.raid.RaiderMixin from canary.mixins.json into net.minecraft.world.entity.raid.Raider
[27May2025 18:40:21.645] [main/DEBUG] [mixin/]: Renaming synthetic method lambda$static$0(Lnet/minecraft/world/entity/item/ItemEntity;)Z to md9c0b19$lambda$static$0$0 in canary.mixins.json:ai.raid.RaiderMixin
[27May2025 18:40:21.650] [main/DEBUG] [mixin/]: Mixing ai.raid.ObtainRaidLeaderBannerGoalMixin from canary.mixins.json into net.minecraft.world.entity.raid.Raider$ObtainRaidLeaderBannerGoal
[27May2025 18:40:21.652] [main/DEBUG] [mixin/]: Mixing ai.poi.tasks.RaiderMoveThroughVillageGoalMixin from canary.mixins.json into net.minecraft.world.entity.raid.Raider$RaiderMoveThroughVillageGoal
[27May2025 18:40:21.655] [main/DEBUG] [net.minecraftforge.coremod.transformer.CoreModBaseTransformer/COREMOD]: Transforming net/minecraft/world/entity/monster/Evoker$EvokerSummonSpellGoal
[27May2025 18:40:21.678] [main/DEBUG] [mixin/]: Mixing FrogMixin from alexscaves.mixins.json into net.minecraft.world.entity.animal.frog.Frog
[27May2025 18:40:21.688] [main/DEBUG] [mixin/]: Mixing entity.replace_entitytype_predicates.ItemFrameMixin from canary.mixins.json into net.minecraft.world.entity.decoration.ItemFrame
[27May2025 18:40:21.688] [main/DEBUG] [mixin/]: Renaming synthetic method lambda$getAbstractDecorationEntities$0(Lnet/minecraft/world/entity/Entity;Lnet/minecraft/world/entity/decoration/HangingEntity;)Z to md9c0b19$lambda$getAbstractDecorationEntities$0$0 in canary.mixins.json:entity.replace_entitytype_predicates.ItemFrameMixin
[27May2025 18:40:21.707] [main/DEBUG] [mixin/]: Mixing entity.replace_entitytype_predicates.GolemRandomStrollInVillageGoalMixin from canary.mixins.json into net.minecraft.world.entity.ai.goal.GolemRandomStrollInVillageGoal
[27May2025 18:40:21.715] [main/DEBUG] [mixin/]: Mixing entity.replace_entitytype_predicates.LlamaFollowCaravanGoalMixin from canary.mixins.json into net.minecraft.world.entity.ai.goal.LlamaFollowCaravanGoal
[27May2025 18:40:21.715] [main/DEBUG] [mixin/]: Renaming synthetic method lambda$getLlamasForCaravan$0(Lnet/minecraft/world/entity/Entity;Lnet/minecraft/world/entity/animal/horse/Llama;)Z to md9c0b19$lambda$getLlamasForCaravan$0$0 in canary.mixins.json:entity.replace_entitytype_predicates.LlamaFollowCaravanGoalMixin
[27May2025 18:40:21.725] [main/DEBUG] [mixin/]: Mixing features.activation_range.fixes.OcelotMixin from servercore.common.mixins.json into net.minecraft.world.entity.animal.Ocelot
[27May2025 18:40:21.725] [main/DEBUG] [mixin/]: servercore.common.mixins.json:features.activation_range.fixes.OcelotMixin: Class version 61 required is higher than the class version supported by the current version of Mixin (JAVA_16 supports class version 60)
[27May2025 18:40:21.772] [main/DEBUG] [mixin/]: Mixing features.activation_range.inactive_ticks.SkeletonHorseMixin from servercore.common.mixins.json into net.minecraft.world.entity.animal.horse.SkeletonHorse
[27May2025 18:40:21.772] [main/DEBUG] [mixin/]: servercore.common.mixins.json:features.activation_range.inactive_ticks.SkeletonHorseMixin: Class version 61 required is higher than the class version supported by the current version of Mixin (JAVA_16 supports class version 60)
[27May2025 18:40:21.775] [main/DEBUG] [net.minecraftforge.coremod.transformer.CoreModBaseTransformer/COREMOD]: Transforming net/minecraft/world/entity/animal/horse/SkeletonTrapGoal
[27May2025 18:40:21.790] [main/DEBUG] [mixin/]: Mixing features.mob_spawning.BaseSpawnerMixin from servercore.common.mixins.json into net.minecraft.world.level.BaseSpawner
[27May2025 18:40:21.791] [main/DEBUG] [mixin/]: servercore.common.mixins.json:features.mob_spawning.BaseSpawnerMixin: Class version 61 required is higher than the class version supported by the current version of Mixin (JAVA_16 supports class version 60)
[27May2025 18:40:21.795] [main/DEBUG] [mixin/]: Mixing features.activation_range.inactive_ticks.SpectralArrowMixin from servercore.common.mixins.json into net.minecraft.world.entity.projectile.SpectralArrow
[27May2025 18:40:21.795] [main/DEBUG] [mixin/]: servercore.common.mixins.json:features.activation_range.inactive_ticks.SpectralArrowMixin: Class version 61 required is higher than the class version supported by the current version of Mixin (JAVA_16 supports class version 60)
[27May2025 18:40:21.798] [main/DEBUG] [net.minecraftforge.coremod.transformer.CoreModBaseTransformer/COREMOD]: Transforming net/minecraft/world/entity/monster/Strider
[27May2025 18:40:21.834] [main/DEBUG] [mixin/]: Mixing entity.StriderMixin from mixins.netherexp.json into net.minecraft.world.entity.monster.Strider
[27May2025 18:40:21.855] [main/DEBUG] [mixin/]: Mixing entity.data_tracker.use_arrays.SynchedEntityDataMixin from canary.mixins.json into net.minecraft.network.syncher.SynchedEntityData
[27May2025 18:40:21.862] [main/DEBUG] [mixin/]: Mixing entity.data_tracker.no_locks.SynchedEntityDataMixin from canary.mixins.json into net.minecraft.network.syncher.SynchedEntityData
[27May2025 18:40:21.872] [main/DEBUG] [mixin/]: Mixing MixinHurtableEntityPatch from cdmoveset.mixins.json into yesman.epicfight.world.capabilities.entitypatch.HurtableEntityPatch
[27May2025 18:40:21.879] [main/WARN] [net.minecraft.network.syncher.SynchedEntityData/]: defineId called for: class net.minecraft.world.entity.LivingEntity from class yesman.epicfight.world.capabilities.entitypatch.LivingEntityPatch
[27May2025 18:40:21.879] [main/WARN] [net.minecraft.network.syncher.SynchedEntityData/]: defineId called for: class net.minecraft.world.entity.LivingEntity from class yesman.epicfight.world.capabilities.entitypatch.LivingEntityPatch
[27May2025 18:40:21.879] [main/WARN] [net.minecraft.network.syncher.SynchedEntityData/]: defineId called for: class net.minecraft.world.entity.LivingEntity from class yesman.epicfight.world.capabilities.entitypatch.LivingEntityPatch
[27May2025 18:40:21.880] [main/WARN] [net.minecraft.network.syncher.SynchedEntityData/]: defineId called for: class net.minecraft.world.entity.LivingEntity from class yesman.epicfight.world.capabilities.entitypatch.LivingEntityPatch
[27May2025 18:40:21.893] [main/DEBUG] [mixin/]: Mixing ai.sensor.secondary_poi.SecondaryPoiSensorMixin from canary.mixins.json into net.minecraft.world.entity.ai.sensing.SecondaryPoiSensor
[27May2025 18:40:21.952] [main/DEBUG] [mixin/]: Mixing util.world_border_listener.WorldBorderMixin from canary.mixins.json into net.minecraft.world.level.border.WorldBorder
[27May2025 18:40:21.959] [main/DEBUG] [mixin/]: Mixing perf.ticking_chunk_alloc.ChunkAccessMixin from modernfix-common.mixins.json into net.minecraft.world.level.chunk.ChunkAccess
[27May2025 18:40:21.965] [main/DEBUG] [mixin/]: Mixing world.inline_block_access.LevelChunkMixin from canary.mixins.json into net.minecraft.world.level.chunk.LevelChunk
[27May2025 18:40:21.966] [main/DEBUG] [mixin/]: Mixing optimizations.ticking.chunk.random.LevelChunkMixin from servercore.common.mixins.json into net.minecraft.world.level.chunk.LevelChunk
[27May2025 18:40:21.966] [main/DEBUG] [mixin/]: servercore.common.mixins.json:optimizations.ticking.chunk.random.LevelChunkMixin: Class version 61 required is higher than the class version supported by the current version of Mixin (JAVA_16 supports class version 60)
[27May2025 18:40:21.967] [main/DEBUG] [mixin/]: Mixing world.block_entity_ticking.sleeping.LevelChunkMixin from canary.mixins.json into net.minecraft.world.level.chunk.LevelChunk
[27May2025 18:40:21.968] [main/DEBUG] [mixin/]: Mixing world.combined_heightmap_update.LevelChunkMixin from canary.mixins.json into net.minecraft.world.level.chunk.LevelChunk
[27May2025 18:40:21.970] [main/DEBUG] [mixin/]: Mixing world.inline_height.LevelChunkMixin from canary.mixins.json into net.minecraft.world.level.chunk.LevelChunk
[27May2025 18:40:22.007] [main/DEBUG] [net.minecraftforge.coremod.transformer.CoreModBaseTransformer/COREMOD]: Transforming net/minecraft/world/entity/npc/Villager
[27May2025 18:40:22.119] [main/DEBUG] [mixin/]: Mixing features.activation_range.inactive_ticks.VillagerMixin from servercore.common.mixins.json into net.minecraft.world.entity.npc.Villager
[27May2025 18:40:22.120] [main/DEBUG] [mixin/]: servercore.common.mixins.json:features.activation_range.inactive_ticks.VillagerMixin: Class version 61 required is higher than the class version supported by the current version of Mixin (JAVA_16 supports class version 60)
[27May2025 18:40:22.121] [main/DEBUG] [mixin/]: Mixing features.ticking.VillagerMixin from servercore.common.mixins.json into net.minecraft.world.entity.npc.Villager
[27May2025 18:40:22.121] [main/DEBUG] [mixin/]: servercore.common.mixins.json:features.ticking.VillagerMixin: Class version 61 required is higher than the class version supported by the current version of Mixin (JAVA_16 supports class version 60)
[27May2025 18:40:22.125] [main/DEBUG] [mixin/]: Mixing accessor.VillagerAccessor from tombstone.mixins.json into net.minecraft.world.entity.npc.Villager
[27May2025 18:40:22.172] [main/DEBUG] [mixin/]: Mixing entity.collisions.unpushable_cramming.EntitySelectorMixin from canary.mixins.json into net.minecraft.world.entity.EntitySelector
[27May2025 18:40:22.188] [main/DEBUG] [mixin/]: Mixing inject.MixinFoodPropertiesBuilder from architectury-common.mixins.json into net.minecraft.world.food.FoodProperties$Builder
[27May2025 18:40:22.191] [main/DEBUG] [net.minecraftforge.coremod.transformer.CoreModBaseTransformer/COREMOD]: Transforming net/minecraft/world/effect/MobEffectInstance
[27May2025 18:40:22.222] [main/DEBUG] [mixin/]: Mixing bugfix.forge_vehicle_packets.ServerGamePacketListenerImplMixin from modernfix-forge.mixins.json into net.minecraft.server.network.ServerGamePacketListenerImpl
[27May2025 18:40:22.224] [main/DEBUG] [mixin/]: Mixing features.misc.ServerGamePacketListenerImplMixin from servercore.common.mixins.json into net.minecraft.server.network.ServerGamePacketListenerImpl
[27May2025 18:40:22.224] [main/DEBUG] [mixin/]: servercore.common.mixins.json:features.misc.ServerGamePacketListenerImplMixin: Class version 61 required is higher than the class version supported by the current version of Mixin (JAVA_16 supports class version 60)
[27May2025 18:40:22.227] [main/DEBUG] [mixin/]: Mixing MixinServerGamePacketListenerImpl from mixins.epicfight.json into net.minecraft.server.network.ServerGamePacketListenerImpl
[27May2025 18:40:22.251] [main/DEBUG] [mixin/]: Mixing brewing.PotionBrewingAccessor from mixins.netherexp.json into net.minecraft.world.item.alchemy.PotionBrewing
[27May2025 18:40:22.251] [main/DEBUG] [mixin/]: Renaming @Invoker method netherexp$addMix(Lnet/minecraft/world/item/alchemy/Potion;Lnet/minecraft/world/item/Item;Lnet/minecraft/world/item/alchemy/Potion;)V to netherexp$addMix_$md$9c0b19$0 in mixins.netherexp.json:brewing.PotionBrewingAccessor
[27May2025 18:40:22.251] [main/DEBUG] [mixin/]: Mixing brewing.PotionBrewingMixin from mixins.netherexp.json into net.minecraft.world.item.alchemy.PotionBrewing
[27May2025 18:40:22.261] [main/DEBUG] [mixin/]: Mixing perf.nbt_memory_usage.CompoundTagMixin from modernfix-common.mixins.json into net.minecraft.nbt.CompoundTag
[27May2025 18:40:22.262] [main/DEBUG] [mixin/]: Mixing alloc.nbt.CompoundTagMixin from canary.mixins.json into net.minecraft.nbt.CompoundTag
[27May2025 18:40:22.270] [main/DEBUG] [mixin/]: Mixing perf.nbt_memory_usage.CompoundTag1Mixin from modernfix-common.mixins.json into net.minecraft.nbt.CompoundTag$1
[27May2025 18:40:22.271] [main/DEBUG] [mixin/]: Mixing alloc.nbt.CompoundTagMixin$Type from canary.mixins.json into net.minecraft.nbt.CompoundTag$1
[27May2025 18:40:22.345] [main/DEBUG] [mixin/]: Mixing StructureProcessorAccessor from cataclysm.mixins.json into net.minecraft.world.level.levelgen.structure.templatesystem.StructureProcessor
[27May2025 18:40:22.346] [main/DEBUG] [mixin/]: Mixing StructureProcessorAccessor from legendary_monsters.mixins.json into net.minecraft.world.level.levelgen.structure.templatesystem.StructureProcessor
[27May2025 18:40:22.346] [main/DEBUG] [mixin/]: Unexpected: Registered method callGetType()Lnet/minecraft/world/level/levelgen/structure/templatesystem/StructureProcessorType; in net.minecraft.world.level.levelgen.structure.templatesystem.StructureProcessor was not merged
[27May2025 18:40:22.364] [main/DEBUG] [mixin/]: Mixing world.combined_heightmap_update.HeightmapAccessor from canary.mixins.json into net.minecraft.world.level.levelgen.Heightmap
[27May2025 18:40:22.367] [main/DEBUG] [mixin/]: Mixing perf.dynamic_structure_manager.StructureManagerMixin from modernfix-common.mixins.json into net.minecraft.world.level.levelgen.structure.templatesystem.StructureTemplateManager
[27May2025 18:40:22.368] [main/DEBUG] [mixin/]: Mixing perf.cache_upgraded_structures.StructureManagerMixin from modernfix-common.mixins.json into net.minecraft.world.level.levelgen.structure.templatesystem.StructureTemplateManager
[27May2025 18:40:22.375] [main/DEBUG] [mixin/]: Mixing ChunkGeneratorMixin from citadel.mixins.json into net.minecraft.world.level.chunk.ChunkGenerator
[27May2025 18:40:22.376] [main/DEBUG] [mixin/]: Mixing optimizations.tickets.ChunkGeneratorMixin from servercore.common.mixins.json into net.minecraft.world.level.chunk.ChunkGenerator
[27May2025 18:40:22.376] [main/DEBUG] [mixin/]: servercore.common.mixins.json:optimizations.tickets.ChunkGeneratorMixin: Class version 61 required is higher than the class version supported by the current version of Mixin (JAVA_16 supports class version 60)
[27May2025 18:40:22.402] [main/DEBUG] [mixin/]: Mixing MixinInventory from curios.mixins.json into net.minecraft.world.entity.player.Inventory
[27May2025 18:40:22.411] [main/DEBUG] [mixin/]: Mixing brewing.PotionSlotMixin from mixins.netherexp.json into net.minecraft.world.inventory.BrewingStandMenu$PotionSlot
[27May2025 18:40:22.425] [main/DEBUG] [mixin/]: Mixing accessor.ShapedRecipeAccessor from tombstone.mixins.json into net.minecraft.world.item.crafting.ShapedRecipe
[27May2025 18:40:22.505] [main/DEBUG] [mixin/]: Mixing EnchantRandomlyFunctionMixin from alexscaves.mixins.json into net.minecraft.world.level.storage.loot.functions.EnchantRandomlyFunction
[27May2025 18:40:22.505] [main/DEBUG] [mixin/]: Renaming synthetic method lambda$ac_enchantItem$0(ZLnet/minecraft/world/item/ItemStack;Lnet/minecraft/world/item/enchantment/Enchantment;)Z to md9c0b19$lambda$ac_enchantItem$0$0 in alexscaves.mixins.json:EnchantRandomlyFunctionMixin
[27May2025 18:40:22.520] [main/DEBUG] [mixin/]: Mixing MixinApplyBonusCount from curios.mixins.json into net.minecraft.world.level.storage.loot.functions.ApplyBonusCount
[27May2025 18:40:22.552] [main/DEBUG] [mixin/]: Mixing collections.mob_spawning.WeightedRandomListMixin from canary.mixins.json into net.minecraft.util.random.WeightedRandomList
[27May2025 18:40:22.608] [main/DEBUG] [mixin/]: Mixing MultifaceGrowthFeatureMixin from alexscaves.mixins.json into net.minecraft.world.level.levelgen.feature.MultifaceGrowthFeature
[27May2025 18:40:22.609] [main/DEBUG] [mixin/]: Mixing NoMultifaceGrowthFeatureInStructuresMixin from cataclysm.mixins.json into net.minecraft.world.level.levelgen.feature.MultifaceGrowthFeature
[27May2025 18:40:22.612] [main/DEBUG] [mixin/]: Mixing NoMagmaBlockInStructuresMixin from cataclysm.mixins.json into net.minecraft.world.level.levelgen.feature.UnderwaterMagmaFeature
[27May2025 18:40:22.616] [main/DEBUG] [mixin/]: Mixing NoLakesInStructuresMixin from cataclysm.mixins.json into net.minecraft.world.level.levelgen.feature.LakeFeature
[27May2025 18:40:22.618] [main/DEBUG] [mixin/]: Mixing NoOreInStructuresMixin from cataclysm.mixins.json into net.minecraft.world.level.levelgen.feature.OreFeature
[27May2025 18:40:22.621] [main/DEBUG] [mixin/]: Mixing SeagrassFeatureMixin from alexscaves.mixins.json into net.minecraft.world.level.levelgen.feature.SeagrassFeature
[27May2025 18:40:22.622] [main/DEBUG] [mixin/]: Mixing KelpFeatureMixin from alexscaves.mixins.json into net.minecraft.world.level.levelgen.feature.KelpFeature
[27May2025 18:40:22.624] [main/DEBUG] [mixin/]: Mixing CoralFeatureMixin from alexscaves.mixins.json into net.minecraft.world.level.levelgen.feature.CoralFeature
[27May2025 18:40:22.628] [main/DEBUG] [mixin/]: Mixing worldgen.BasaltColumnsFeatureMixin from mixins.netherexp.json into net.minecraft.world.level.levelgen.feature.BasaltColumnsFeature
[27May2025 18:40:22.628] [main/DEBUG] [mixin/]: Mixing NoBasaltColumnsInStructuresMixin from cataclysm.mixins.json into net.minecraft.world.level.levelgen.feature.BasaltColumnsFeature
[27May2025 18:40:22.630] [main/DEBUG] [mixin/]: Mixing worldgen.DeltaFeatureMixin from mixins.netherexp.json into net.minecraft.world.level.levelgen.feature.DeltaFeature
[27May2025 18:40:22.631] [main/DEBUG] [mixin/]: Mixing NoDeltasInStructuresMixin from cataclysm.mixins.json into net.minecraft.world.level.levelgen.feature.DeltaFeature
[27May2025 18:40:22.635] [main/DEBUG] [mixin/]: Mixing NoGeodeInStructuresMixin from cataclysm.mixins.json into net.minecraft.world.level.levelgen.feature.GeodeFeature
[27May2025 18:40:22.721] [main/DEBUG] [net.minecraftforge.coremod.transformer.CoreModBaseTransformer/COREMOD]: Transforming net/minecraft/world/level/levelgen/structure/Structure
[27May2025 18:40:22.753] [main/DEBUG] [net.minecraftforge.coremod.transformer.CoreModBaseTransformer/COREMOD]: Transforming net/minecraft/world/level/levelgen/structure/structures/OceanRuinPieces$OceanRuinPiece
[27May2025 18:40:22.766] [main/DEBUG] [net.minecraftforge.coremod.transformer.CoreModBaseTransformer/COREMOD]: Transforming net/minecraft/world/level/levelgen/structure/structures/SwampHutPiece
[27May2025 18:40:22.778] [main/DEBUG] [mixin/]: Mixing SwampHutPieceMixin from alexscaves.mixins.json into net.minecraft.world.level.levelgen.structure.structures.SwampHutPiece
[27May2025 18:40:22.780] [main/WARN] [mixin/]: Mixin alexscaves.mixins.json:SwampHutPieceMixin has multiple constructors, (Lnet/minecraft/world/level/levelgen/structure/pieces/StructurePieceType;IIIIIILnet/minecraft/core/Direction;)V was selected

[27May2025 18:40:22.784] [main/DEBUG] [net.minecraftforge.coremod.transformer.CoreModBaseTransformer/COREMOD]: Transforming net/minecraft/world/level/levelgen/structure/structures/OceanMonumentPieces$OceanMonumentPiece
[27May2025 18:40:22.801] [main/DEBUG] [net.minecraftforge.coremod.transformer.CoreModBaseTransformer/COREMOD]: Transforming net/minecraft/world/level/levelgen/structure/structures/WoodlandMansionPieces$WoodlandMansionPiece
[27May2025 18:40:22.816] [main/DEBUG] [mixin/]: Mixing collections.mob_spawning.MobSpawnSettingsMixin from canary.mixins.json into net.minecraft.world.level.biome.MobSpawnSettings
[27May2025 18:40:22.824] [main/DEBUG] [mixin/]: Mixing JigsawStructureMixin from alexscaves.mixins.json into net.minecraft.world.level.levelgen.structure.structures.JigsawStructure
[27May2025 18:40:22.825] [main/DEBUG] [net.minecraftforge.coremod.transformer.CoreModBaseTransformer/COREMOD]: Transforming net/minecraft/world/level/levelgen/structure/Structure
[27May2025 18:40:22.828] [main/DEBUG] [mixin/]: Mixing accessor.StructureTemplatePoolAccessor from cataclysm.mixins.json into net.minecraft.world.level.levelgen.structure.pools.StructureTemplatePool
[27May2025 18:40:22.840] [main/DEBUG] [mixin/]: Mixing OceanMonumentStructureMixin from alexscaves.mixins.json into net.minecraft.world.level.levelgen.structure.structures.OceanMonumentStructure
[27May2025 18:40:22.850] [main/DEBUG] [mixin/]: Mixing ShipwreckStructureMixin from alexscaves.mixins.json into net.minecraft.world.level.levelgen.structure.structures.ShipwreckStructure
[27May2025 18:40:22.913] [main/DEBUG] [mixin/]: Mixing biome.BiomeSourceMixin from mixins.elysium_api.json into net.minecraft.world.level.biome.BiomeSource
[27May2025 18:40:22.915] [main/DEBUG] [mixin/]: Mixing BiomeSourceMixin from alexscaves.mixins.json into net.minecraft.world.level.biome.BiomeSource
[27May2025 18:40:22.916] [main/DEBUG] [mixin/]: Mixing BiomeSourceMixin from mixins.mofus_better_end_.json into net.minecraft.world.level.biome.BiomeSource
[27May2025 18:40:22.923] [main/DEBUG] [net.minecraftforge.coremod.transformer.CoreModBaseTransformer/COREMOD]: Transforming net/minecraft/world/level/biome/Biome
[27May2025 18:40:22.924] [main/DEBUG] [mixin/]: Mixing perf.remove_biome_temperature_cache.BiomeMixin from modernfix-common.mixins.json into net.minecraft.world.level.biome.Biome
[27May2025 18:40:22.924] [main/DEBUG] [mixin/]: Mixing biomeTemperatureLeak.Biome_threadLocalMixin from memoryleakfix.mixins.json into net.minecraft.world.level.biome.Biome
[27May2025 18:40:22.925] [main/DEBUG] [mixin/]: Mixing world.chunk_ticking.spread_ice.BiomeMixin from canary.mixins.json into net.minecraft.world.level.biome.Biome
[27May2025 18:40:22.975] [main/DEBUG] [mixin/]: Mixing MultiNoiseBiomeSourceMixin from alexscaves.mixins.json into net.minecraft.world.level.biome.MultiNoiseBiomeSource
[27May2025 18:40:22.977] [main/DEBUG] [mixin/]: Mixing biome.MultiNoiseBiomeSourceMixin from mixins.elysium_api.json into net.minecraft.world.level.biome.MultiNoiseBiomeSource
[27May2025 18:40:23.002] [main/DEBUG] [mixin/]: Mixing TheEndBiomeSourceMixin from mixins.mofus_better_end_.json into net.minecraft.world.level.biome.TheEndBiomeSource
[27May2025 18:40:23.002] [main/DEBUG] [mixin/]: Renaming synthetic method lambda$init$1(Lnet/minecraft/core/HolderGetter;)Ljava/lang/Object; to md9c0b19$lambda$init$1$0 in mixins.mofus_better_end_.json:TheEndBiomeSourceMixin
[27May2025 18:40:23.002] [main/DEBUG] [mixin/]: Renaming synthetic method lambda$modifyCodec$0(Lcom/mojang/serialization/codecs/RecordCodecBuilder$Instance;)Lcom/mojang/datafixers/kinds/App; to md9c0b19$lambda$modifyCodec$0$1 in mixins.mofus_better_end_.json:TheEndBiomeSourceMixin
[27May2025 18:40:23.021] [main/DEBUG] [mixin/]: Mixing NoiseBasedChunkGeneratorMixin from citadel.mixins.json into net.minecraft.world.level.levelgen.NoiseBasedChunkGenerator
[27May2025 18:40:23.029] [main/DEBUG] [mixin/]: Mixing biome.NoiseGeneratorSettingsAccessor from mixins.elysium_api.json into net.minecraft.world.level.levelgen.NoiseGeneratorSettings
[27May2025 18:40:23.029] [main/DEBUG] [mixin/]: Mixing NoiseGeneratorSettingsAccess from mixins.mofus_better_end_.json into net.minecraft.world.level.levelgen.NoiseGeneratorSettings
[27May2025 18:40:23.096] [main/DEBUG] [mixin/]: Mixing accessor.SinglePoolElementAccessor from cataclysm.mixins.json into net.minecraft.world.level.levelgen.structure.pools.SinglePoolElement
[27May2025 18:40:23.101] [main/DEBUG] [mixin/]: Mixing accessor.ListPoolElementAccessor from cataclysm.mixins.json into net.minecraft.world.level.levelgen.structure.pools.ListPoolElement
[27May2025 18:40:23.102] [main/DEBUG] [mixin/]: Mixing accessor.FeaturePoolElementAccessor from cataclysm.mixins.json into net.minecraft.world.level.levelgen.structure.pools.FeaturePoolElement
[27May2025 18:40:23.188] [main/DEBUG] [net.minecraftforge.common.ForgeI18n/CORE]: Loading I18N data entries: 6430
[27May2025 18:40:23.203] [main/DEBUG] [net.minecraftforge.fml.ModWorkManager/LOADING]: Using 4 threads for parallel mod-loading
[27May2025 18:40:23.210] [main/DEBUG] [net.minecraftforge.fml.javafmlmod.FMLJavaModLanguageProvider/LOADING]: Loading FMLModContainer from classloader cpw.mods.modlauncher.TransformingClassLoader@297c9a9b - got cpw.mods.cl.ModuleClassLoader@1bc425e7
[27May2025 18:40:23.211] [main/DEBUG] [net.minecraftforge.fml.javafmlmod.FMLModContainer/LOADING]: Creating FMLModContainer instance for com.bobmowzie.mowziesmobs.MowziesMobs
[27May2025 18:40:23.212] [main/DEBUG] [net.minecraftforge.fml.javafmlmod.FMLJavaModLanguageProvider/LOADING]: Loading FMLModContainer from classloader cpw.mods.modlauncher.TransformingClassLoader@297c9a9b - got cpw.mods.cl.ModuleClassLoader@1bc425e7
[27May2025 18:40:23.213] [main/DEBUG] [net.minecraftforge.fml.javafmlmod.FMLModContainer/LOADING]: Creating FMLModContainer instance for net.jadenxgamer.netherexp.NetherExp
[27May2025 18:40:23.213] [main/DEBUG] [net.minecraftforge.fml.javafmlmod.FMLJavaModLanguageProvider/LOADING]: Loading FMLModContainer from classloader cpw.mods.modlauncher.TransformingClassLoader@297c9a9b - got cpw.mods.cl.ModuleClassLoader@1bc425e7
[27May2025 18:40:23.213] [main/DEBUG] [net.minecraftforge.fml.javafmlmod.FMLModContainer/LOADING]: Creating FMLModContainer instance for com.yukami.epicironcompat.EpicFightIronCompat
[27May2025 18:40:23.213] [main/DEBUG] [net.minecraftforge.fml.javafmlmod.FMLJavaModLanguageProvider/LOADING]: Loading FMLModContainer from classloader cpw.mods.modlauncher.TransformingClassLoader@297c9a9b - got cpw.mods.cl.ModuleClassLoader@1bc425e7
[27May2025 18:40:23.213] [main/DEBUG] [net.minecraftforge.fml.javafmlmod.FMLModContainer/LOADING]: Creating FMLModContainer instance for software.bernie.example.GeckoLibMod
[27May2025 18:40:23.214] [main/DEBUG] [net.minecraftforge.fml.javafmlmod.FMLJavaModLanguageProvider/LOADING]: Loading FMLModContainer from classloader cpw.mods.modlauncher.TransformingClassLoader@297c9a9b - got cpw.mods.cl.ModuleClassLoader@1bc425e7
[27May2025 18:40:23.214] [main/DEBUG] [net.minecraftforge.fml.javafmlmod.FMLModContainer/LOADING]: Creating FMLModContainer instance for dev.kosmx.playerAnim.forge.ForgeModInterface
[27May2025 18:40:23.214] [main/DEBUG] [net.minecraftforge.fml.javafmlmod.FMLJavaModLanguageProvider/LOADING]: Loading FMLModContainer from classloader cpw.mods.modlauncher.TransformingClassLoader@297c9a9b - got cpw.mods.cl.ModuleClassLoader@1bc425e7
[27May2025 18:40:23.214] [main/DEBUG] [net.minecraftforge.fml.javafmlmod.FMLModContainer/LOADING]: Creating FMLModContainer instance for net.jadenxgamer.elysium_api.Elysium
[27May2025 18:40:23.215] [main/DEBUG] [net.minecraftforge.fml.javafmlmod.FMLJavaModLanguageProvider/LOADING]: Loading FMLModContainer from classloader cpw.mods.modlauncher.TransformingClassLoader@297c9a9b - got cpw.mods.cl.ModuleClassLoader@1bc425e7
[27May2025 18:40:23.215] [main/DEBUG] [net.minecraftforge.fml.javafmlmod.FMLModContainer/LOADING]: Creating FMLModContainer instance for net.temporal.mowzies_cataclysm.MowziesCataclysm
[27May2025 18:40:23.215] [main/DEBUG] [net.minecraftforge.fml.javafmlmod.FMLJavaModLanguageProvider/LOADING]: Loading FMLModContainer from classloader cpw.mods.modlauncher.TransformingClassLoader@297c9a9b - got cpw.mods.cl.ModuleClassLoader@1bc425e7
[27May2025 18:40:23.215] [main/DEBUG] [net.minecraftforge.fml.javafmlmod.FMLModContainer/LOADING]: Creating FMLModContainer instance for top.theillusivec4.caelus.Caelus
[27May2025 18:40:23.216] [main/DEBUG] [net.minecraftforge.fml.lowcodemod.LowCodeModLanguageProvider.LowCodeModTarget/LOADING]: Loading LowCodeModContainer from classloader cpw.mods.modlauncher.TransformingClassLoader@297c9a9b - got cpw.mods.cl.ModuleClassLoader@1bc425e7
[27May2025 18:40:23.216] [main/DEBUG] [net.minecraftforge.fml.lowcodemod.LowCodeModContainer/LOADING]: Creating LowCodeModContainer for incendium
[27May2025 18:40:23.216] [main/DEBUG] [net.minecraftforge.fml.javafmlmod.FMLJavaModLanguageProvider/LOADING]: Loading FMLModContainer from classloader cpw.mods.modlauncher.TransformingClassLoader@297c9a9b - got cpw.mods.cl.ModuleClassLoader@1bc425e7
[27May2025 18:40:23.216] [main/DEBUG] [net.minecraftforge.fml.javafmlmod.FMLModContainer/LOADING]: Creating FMLModContainer instance for journeymap.common.Journeymap
[27May2025 18:40:23.217] [main/DEBUG] [net.minecraftforge.fml.javafmlmod.FMLJavaModLanguageProvider/LOADING]: Loading FMLModContainer from classloader cpw.mods.modlauncher.TransformingClassLoader@297c9a9b - got cpw.mods.cl.ModuleClassLoader@1bc425e7
[27May2025 18:40:23.217] [main/DEBUG] [net.minecraftforge.fml.javafmlmod.FMLModContainer/LOADING]: Creating FMLModContainer instance for dev.shadowsoffire.placebo.Placebo
[27May2025 18:40:23.218] [main/DEBUG] [net.minecraftforge.fml.javafmlmod.FMLJavaModLanguageProvider/LOADING]: Loading FMLModContainer from classloader cpw.mods.modlauncher.TransformingClassLoader@297c9a9b - got cpw.mods.cl.ModuleClassLoader@1bc425e7
[27May2025 18:40:23.218] [main/DEBUG] [net.minecraftforge.fml.javafmlmod.FMLModContainer/LOADING]: Creating FMLModContainer instance for org.embeddedt.modernfix.forge.init.ModernFixForge
[27May2025 18:40:23.218] [main/DEBUG] [net.minecraftforge.fml.javafmlmod.FMLJavaModLanguageProvider/LOADING]: Loading FMLModContainer from classloader cpw.mods.modlauncher.TransformingClassLoader@297c9a9b - got cpw.mods.cl.ModuleClassLoader@1bc425e7
[27May2025 18:40:23.219] [main/DEBUG] [net.minecraftforge.fml.javafmlmod.FMLModContainer/LOADING]: Creating FMLModContainer instance for mezz.jei.forge.JustEnoughItems
[27May2025 18:40:23.219] [main/DEBUG] [net.minecraftforge.fml.javafmlmod.FMLJavaModLanguageProvider/LOADING]: Loading FMLModContainer from classloader cpw.mods.modlauncher.TransformingClassLoader@297c9a9b - got cpw.mods.cl.ModuleClassLoader@1bc425e7
[27May2025 18:40:23.219] [main/DEBUG] [net.minecraftforge.fml.javafmlmod.FMLModContainer/LOADING]: Creating FMLModContainer instance for com.github.alexthe666.citadel.Citadel
[27May2025 18:40:23.220] [main/DEBUG] [net.minecraftforge.fml.javafmlmod.FMLJavaModLanguageProvider/LOADING]: Loading FMLModContainer from classloader cpw.mods.modlauncher.TransformingClassLoader@297c9a9b - got cpw.mods.cl.ModuleClassLoader@1bc425e7
[27May2025 18:40:23.220] [main/DEBUG] [net.minecraftforge.fml.javafmlmod.FMLModContainer/LOADING]: Creating FMLModContainer instance for com.tiviacz.travelersbackpack.TravelersBackpack
[27May2025 18:40:23.221] [main/DEBUG] [net.minecraftforge.fml.javafmlmod.FMLJavaModLanguageProvider/LOADING]: Loading FMLModContainer from classloader cpw.mods.modlauncher.TransformingClassLoader@297c9a9b - got cpw.mods.cl.ModuleClassLoader@1bc425e7
[27May2025 18:40:23.221] [main/DEBUG] [net.minecraftforge.fml.javafmlmod.FMLModContainer/LOADING]: Creating FMLModContainer instance for com.llamalad7.mixinextras.platform.forge.MixinExtrasMod
[27May2025 18:40:23.221] [main/DEBUG] [net.minecraftforge.fml.javafmlmod.FMLJavaModLanguageProvider/LOADING]: Loading FMLModContainer from classloader cpw.mods.modlauncher.TransformingClassLoader@297c9a9b - got cpw.mods.cl.ModuleClassLoader@1bc425e7
[27May2025 18:40:23.222] [main/DEBUG] [net.minecraftforge.fml.javafmlmod.FMLModContainer/LOADING]: Creating FMLModContainer instance for it.hurts.sskirillss.relics.Relics
[27May2025 18:40:23.222] [main/DEBUG] [net.minecraftforge.fml.lowcodemod.LowCodeModLanguageProvider.LowCodeModTarget/LOADING]: Loading LowCodeModContainer from classloader cpw.mods.modlauncher.TransformingClassLoader@297c9a9b - got cpw.mods.cl.ModuleClassLoader@1bc425e7
[27May2025 18:40:23.222] [main/DEBUG] [net.minecraftforge.fml.lowcodemod.LowCodeModContainer/LOADING]: Creating LowCodeModContainer for terralith
[27May2025 18:40:23.222] [main/DEBUG] [net.minecraftforge.fml.javafmlmod.FMLJavaModLanguageProvider/LOADING]: Loading FMLModContainer from classloader cpw.mods.modlauncher.TransformingClassLoader@297c9a9b - got cpw.mods.cl.ModuleClassLoader@1bc425e7
[27May2025 18:40:23.222] [main/DEBUG] [net.minecraftforge.fml.javafmlmod.FMLModContainer/LOADING]: Creating FMLModContainer instance for com.dynview.DynView
[27May2025 18:40:23.223] [main/DEBUG] [net.minecraftforge.fml.javafmlmod.FMLJavaModLanguageProvider/LOADING]: Loading FMLModContainer from classloader cpw.mods.modlauncher.TransformingClassLoader@297c9a9b - got cpw.mods.cl.ModuleClassLoader@1bc425e7
[27May2025 18:40:23.223] [main/DEBUG] [net.minecraftforge.fml.javafmlmod.FMLModContainer/LOADING]: Creating FMLModContainer instance for ca.fxco.memoryleakfix.forge.MemoryLeakFixForge
[27May2025 18:40:23.223] [main/DEBUG] [net.minecraftforge.fml.javafmlmod.FMLJavaModLanguageProvider/LOADING]: Loading FMLModContainer from classloader cpw.mods.modlauncher.TransformingClassLoader@297c9a9b - got cpw.mods.cl.ModuleClassLoader@1bc425e7
[27May2025 18:40:23.223] [main/DEBUG] [net.minecraftforge.fml.javafmlmod.FMLModContainer/LOADING]: Creating FMLModContainer instance for jeresources.JEResources
[27May2025 18:40:23.224] [main/DEBUG] [net.minecraftforge.fml.javafmlmod.FMLJavaModLanguageProvider/LOADING]: Loading FMLModContainer from classloader cpw.mods.modlauncher.TransformingClassLoader@297c9a9b - got cpw.mods.cl.ModuleClassLoader@1bc425e7
[27May2025 18:40:23.224] [main/DEBUG] [net.minecraftforge.fml.javafmlmod.FMLModContainer/LOADING]: Creating FMLModContainer instance for net.aurelj.dungeons_arise_seven_seas.DungeonsAriseSevenSeasMain
[27May2025 18:40:23.224] [main/DEBUG] [net.minecraftforge.fml.javafmlmod.FMLJavaModLanguageProvider/LOADING]: Loading FMLModContainer from classloader cpw.mods.modlauncher.TransformingClassLoader@297c9a9b - got cpw.mods.cl.ModuleClassLoader@1bc425e7
[27May2025 18:40:23.224] [main/DEBUG] [net.minecraftforge.fml.javafmlmod.FMLModContainer/LOADING]: Creating FMLModContainer instance for net.minecraftforge.common.ForgeMod
[27May2025 18:40:23.227] [main/DEBUG] [net.minecraftforge.fml.javafmlmod.FMLJavaModLanguageProvider/LOADING]: Loading FMLModContainer from classloader cpw.mods.modlauncher.TransformingClassLoader@297c9a9b - got cpw.mods.cl.ModuleClassLoader@1bc425e7
[27May2025 18:40:23.227] [main/DEBUG] [net.minecraftforge.fml.javafmlmod.FMLModContainer/LOADING]: Creating FMLModContainer instance for org.tlauncher.forge.ForgeMod
[27May2025 18:40:23.227] [main/DEBUG] [net.minecraftforge.fml.javafmlmod.FMLJavaModLanguageProvider/LOADING]: Loading FMLModContainer from classloader cpw.mods.modlauncher.TransformingClassLoader@297c9a9b - got cpw.mods.cl.ModuleClassLoader@1bc425e7
[27May2025 18:40:23.227] [main/DEBUG] [net.minecraftforge.fml.javafmlmod.FMLModContainer/LOADING]: Creating FMLModContainer instance for me.jellysquid.mods.sodium.client.SodiumClientMod
[27May2025 18:40:23.228] [main/DEBUG] [net.minecraftforge.fml.javafmlmod.FMLJavaModLanguageProvider/LOADING]: Loading FMLModContainer from classloader cpw.mods.modlauncher.TransformingClassLoader@297c9a9b - got cpw.mods.cl.ModuleClassLoader@1bc425e7
[27May2025 18:40:23.228] [main/DEBUG] [net.minecraftforge.fml.javafmlmod.FMLModContainer/LOADING]: Creating FMLModContainer instance for me.jellysquid.mods.sodium.client.RubidiumStub
[27May2025 18:40:23.228] [main/DEBUG] [net.minecraftforge.fml.javafmlmod.FMLJavaModLanguageProvider/LOADING]: Loading FMLModContainer from classloader cpw.mods.modlauncher.TransformingClassLoader@297c9a9b - got cpw.mods.cl.ModuleClassLoader@1bc425e7
[27May2025 18:40:23.228] [main/DEBUG] [net.minecraftforge.fml.javafmlmod.FMLModContainer/LOADING]: Creating FMLModContainer instance for net.aurelj.dungeons_arise.DungeonsAriseMain
[27May2025 18:40:23.229] [main/DEBUG] [net.minecraftforge.fml.javafmlmod.FMLJavaModLanguageProvider/LOADING]: Loading FMLModContainer from classloader cpw.mods.modlauncher.TransformingClassLoader@297c9a9b - got cpw.mods.cl.ModuleClassLoader@1bc425e7
[27May2025 18:40:23.229] [main/DEBUG] [net.minecraftforge.fml.javafmlmod.FMLModContainer/LOADING]: Creating FMLModContainer instance for net.mcreator.dungeonsandcombat.DungeonsAndCombatMod
[27May2025 18:40:23.230] [main/DEBUG] [net.minecraftforge.fml.javafmlmod.FMLJavaModLanguageProvider/LOADING]: Loading FMLModContainer from classloader cpw.mods.modlauncher.TransformingClassLoader@297c9a9b - got cpw.mods.cl.ModuleClassLoader@1bc425e7
[27May2025 18:40:23.230] [main/DEBUG] [net.minecraftforge.fml.javafmlmod.FMLModContainer/LOADING]: Creating FMLModContainer instance for com.github.alexmodguy.alexscaves.AlexsCaves
[27May2025 18:40:23.231] [main/DEBUG] [net.minecraftforge.fml.javafmlmod.FMLJavaModLanguageProvider/LOADING]: Loading FMLModContainer from classloader cpw.mods.modlauncher.TransformingClassLoader@297c9a9b - got cpw.mods.cl.ModuleClassLoader@1bc425e7
[27May2025 18:40:23.231] [main/DEBUG] [net.minecraftforge.fml.javafmlmod.FMLModContainer/LOADING]: Creating FMLModContainer instance for com.esm.nightmare.NightmareMain
[27May2025 18:40:23.232] [main/DEBUG] [net.minecraftforge.fml.javafmlmod.FMLJavaModLanguageProvider/LOADING]: Loading FMLModContainer from classloader cpw.mods.modlauncher.TransformingClassLoader@297c9a9b - got cpw.mods.cl.ModuleClassLoader@1bc425e7
[27May2025 18:40:23.232] [main/DEBUG] [net.minecraftforge.fml.javafmlmod.FMLModContainer/LOADING]: Creating FMLModContainer instance for net.mcreator.mofusbetterend.MofusBetterEndMod
[27May2025 18:40:23.233] [main/DEBUG] [net.minecraftforge.fml.javafmlmod.FMLJavaModLanguageProvider/LOADING]: Loading FMLModContainer from classloader cpw.mods.modlauncher.TransformingClassLoader@297c9a9b - got cpw.mods.cl.ModuleClassLoader@1bc425e7
[27May2025 18:40:23.233] [main/DEBUG] [net.minecraftforge.fml.javafmlmod.FMLModContainer/LOADING]: Creating FMLModContainer instance for team.creative.creativecore.CreativeCore
[27May2025 18:40:23.234] [main/DEBUG] [net.minecraftforge.fml.javafmlmod.FMLJavaModLanguageProvider/LOADING]: Loading FMLModContainer from classloader cpw.mods.modlauncher.TransformingClassLoader@297c9a9b - got cpw.mods.cl.ModuleClassLoader@1bc425e7
[27May2025 18:40:23.234] [main/DEBUG] [net.minecraftforge.fml.javafmlmod.FMLModContainer/LOADING]: Creating FMLModContainer instance for org.popcraft.chunky.ChunkyForge
[27May2025 18:40:23.235] [main/DEBUG] [net.minecraftforge.fml.javafmlmod.FMLJavaModLanguageProvider/LOADING]: Loading FMLModContainer from classloader cpw.mods.modlauncher.TransformingClassLoader@297c9a9b - got cpw.mods.cl.ModuleClassLoader@1bc425e7
[27May2025 18:40:23.235] [main/DEBUG] [net.minecraftforge.fml.javafmlmod.FMLModContainer/LOADING]: Creating FMLModContainer instance for com.eeeab.eeeabsmobs.EEEABMobs
[27May2025 18:40:23.235] [main/DEBUG] [net.minecraftforge.fml.javafmlmod.FMLJavaModLanguageProvider/LOADING]: Loading FMLModContainer from classloader cpw.mods.modlauncher.TransformingClassLoader@297c9a9b - got cpw.mods.cl.ModuleClassLoader@1bc425e7
[27May2025 18:40:23.236] [main/DEBUG] [net.minecraftforge.fml.javafmlmod.FMLModContainer/LOADING]: Creating FMLModContainer instance for me.wesley1808.servercore.forge.common.ServerCoreForge
[27May2025 18:40:23.236] [main/DEBUG] [net.minecraftforge.fml.javafmlmod.FMLJavaModLanguageProvider/LOADING]: Loading FMLModContainer from classloader cpw.mods.modlauncher.TransformingClassLoader@297c9a9b - got cpw.mods.cl.ModuleClassLoader@1bc425e7
[27May2025 18:40:23.236] [main/DEBUG] [net.minecraftforge.fml.javafmlmod.FMLModContainer/LOADING]: Creating FMLModContainer instance for com.github.L_Ender.lionfishapi.LionfishAPI
[27May2025 18:40:23.237] [main/DEBUG] [net.minecraftforge.fml.javafmlmod.FMLJavaModLanguageProvider/LOADING]: Loading FMLModContainer from classloader cpw.mods.modlauncher.TransformingClassLoader@297c9a9b - got cpw.mods.cl.ModuleClassLoader@1bc425e7
[27May2025 18:40:23.237] [main/DEBUG] [net.minecraftforge.fml.javafmlmod.FMLModContainer/LOADING]: Creating FMLModContainer instance for com.gametechbc.traveloptics.TravelopticsMod
[27May2025 18:40:23.238] [main/DEBUG] [net.minecraftforge.fml.javafmlmod.FMLJavaModLanguageProvider/LOADING]: Loading FMLModContainer from classloader cpw.mods.modlauncher.TransformingClassLoader@297c9a9b - got cpw.mods.cl.ModuleClassLoader@1bc425e7
[27May2025 18:40:23.238] [main/DEBUG] [net.minecraftforge.fml.javafmlmod.FMLModContainer/LOADING]: Creating FMLModContainer instance for com.github.L_Ender.cataclysm.Cataclysm
[27May2025 18:40:23.240] [main/DEBUG] [net.minecraftforge.fml.javafmlmod.FMLJavaModLanguageProvider/LOADING]: Loading FMLModContainer from classloader cpw.mods.modlauncher.TransformingClassLoader@297c9a9b - got cpw.mods.cl.ModuleClassLoader@1bc425e7
[27May2025 18:40:23.240] [main/DEBUG] [net.minecraftforge.fml.javafmlmod.FMLModContainer/LOADING]: Creating FMLModContainer instance for top.theillusivec4.curios.Curios
[27May2025 18:40:23.241] [main/DEBUG] [net.minecraftforge.fml.javafmlmod.FMLJavaModLanguageProvider/LOADING]: Loading FMLModContainer from classloader cpw.mods.modlauncher.TransformingClassLoader@297c9a9b - got cpw.mods.cl.ModuleClassLoader@1bc425e7
[27May2025 18:40:23.241] [main/DEBUG] [net.minecraftforge.fml.javafmlmod.FMLModContainer/LOADING]: Creating FMLModContainer instance for net.miauczel.legendary_monsters.LegendaryMonsters
[27May2025 18:40:23.242] [main/DEBUG] [net.minecraftforge.fml.javafmlmod.FMLJavaModLanguageProvider/LOADING]: Loading FMLModContainer from classloader cpw.mods.modlauncher.TransformingClassLoader@297c9a9b - got cpw.mods.cl.ModuleClassLoader@1bc425e7
[27May2025 18:40:23.242] [main/DEBUG] [net.minecraftforge.fml.javafmlmod.FMLModContainer/LOADING]: Creating FMLModContainer instance for io.redspace.ironsspellbooks.IronsSpellbooks
[27May2025 18:40:23.242] [main/DEBUG] [net.minecraftforge.fml.javafmlmod.FMLJavaModLanguageProvider/LOADING]: Loading FMLModContainer from classloader cpw.mods.modlauncher.TransformingClassLoader@297c9a9b - got cpw.mods.cl.ModuleClassLoader@1bc425e7
[27May2025 18:40:23.243] [main/DEBUG] [net.minecraftforge.fml.javafmlmod.FMLModContainer/LOADING]: Creating FMLModContainer instance for dev.shadowsoffire.attributeslib.AttributesLib
[27May2025 18:40:23.244] [main/DEBUG] [net.minecraftforge.fml.javafmlmod.FMLJavaModLanguageProvider/LOADING]: Loading FMLModContainer from classloader cpw.mods.modlauncher.TransformingClassLoader@297c9a9b - got cpw.mods.cl.ModuleClassLoader@1bc425e7
[27May2025 18:40:23.244] [main/DEBUG] [net.minecraftforge.fml.javafmlmod.FMLModContainer/LOADING]: Creating FMLModContainer instance for dev.tr7zw.entityculling.EntityCullingBootstrap
[27May2025 18:40:23.245] [main/DEBUG] [net.minecraftforge.fml.javafmlmod.FMLJavaModLanguageProvider/LOADING]: Loading FMLModContainer from classloader cpw.mods.modlauncher.TransformingClassLoader@297c9a9b - got cpw.mods.cl.ModuleClassLoader@1bc425e7
[27May2025 18:40:23.245] [main/DEBUG] [net.minecraftforge.fml.javafmlmod.FMLModContainer/LOADING]: Creating FMLModContainer instance for com.abdelaziz.canary.common.Canary
[27May2025 18:40:23.245] [main/DEBUG] [net.minecraftforge.fml.javafmlmod.FMLJavaModLanguageProvider/LOADING]: Loading FMLModContainer from classloader cpw.mods.modlauncher.TransformingClassLoader@297c9a9b - got cpw.mods.cl.ModuleClassLoader@1bc425e7
[27May2025 18:40:23.245] [main/DEBUG] [net.minecraftforge.fml.javafmlmod.FMLModContainer/LOADING]: Creating FMLModContainer instance for ovh.corail.tombstone.ModTombstone
[27May2025 18:40:23.246] [main/DEBUG] [net.minecraftforge.fml.javafmlmod.FMLJavaModLanguageProvider/LOADING]: Loading FMLModContainer from classloader cpw.mods.modlauncher.TransformingClassLoader@297c9a9b - got cpw.mods.cl.ModuleClassLoader@1bc425e7
[27May2025 18:40:23.246] [main/DEBUG] [net.minecraftforge.fml.javafmlmod.FMLModContainer/LOADING]: Creating FMLModContainer instance for dev.architectury.forge.ArchitecturyForge
[27May2025 18:40:23.246] [main/DEBUG] [net.minecraftforge.fml.javafmlmod.FMLJavaModLanguageProvider/LOADING]: Loading FMLModContainer from classloader cpw.mods.modlauncher.TransformingClassLoader@297c9a9b - got cpw.mods.cl.ModuleClassLoader@1bc425e7
[27May2025 18:40:23.247] [main/DEBUG] [net.minecraftforge.fml.javafmlmod.FMLModContainer/LOADING]: Creating FMLModContainer instance for it.hurts.octostudios.octolib.forge.OctoLibForge
[27May2025 18:40:23.247] [main/DEBUG] [net.minecraftforge.fml.javafmlmod.FMLJavaModLanguageProvider/LOADING]: Loading FMLModContainer from classloader cpw.mods.modlauncher.TransformingClassLoader@297c9a9b - got cpw.mods.cl.ModuleClassLoader@1bc425e7
[27May2025 18:40:23.249] [main/DEBUG] [net.minecraftforge.fml.javafmlmod.FMLModContainer/LOADING]: Creating FMLModContainer instance for it.hurts.octostudios.nerb.forge.NERBForge
[27May2025 18:40:23.249] [main/DEBUG] [net.minecraftforge.fml.javafmlmod.FMLJavaModLanguageProvider/LOADING]: Loading FMLModContainer from classloader cpw.mods.modlauncher.TransformingClassLoader@297c9a9b - got cpw.mods.cl.ModuleClassLoader@1bc425e7
[27May2025 18:40:23.250] [main/DEBUG] [net.minecraftforge.fml.javafmlmod.FMLModContainer/LOADING]: Creating FMLModContainer instance for malte0811.ferritecore.ModMainForge
[27May2025 18:40:23.250] [main/DEBUG] [net.minecraftforge.fml.javafmlmod.FMLJavaModLanguageProvider/LOADING]: Loading FMLModContainer from classloader cpw.mods.modlauncher.TransformingClassLoader@297c9a9b - got cpw.mods.cl.ModuleClassLoader@1bc425e7
[27May2025 18:40:23.250] [main/DEBUG] [net.minecraftforge.fml.javafmlmod.FMLModContainer/LOADING]: Creating FMLModContainer instance for com.builtbroken.ai.improvements.AIImprovements
[27May2025 18:40:23.251] [main/DEBUG] [net.minecraftforge.fml.javafmlmod.FMLJavaModLanguageProvider/LOADING]: Loading FMLModContainer from classloader cpw.mods.modlauncher.TransformingClassLoader@297c9a9b - got cpw.mods.cl.ModuleClassLoader@1bc425e7
[27May2025 18:40:23.251] [main/DEBUG] [net.minecraftforge.fml.javafmlmod.FMLModContainer/LOADING]: Creating FMLModContainer instance for me.flashyreese.mods.sodiumextra.EmbeddiumExtraMod
[27May2025 18:40:23.252] [main/DEBUG] [net.minecraftforge.fml.javafmlmod.FMLJavaModLanguageProvider/LOADING]: Loading FMLModContainer from classloader cpw.mods.modlauncher.TransformingClassLoader@297c9a9b - got cpw.mods.cl.ModuleClassLoader@1bc425e7
[27May2025 18:40:23.252] [main/DEBUG] [net.minecraftforge.fml.javafmlmod.FMLModContainer/LOADING]: Creating FMLModContainer instance for com.cupboard.Cupboard
[27May2025 18:40:23.252] [main/DEBUG] [net.minecraftforge.fml.javafmlmod.FMLJavaModLanguageProvider/LOADING]: Loading FMLModContainer from classloader cpw.mods.modlauncher.TransformingClassLoader@297c9a9b - got cpw.mods.cl.ModuleClassLoader@1bc425e7
[27May2025 18:40:23.253] [main/DEBUG] [net.minecraftforge.fml.javafmlmod.FMLModContainer/LOADING]: Creating FMLModContainer instance for team.creative.playerrevive.PlayerRevive
[27May2025 18:40:23.254] [main/DEBUG] [net.minecraftforge.fml.javafmlmod.FMLJavaModLanguageProvider/LOADING]: Loading FMLModContainer from classloader cpw.mods.modlauncher.TransformingClassLoader@297c9a9b - got cpw.mods.cl.ModuleClassLoader@1bc425e7
[27May2025 18:40:23.254] [main/DEBUG] [net.minecraftforge.fml.javafmlmod.FMLModContainer/LOADING]: Creating FMLModContainer instance for net.corruptdog.cdm.main.CDmoveset
[27May2025 18:40:23.256] [main/DEBUG] [net.minecraftforge.fml.javafmlmod.FMLJavaModLanguageProvider/LOADING]: Loading FMLModContainer from classloader cpw.mods.modlauncher.TransformingClassLoader@297c9a9b - got cpw.mods.cl.ModuleClassLoader@1bc425e7
[27May2025 18:40:23.257] [main/DEBUG] [net.minecraftforge.fml.javafmlmod.FMLModContainer/LOADING]: Creating FMLModContainer instance for yesman.epicfight.main.EpicFightMod
[27May2025 18:40:23.258] [main/DEBUG] [net.minecraftforge.fml.javafmlmod.FMLJavaModLanguageProvider/LOADING]: Loading FMLModContainer from classloader cpw.mods.modlauncher.TransformingClassLoader@297c9a9b - got cpw.mods.cl.ModuleClassLoader@1bc425e7
[27May2025 18:40:23.258] [main/DEBUG] [net.minecraftforge.fml.javafmlmod.FMLModContainer/LOADING]: Creating FMLModContainer instance for reascer.wom.main.WeaponsOfMinecraft
[27May2025 18:40:23.363] [modloading-worker-0/DEBUG] [net.minecraftforge.fml.config.ConfigTracker/CONFIG]: Config file efiscompat.toml for efiscompat tracking
[27May2025 18:40:23.367] [modloading-worker-0/DEBUG] [net.minecraftforge.fml.javafmlmod.AutomaticEventSubscriber/LOADING]: Attempting to inject @EventBusSubscriber classes into the eventbus for geckolib
[27May2025 18:40:23.367] [modloading-worker-0/DEBUG] [net.minecraftforge.fml.javafmlmod.AutomaticEventSubscriber/LOADING]: Attempting to inject @EventBusSubscriber classes into the eventbus for efiscompat
[27May2025 18:40:23.370] [modloading-worker-0/DEBUG] [net.minecraftforge.fml.javafmlmod.AutomaticEventSubscriber/LOADING]: Auto-subscribing software.bernie.example.GeckoLibMod to FORGE
[27May2025 18:40:23.370] [modloading-worker-0/DEBUG] [net.minecraftforge.fml.javafmlmod.AutomaticEventSubscriber/LOADING]: Auto-subscribing com.yukami.epicironcompat.player.PlayerAnimationEvents to FORGE
[27May2025 18:40:23.371] [modloading-worker-0/DEBUG] [mixin/]: Mixing perf.forge_registry_lambda.RegistryObjectMixin from modernfix-forge.mixins.json into net.minecraftforge.registries.RegistryObject
[27May2025 18:40:23.374] [modloading-worker-0/DEBUG] [net.minecraftforge.fml.javafmlmod.AutomaticEventSubscriber/LOADING]: Auto-subscribing software.bernie.example.CommonListener to MOD
[27May2025 18:40:23.379] [modloading-worker-0/DEBUG] [net.minecraftforge.fml.config.ConfigTracker/CONFIG]: Config file netherexp-common.toml for netherexp tracking
[27May2025 18:40:23.382] [modloading-worker-0/DEBUG] [mixin/]: Mixing accessor.CriteriaTriggersAccessor from cataclysm.mixins.json into net.minecraft.advancements.CriteriaTriggers
[27May2025 18:40:23.382] [modloading-worker-0/DEBUG] [mixin/]: Renaming @Accessor method getValues()Ljava/util/Map; to getValues_$md$9c0b19$0 in cataclysm.mixins.json:accessor.CriteriaTriggersAccessor
[27May2025 18:40:23.382] [modloading-worker-0/DEBUG] [net.minecraftforge.fml.javafmlmod.AutomaticEventSubscriber/LOADING]: Attempting to inject @EventBusSubscriber classes into the eventbus for playeranimator
[27May2025 18:40:23.384] [modloading-worker-0/DEBUG] [net.minecraftforge.fml.javafmlmod.AutomaticEventSubscriber/LOADING]: Auto-subscribing com.yukami.epicironcompat.player.ClientPlayerEvents to FORGE
[27May2025 18:40:23.387] [modloading-worker-0/DEBUG] [net.minecraftforge.fml.javafmlmod.AutomaticEventSubscriber/LOADING]: Attempting to inject @EventBusSubscriber classes into the eventbus for elysium_api
[27May2025 18:40:23.387] [modloading-worker-0/DEBUG] [net.minecraftforge.fml.javafmlmod.AutomaticEventSubscriber/LOADING]: Auto-subscribing net.jadenxgamer.elysium_api.impl.event.ElysiumEvents to FORGE
[27May2025 18:40:23.389] [modloading-worker-0/DEBUG] [net.minecraftforge.fml.javafmlmod.AutomaticEventSubscriber/LOADING]: Auto-subscribing com.yukami.epicironcompat.config.CommonConfig to MOD
[27May2025 18:40:23.392] [modloading-worker-0/DEBUG] [net.minecraftforge.fml.javafmlmod.AutomaticEventSubscriber/LOADING]: Auto-subscribing net.jadenxgamer.elysium_api.impl.event.ElysiumEvents$ModBusEvents to MOD
[27May2025 18:40:23.394] [modloading-worker-0/DEBUG] [mixin/]: Mixing MixinCaelusApi from caelus.mixins.json into top.theillusivec4.caelus.api.CaelusApi
[27May2025 18:40:23.402] [modloading-worker-0/DEBUG] [net.minecraftforge.fml.javafmlmod.AutomaticEventSubscriber/LOADING]: Attempting to inject @EventBusSubscriber classes into the eventbus for caelus
[27May2025 18:40:23.406] [modloading-worker-0/DEBUG] [net.minecraftforge.fml.javafmlmod.AutomaticEventSubscriber/LOADING]: Attempting to inject @EventBusSubscriber classes into the eventbus for mowzies_cataclysm
[27May2025 18:40:23.412] [modloading-worker-0/DEBUG] [net.minecraftforge.fml.config.ConfigTracker/CONFIG]: Config file journeymap-server.toml for journeymap tracking
[27May2025 18:40:23.413] [modloading-worker-0/DEBUG] [net.minecraftforge.fml.javafmlmod.AutomaticEventSubscriber/LOADING]: Attempting to inject @EventBusSubscriber classes into the eventbus for placebo
[27May2025 18:40:23.414] [modloading-worker-0/DEBUG] [net.minecraftforge.fml.javafmlmod.AutomaticEventSubscriber/LOADING]: Auto-subscribing dev.shadowsoffire.placebo.util.PlaceboTaskQueue to FORGE
[27May2025 18:40:23.415] [modloading-worker-0/DEBUG] [net.minecraftforge.fml.javafmlmod.AutomaticEventSubscriber/LOADING]: Attempting to inject @EventBusSubscriber classes into the eventbus for journeymap
[27May2025 18:40:23.417] [modloading-worker-0/DEBUG] [net.minecraftforge.fml.javafmlmod.AutomaticEventSubscriber/LOADING]: Auto-subscribing journeymap.common.config.forge.ForgeConfig to MOD
[27May2025 18:40:23.418] [modloading-worker-0/DEBUG] [net.minecraftforge.fml.javafmlmod.AutomaticEventSubscriber/LOADING]: Auto-subscribing journeymap.common.Journeymap to FORGE
[27May2025 18:40:23.421] [modloading-worker-0/DEBUG] [net.minecraftforge.fml.config.ConfigTracker/CONFIG]: Config file jei-server.toml for jei tracking
[27May2025 18:40:23.428] [modloading-worker-0/DEBUG] [mixin/]: Mixing features.dynamic.PlayerListMixin from servercore.common.mixins.json into net.minecraft.server.players.PlayerList
[27May2025 18:40:23.428] [modloading-worker-0/DEBUG] [mixin/]: servercore.common.mixins.json:features.dynamic.PlayerListMixin: Class version 61 required is higher than the class version supported by the current version of Mixin (JAVA_16 supports class version 60)
[27May2025 18:40:23.429] [modloading-worker-0/DEBUG] [mixin/]: Mixing optimizations.players.PlayerListMixin from servercore.common.mixins.json into net.minecraft.server.players.PlayerList
[27May2025 18:40:23.429] [modloading-worker-0/DEBUG] [mixin/]: servercore.common.mixins.json:optimizations.players.PlayerListMixin: Class version 61 required is higher than the class version supported by the current version of Mixin (JAVA_16 supports class version 60)
[27May2025 18:40:23.443] [modloading-worker-0/DEBUG] [net.minecraftforge.fml.javafmlmod.AutomaticEventSubscriber/LOADING]: Attempting to inject @EventBusSubscriber classes into the eventbus for jei
[27May2025 18:40:23.449] [modloading-worker-0/DEBUG] [net.minecraftforge.fml.config.ConfigTracker/CONFIG]: Config file modernfix-common.toml for modernfix tracking
[27May2025 18:40:23.456] [modloading-worker-0/DEBUG] [net.minecraftforge.fml.javafmlmod.AutomaticEventSubscriber/LOADING]: Attempting to inject @EventBusSubscriber classes into the eventbus for modernfix
[27May2025 18:40:23.463] [modloading-worker-0/DEBUG] [net.minecraftforge.fml.config.ConfigTracker/CONFIG]: Config file citadel-common.toml for citadel tracking
[27May2025 18:40:23.467] [modloading-worker-0/DEBUG] [net.minecraftforge.fml.javafmlmod.AutomaticEventSubscriber/LOADING]: Attempting to inject @EventBusSubscriber classes into the eventbus for citadel
[27May2025 18:40:23.467] [modloading-worker-0/DEBUG] [net.minecraftforge.fml.javafmlmod.AutomaticEventSubscriber/LOADING]: Auto-subscribing com.github.alexthe666.citadel.ServerProxy to MOD
[27May2025 18:40:23.468] [modloading-worker-0/DEBUG] [net.minecraftforge.fml.javafmlmod.AutomaticEventSubscriber/LOADING]: Attempting to inject @EventBusSubscriber classes into the eventbus for mixinextras
[27May2025 18:40:23.493] [modloading-worker-0/DEBUG] [net.minecraftforge.fml.config.ConfigTracker/CONFIG]: Config file travelersbackpack-server.toml for travelersbackpack tracking
[27May2025 18:40:23.499] [modloading-worker-0/DEBUG] [net.minecraftforge.fml.config.ConfigTracker/CONFIG]: Config file travelersbackpack-common.toml for travelersbackpack tracking
[27May2025 18:40:23.499] [modloading-worker-0/DEBUG] [net.minecraftforge.fml.config.ConfigTracker/CONFIG]: Config file travelersbackpack-client.toml for travelersbackpack tracking
[27May2025 18:40:23.528] [modloading-worker-0/DEBUG] [net.minecraftforge.fml.config.ConfigTracker/CONFIG]: Config file mowziesmobs-common.toml for mowziesmobs tracking
[27May2025 18:40:23.576] [modloading-worker-0/DEBUG] [net.minecraftforge.fml.javafmlmod.AutomaticEventSubscriber/LOADING]: Attempting to inject @EventBusSubscriber classes into the eventbus for mowziesmobs
[27May2025 18:40:23.577] [modloading-worker-0/DEBUG] [net.minecraftforge.fml.javafmlmod.AutomaticEventSubscriber/LOADING]: Auto-subscribing com.bobmowzie.mowziesmobs.server.sound.MMSounds to FORGE
[27May2025 18:40:23.577] [modloading-worker-0/DEBUG] [net.minecraftforge.fml.javafmlmod.AutomaticEventSubscriber/LOADING]: Auto-subscribing com.bobmowzie.mowziesmobs.server.inventory.ContainerHandler to MOD
[27May2025 18:40:23.577] [modloading-worker-0/DEBUG] [net.minecraftforge.fml.javafmlmod.AutomaticEventSubscriber/LOADING]: Auto-subscribing com.bobmowzie.mowziesmobs.server.entity.EntityHandler to MOD
[27May2025 18:40:23.577] [modloading-worker-0/DEBUG] [net.minecraftforge.fml.javafmlmod.AutomaticEventSubscriber/LOADING]: Auto-subscribing com.bobmowzie.mowziesmobs.server.config.ConfigHandler to MOD
[27May2025 18:40:23.577] [modloading-worker-0/DEBUG] [net.minecraftforge.fml.javafmlmod.AutomaticEventSubscriber/LOADING]: Auto-subscribing com.bobmowzie.mowziesmobs.MowziesMobs to FORGE
[27May2025 18:40:23.578] [modloading-worker-0/DEBUG] [net.minecraftforge.fml.javafmlmod.AutomaticEventSubscriber/LOADING]: Auto-subscribing com.bobmowzie.mowziesmobs.datagen.DataGenerators to MOD
[27May2025 18:40:23.592] [modloading-worker-0/DEBUG] [mixin/]: Mixing MixinLevelEvent from architectury.mixins.json into net.minecraftforge.event.level.LevelEvent
[27May2025 18:40:23.595] [modloading-worker-0/DEBUG] [net.minecraftforge.fml.javafmlmod.AutomaticEventSubscriber/LOADING]: Attempting to inject @EventBusSubscriber classes into the eventbus for relics
[27May2025 18:40:23.595] [modloading-worker-0/DEBUG] [net.minecraftforge.fml.javafmlmod.AutomaticEventSubscriber/LOADING]: Auto-subscribing it.hurts.sskirillss.relics.network.NetworkHandler to MOD
[27May2025 18:40:23.596] [modloading-worker-0/DEBUG] [net.minecraftforge.fml.javafmlmod.AutomaticEventSubscriber/LOADING]: Auto-subscribing it.hurts.sskirillss.relics.items.relics.ring.ChorusInhibitorItem$Events to FORGE
[27May2025 18:40:23.598] [modloading-worker-0/DEBUG] [net.minecraftforge.fml.javafmlmod.AutomaticEventSubscriber/LOADING]: Attempting to inject @EventBusSubscriber classes into the eventbus for dynview
[27May2025 18:40:23.598] [modloading-worker-0/DEBUG] [net.minecraftforge.fml.javafmlmod.AutomaticEventSubscriber/LOADING]: Auto-subscribing it.hurts.sskirillss.relics.items.relics.ring.BastionRingItem$Events to FORGE
[27May2025 18:40:23.601] [modloading-worker-0/DEBUG] [net.minecraftforge.fml.javafmlmod.AutomaticEventSubscriber/LOADING]: Attempting to inject @EventBusSubscriber classes into the eventbus for memoryleakfix
[27May2025 18:40:23.601] [modloading-worker-0/DEBUG] [net.minecraftforge.fml.javafmlmod.AutomaticEventSubscriber/LOADING]: Auto-subscribing it.hurts.sskirillss.relics.items.relics.necklace.ReflectionNecklaceItem$ReflectionNecklaceServerEvents to FORGE
[27May2025 18:40:23.603] [modloading-worker-0/DEBUG] [net.minecraftforge.fml.javafmlmod.AutomaticEventSubscriber/LOADING]: Auto-subscribing it.hurts.sskirillss.relics.items.relics.necklace.HolyLocketItem$Events to FORGE
[27May2025 18:40:23.605] [modloading-worker-0/DEBUG] [net.minecraftforge.fml.config.ConfigTracker/CONFIG]: Config file jeresources-common.toml for jeresources tracking
[27May2025 18:40:23.607] [modloading-worker-0/DEBUG] [net.minecraftforge.fml.javafmlmod.AutomaticEventSubscriber/LOADING]: Auto-subscribing it.hurts.sskirillss.relics.items.relics.hands.WoolMittenItem$Events to FORGE
[27May2025 18:40:23.608] [modloading-worker-0/DEBUG] [net.minecraftforge.fml.javafmlmod.AutomaticEventSubscriber/LOADING]: Auto-subscribing it.hurts.sskirillss.relics.items.relics.hands.RageGloveItem$Events to FORGE
[27May2025 18:40:23.609] [modloading-worker-0/DEBUG] [jeresources/]: Loaded jeresources.forge.ForgePlatformHelper@629f4901 for service interface jeresources.platform.IPlatformHelper
[27May2025 18:40:23.609] [modloading-worker-0/DEBUG] [jeresources/]: Loading config file /workspaces/Minecraft/servidor_minecraft/config/jeresources.toml
[27May2025 18:40:23.609] [modloading-worker-0/DEBUG] [net.minecraftforge.fml.javafmlmod.AutomaticEventSubscriber/LOADING]: Auto-subscribing it.hurts.sskirillss.relics.items.relics.feet.RollerSkatesItem$Events to FORGE
[27May2025 18:40:23.610] [modloading-worker-0/DEBUG] [jeresources/]: Built TOML config for /workspaces/Minecraft/servidor_minecraft/config/jeresources.toml
[27May2025 18:40:23.611] [modloading-worker-0/DEBUG] [net.minecraftforge.fml.javafmlmod.AutomaticEventSubscriber/LOADING]: Auto-subscribing it.hurts.sskirillss.relics.items.relics.feet.MagmaWalkerItem to FORGE
[27May2025 18:40:23.611] [modloading-worker-0/DEBUG] [jeresources/]: Loaded TOML config file /workspaces/Minecraft/servidor_minecraft/config/jeresources.toml
[27May2025 18:40:23.622] [modloading-worker-0/DEBUG] [net.minecraftforge.fml.javafmlmod.AutomaticEventSubscriber/LOADING]: Auto-subscribing it.hurts.sskirillss.relics.items.relics.feet.IceBreakerItem$Events to FORGE
[27May2025 18:40:23.624] [modloading-worker-0/DEBUG] [net.minecraftforge.fml.javafmlmod.AutomaticEventSubscriber/LOADING]: Auto-subscribing it.hurts.sskirillss.relics.items.relics.feet.AquaWalkerItem to FORGE
[27May2025 18:40:23.623] [modloading-worker-0/DEBUG] [net.minecraftforge.fml.javafmlmod.AutomaticEventSubscriber/LOADING]: Attempting to inject @EventBusSubscriber classes into the eventbus for jeresources
[27May2025 18:40:23.625] [modloading-worker-0/DEBUG] [net.minecraftforge.fml.javafmlmod.AutomaticEventSubscriber/LOADING]: Auto-subscribing it.hurts.sskirillss.relics.items.relics.feet.AmphibianBootItem$Events to FORGE
[27May2025 18:40:23.625] [modloading-worker-0/DEBUG] [net.minecraftforge.fml.javafmlmod.AutomaticEventSubscriber/LOADING]: Attempting to inject @EventBusSubscriber classes into the eventbus for dungeons_arise_seven_seas
[27May2025 18:40:23.626] [modloading-worker-0/DEBUG] [net.minecraftforge.versions.forge.ForgeVersion/CORE]: Forge Version package package net.minecraftforge.versions.forge, Forge, version 47.3 from cpw.mods.modlauncher.TransformingClassLoader@297c9a9b
[27May2025 18:40:23.626] [modloading-worker-0/DEBUG] [net.minecraftforge.versions.forge.ForgeVersion/CORE]: Found Forge version 47.3.7
[27May2025 18:40:23.626] [modloading-worker-0/DEBUG] [net.minecraftforge.versions.forge.ForgeVersion/CORE]: Found Forge spec 47.3
[27May2025 18:40:23.626] [modloading-worker-0/DEBUG] [net.minecraftforge.versions.forge.ForgeVersion/CORE]: Found Forge group net.minecraftforge
[27May2025 18:40:23.626] [modloading-worker-0/DEBUG] [net.minecraftforge.fml.javafmlmod.AutomaticEventSubscriber/LOADING]: Auto-subscribing it.hurts.sskirillss.relics.items.relics.charm.SporeSackItem$Events to FORGE
[27May2025 18:40:23.627] [modloading-worker-0/DEBUG] [net.minecraftforge.versions.mcp.MCPVersion/CORE]: MCP Version package package net.minecraftforge.versions.mcp, Minecraft, version 1.20.1 from cpw.mods.modlauncher.TransformingClassLoader@297c9a9b
[27May2025 18:40:23.627] [modloading-worker-0/DEBUG] [net.minecraftforge.versions.mcp.MCPVersion/CORE]: Found MC version information 1.20.1
[27May2025 18:40:23.627] [modloading-worker-0/DEBUG] [net.minecraftforge.versions.mcp.MCPVersion/CORE]: Found MCP version information 20230612.114412
[27May2025 18:40:23.628] [modloading-worker-0/DEBUG] [net.minecraftforge.fml.javafmlmod.AutomaticEventSubscriber/LOADING]: Auto-subscribing it.hurts.sskirillss.relics.items.relics.belt.LeatherBeltItem to FORGE
[27May2025 18:40:23.629] [modloading-worker-0/DEBUG] [net.minecraftforge.fml.javafmlmod.AutomaticEventSubscriber/LOADING]: Auto-subscribing it.hurts.sskirillss.relics.items.relics.belt.HunterBeltItem$HunterBeltEvents to FORGE
[27May2025 18:40:23.629] [modloading-worker-0/DEBUG] [net.minecraftforge.fml.javafmlmod.AutomaticEventSubscriber/LOADING]: Auto-subscribing it.hurts.sskirillss.relics.items.relics.belt.DrownedBeltItem$Events to FORGE
[27May2025 18:40:23.627] [modloading-worker-0/INFO] [net.minecraftforge.common.ForgeMod/FORGEMOD]: Forge mod loading, version 47.3.7, for MC 1.20.1 with MCP 20230612.114412
[27May2025 18:40:23.631] [modloading-worker-0/INFO] [net.minecraftforge.common.MinecraftForge/FORGE]: MinecraftForge v47.3.7 Initialized
[27May2025 18:40:23.632] [modloading-worker-0/DEBUG] [net.minecraftforge.fml.javafmlmod.AutomaticEventSubscriber/LOADING]: Auto-subscribing it.hurts.sskirillss.relics.items.relics.back.MidnightRobeItem$ServerEvents to FORGE
[27May2025 18:40:23.634] [modloading-worker-0/DEBUG] [net.minecraftforge.fml.javafmlmod.AutomaticEventSubscriber/LOADING]: Auto-subscribing it.hurts.sskirillss.relics.items.relics.back.ElytraBoosterItem to FORGE
[27May2025 18:40:23.635] [modloading-worker-0/DEBUG] [net.minecraftforge.fml.javafmlmod.AutomaticEventSubscriber/LOADING]: Auto-subscribing it.hurts.sskirillss.relics.items.relics.back.ArrowQuiverItem$Events to FORGE
[27May2025 18:40:23.640] [modloading-worker-0/DEBUG] [net.minecraftforge.fml.javafmlmod.AutomaticEventSubscriber/LOADING]: Auto-subscribing it.hurts.sskirillss.relics.items.relics.SpatialSignItem$Events to FORGE
[27May2025 18:40:23.642] [modloading-worker-0/DEBUG] [net.minecraftforge.fml.javafmlmod.AutomaticEventSubscriber/LOADING]: Auto-subscribing it.hurts.sskirillss.relics.items.relics.MagicMirrorItem$ServerEvents to FORGE
[27May2025 18:40:23.642] [modloading-worker-0/DEBUG] [net.minecraftforge.fml.javafmlmod.AutomaticEventSubscriber/LOADING]: Auto-subscribing it.hurts.sskirillss.relics.items.relics.InfinityHamItem$Events to FORGE
[27May2025 18:40:23.644] [modloading-worker-0/DEBUG] [net.minecraftforge.fml.javafmlmod.AutomaticEventSubscriber/LOADING]: Auto-subscribing it.hurts.sskirillss.relics.init.CommandRegistry to FORGE
[27May2025 18:40:23.644] [modloading-worker-0/DEBUG] [net.minecraftforge.fml.javafmlmod.AutomaticEventSubscriber/LOADING]: Auto-subscribing it.hurts.sskirillss.relics.init.CapabilityRegistry to FORGE
[27May2025 18:40:23.649] [modloading-worker-0/DEBUG] [net.minecraftforge.fml.javafmlmod.AutomaticEventSubscriber/LOADING]: Auto-subscribing it.hurts.sskirillss.relics.entities.ArrowRainEntity$Events to FORGE
[27May2025 18:40:23.650] [modloading-worker-0/DEBUG] [net.minecraftforge.fml.javafmlmod.AutomaticEventSubscriber/LOADING]: Auto-subscribing it.hurts.sskirillss.relics.effects.BleedingEffect$Events to FORGE
[27May2025 18:40:23.650] [modloading-worker-0/DEBUG] [net.minecraftforge.fml.javafmlmod.AutomaticEventSubscriber/LOADING]: Auto-subscribing it.hurts.sskirillss.relics.effects.AntiHealEffect$Events to FORGE
[27May2025 18:40:23.653] [modloading-worker-0/DEBUG] [net.minecraftforge.common.ForgeMod/FORGEMOD]: Loading Network data for FML net version: FML3
[27May2025 18:40:23.657] [modloading-worker-0/DEBUG] [net.minecraftforge.fml.javafmlmod.AutomaticEventSubscriber/LOADING]: Auto-subscribing it.hurts.sskirillss.relics.capability.handlers.SyncHandler to FORGE
[27May2025 18:40:23.659] [modloading-worker-0/DEBUG] [net.minecraftforge.fml.javafmlmod.AutomaticEventSubscriber/LOADING]: Attempting to inject @EventBusSubscriber classes into the eventbus for tlskincape
[27May2025 18:40:23.668] [modloading-worker-0/DEBUG] [net.minecraftforge.fml.config.ConfigTracker/CONFIG]: Config file forge-client.toml for forge tracking
[27May2025 18:40:23.668] [modloading-worker-0/DEBUG] [net.minecraftforge.fml.config.ConfigTracker/CONFIG]: Config file forge-server.toml for forge tracking
[27May2025 18:40:23.669] [modloading-worker-0/DEBUG] [net.minecraftforge.fml.ModLoadingContext/]: Attempted to register an empty config for type COMMON on mod forge
[27May2025 18:40:23.671] [modloading-worker-0/DEBUG] [net.minecraftforge.fml.javafmlmod.AutomaticEventSubscriber/LOADING]: Attempting to inject @EventBusSubscriber classes into the eventbus for embeddium
[27May2025 18:40:23.673] [modloading-worker-0/DEBUG] [net.minecraftforge.fml.javafmlmod.AutomaticEventSubscriber/LOADING]: Attempting to inject @EventBusSubscriber classes into the eventbus for rubidium
[27May2025 18:40:23.674] [modloading-worker-0/DEBUG] [net.minecraftforge.fml.javafmlmod.AutomaticEventSubscriber/LOADING]: Attempting to inject @EventBusSubscriber classes into the eventbus for dungeons_arise
[27May2025 18:40:23.677] [modloading-worker-0/DEBUG] [net.minecraftforge.fml.javafmlmod.AutomaticEventSubscriber/LOADING]: Attempting to inject @EventBusSubscriber classes into the eventbus for netherexp
[27May2025 18:40:23.677] [modloading-worker-0/DEBUG] [net.minecraftforge.fml.javafmlmod.AutomaticEventSubscriber/LOADING]: Auto-subscribing net.jadenxgamer.netherexp.event.JNEEvents to FORGE
[27May2025 18:40:23.678] [modloading-worker-0/DEBUG] [net.minecraftforge.fml.javafmlmod.AutomaticEventSubscriber/LOADING]: Auto-subscribing net.jadenxgamer.netherexp.event.JNEEvents$ModBusEvents to MOD
[27May2025 18:40:23.689] [modloading-worker-0/DEBUG] [mixin/]: Mixing ServerResourcesMixin from placebo.mixins.json into net.minecraft.server.ReloadableServerResources
[27May2025 18:40:23.689] [modloading-worker-0/DEBUG] [net.minecraftforge.fml.config.ConfigTracker/CONFIG]: Config file alexscaves-general.toml for alexscaves tracking
[27May2025 18:40:23.690] [modloading-worker-0/DEBUG] [net.minecraftforge.fml.config.ConfigTracker/CONFIG]: Config file alexscaves-client.toml for alexscaves tracking
[27May2025 18:40:23.696] [modloading-worker-0/DEBUG] [net.minecraftforge.fml.javafmlmod.AutomaticEventSubscriber/LOADING]: Attempting to inject @EventBusSubscriber classes into the eventbus for forge
[27May2025 18:40:23.697] [modloading-worker-0/DEBUG] [net.minecraftforge.fml.javafmlmod.AutomaticEventSubscriber/LOADING]: Auto-subscribing net.minecraftforge.common.ForgeSpawnEggItem$CommonHandler to MOD
[27May2025 18:40:23.704] [modloading-worker-0/DEBUG] [net.minecraftforge.fml.config.ConfigTracker/CONFIG]: Config file esm-config.toml for nightmareesm tracking
[27May2025 18:40:23.709] [modloading-worker-0/DEBUG] [net.minecraftforge.fml.javafmlmod.AutomaticEventSubscriber/LOADING]: Attempting to inject @EventBusSubscriber classes into the eventbus for nightmareesm
[27May2025 18:40:23.713] [modloading-worker-0/DEBUG] [net.minecraftforge.fml.javafmlmod.AutomaticEventSubscriber/LOADING]: Auto-subscribing com.esm.nightmare.NightmareMain$RegistryEvents to MOD
[27May2025 18:40:23.852] [modloading-worker-0/DEBUG] [net.minecraftforge.fml.javafmlmod.AutomaticEventSubscriber/LOADING]: Attempting to inject @EventBusSubscriber classes into the eventbus for travelersbackpack
[27May2025 18:40:23.853] [modloading-worker-0/DEBUG] [net.minecraftforge.fml.javafmlmod.AutomaticEventSubscriber/LOADING]: Auto-subscribing com.tiviacz.travelersbackpack.handlers.NeoForgeEventHandler to FORGE
[27May2025 18:40:23.883] [modloading-worker-0/DEBUG] [net.minecraftforge.fml.javafmlmod.AutomaticEventSubscriber/LOADING]: Auto-subscribing com.tiviacz.travelersbackpack.handlers.ModEventHandler to MOD
[27May2025 18:40:23.998] [modloading-worker-0/DEBUG] [mixin/]: Mixing GameTypeMixin from attributeslib.mixins.json into net.minecraft.world.level.GameType
[27May2025 18:40:24.012] [modloading-worker-0/DEBUG] [creativecore/]: Created network creativecore:main
[27May2025 18:40:24.023] [modloading-worker-0/DEBUG] [net.minecraftforge.fml.javafmlmod.AutomaticEventSubscriber/LOADING]: Attempting to inject @EventBusSubscriber classes into the eventbus for creativecore
[27May2025 18:40:24.027] [modloading-worker-0/DEBUG] [net.minecraftforge.fml.javafmlmod.AutomaticEventSubscriber/LOADING]: Attempting to inject @EventBusSubscriber classes into the eventbus for chunky
[27May2025 18:40:24.171] [modloading-worker-0/DEBUG] [net.minecraftforge.fml.config.ConfigTracker/CONFIG]: Config file eeeabsmobs-common.toml for eeeabsmobs tracking
[27May2025 18:40:24.177] [modloading-worker-0/DEBUG] [net.minecraftforge.fml.javafmlmod.AutomaticEventSubscriber/LOADING]: Attempting to inject @EventBusSubscriber classes into the eventbus for eeeabsmobs
[27May2025 18:40:24.177] [modloading-worker-0/DEBUG] [net.minecraftforge.fml.javafmlmod.AutomaticEventSubscriber/LOADING]: Auto-subscribing com.eeeab.eeeabsmobs.sever.world.datagen.DataGenerators to MOD
[27May2025 18:40:24.180] [modloading-worker-0/DEBUG] [net.minecraftforge.fml.javafmlmod.AutomaticEventSubscriber/LOADING]: Auto-subscribing com.eeeab.eeeabsmobs.sever.init.EntityInit to MOD
[27May2025 18:40:24.181] [modloading-worker-0/DEBUG] [net.minecraftforge.fml.javafmlmod.AutomaticEventSubscriber/LOADING]: Auto-subscribing com.eeeab.eeeabsmobs.sever.config.EMConfigHandler to MOD
[27May2025 18:40:24.181] [modloading-worker-0/DEBUG] [net.minecraftforge.fml.javafmlmod.AutomaticEventSubscriber/LOADING]: Auto-subscribing com.eeeab.eeeabsmobs.EEEABMobs to FORGE
[27May2025 18:40:24.413] [modloading-worker-0/DEBUG] [net.minecraftforge.fml.javafmlmod.AutomaticEventSubscriber/LOADING]: Attempting to inject @EventBusSubscriber classes into the eventbus for alexscaves
[27May2025 18:40:24.414] [modloading-worker-0/DEBUG] [net.minecraftforge.fml.javafmlmod.AutomaticEventSubscriber/LOADING]: Auto-subscribing com.github.alexmodguy.alexscaves.server.entity.ACEntityRegistry to MOD
[27May2025 18:40:24.426] [modloading-worker-0/DEBUG] [net.minecraftforge.fml.javafmlmod.AutomaticEventSubscriber/LOADING]: Attempting to inject @EventBusSubscriber classes into the eventbus for lionfishapi
[27May2025 18:40:24.426] [modloading-worker-0/DEBUG] [net.minecraftforge.fml.javafmlmod.AutomaticEventSubscriber/LOADING]: Auto-subscribing com.github.L_Ender.lionfishapi.LionfishAPI to FORGE
[27May2025 18:40:24.426] [modloading-worker-0/DEBUG] [net.minecraftforge.fml.javafmlmod.AutomaticEventSubscriber/LOADING]: Auto-subscribing com.github.L_Ender.lionfishapi.CommonProxy to MOD
[27May2025 18:40:24.452] [modloading-worker-0/INFO] [me.wesley1808.servercore.common.ServerCore/]: [ServerCore] Loaded V1.5.2+1.20.1!
[27May2025 18:40:24.462] [modloading-worker-0/DEBUG] [net.minecraftforge.fml.javafmlmod.AutomaticEventSubscriber/LOADING]: Attempting to inject @EventBusSubscriber classes into the eventbus for servercore
[27May2025 18:40:24.496] [modloading-worker-0/DEBUG] [mixin/]: Mixing MixinOnSpellFinish from mixins.epicironcompat.json into io.redspace.ironsspellbooks.api.spells.AbstractSpell
[27May2025 18:40:24.516] [modloading-worker-0/DEBUG] [net.minecraftforge.fml.config.ConfigTracker/CONFIG]: Config file cataclysm.toml for cataclysm tracking
[27May2025 18:40:24.528] [modloading-worker-0/DEBUG] [net.minecraftforge.fml.javafmlmod.AutomaticEventSubscriber/LOADING]: Attempting to inject @EventBusSubscriber classes into the eventbus for dungeons_and_combat
[27May2025 18:40:24.528] [modloading-worker-0/DEBUG] [net.minecraftforge.fml.javafmlmod.AutomaticEventSubscriber/LOADING]: Auto-subscribing net.mcreator.dungeonsandcombat.recipes.brewing.MimicEyeNightVisionBrewingRecipe to MOD
[27May2025 18:40:24.529] [modloading-worker-0/DEBUG] [net.minecraftforge.fml.javafmlmod.AutomaticEventSubscriber/LOADING]: Auto-subscribing net.mcreator.dungeonsandcombat.recipes.brewing.LongHasteIIPotionRecipeBrewingRecipe to MOD
[27May2025 18:40:24.533] [modloading-worker-0/DEBUG] [net.minecraftforge.fml.javafmlmod.AutomaticEventSubscriber/LOADING]: Auto-subscribing net.mcreator.dungeonsandcombat.recipes.brewing.LongGigantPotionRecipeBrewingRecipe to MOD
[27May2025 18:40:24.533] [modloading-worker-0/DEBUG] [net.minecraftforge.fml.javafmlmod.AutomaticEventSubscriber/LOADING]: Auto-subscribing net.mcreator.dungeonsandcombat.recipes.brewing.LongFrozenRecistanceRecipeBrewingRecipe to MOD
[27May2025 18:40:24.534] [modloading-worker-0/DEBUG] [net.minecraftforge.fml.javafmlmod.AutomaticEventSubscriber/LOADING]: Auto-subscribing net.mcreator.dungeonsandcombat.recipes.brewing.IntoxicatedPotionRecipeBrewingRecipe to MOD
[27May2025 18:40:24.535] [modloading-worker-0/DEBUG] [net.minecraftforge.fml.javafmlmod.AutomaticEventSubscriber/LOADING]: Auto-subscribing net.mcreator.dungeonsandcombat.recipes.brewing.HorusoFeatherSlowFallingBrewingRecipe to MOD
[27May2025 18:40:24.539] [modloading-worker-0/DEBUG] [net.minecraftforge.fml.javafmlmod.AutomaticEventSubscriber/LOADING]: Auto-subscribing net.mcreator.dungeonsandcombat.recipes.brewing.HastePotionIIRecipeBrewingRecipe to MOD
[27May2025 18:40:24.542] [modloading-worker-0/DEBUG] [net.minecraftforge.fml.javafmlmod.AutomaticEventSubscriber/LOADING]: Auto-subscribing net.mcreator.dungeonsandcombat.recipes.brewing.HasteIIIPotionRecipeBrewingRecipe to MOD
[27May2025 18:40:24.546] [modloading-worker-0/DEBUG] [net.minecraftforge.fml.javafmlmod.AutomaticEventSubscriber/LOADING]: Auto-subscribing net.mcreator.dungeonsandcombat.recipes.brewing.GigantPotionRecipeBrewingRecipe to MOD
[27May2025 18:40:24.549] [modloading-worker-0/DEBUG] [net.minecraftforge.fml.javafmlmod.AutomaticEventSubscriber/LOADING]: Auto-subscribing net.mcreator.dungeonsandcombat.recipes.brewing.FrozenPotionRecistanceBrewingRecipe to MOD
[27May2025 18:40:24.557] [modloading-worker-0/DEBUG] [net.minecraftforge.fml.javafmlmod.AutomaticEventSubscriber/LOADING]: Auto-subscribing net.mcreator.dungeonsandcombat.recipes.brewing.FlowerFairyWingsLevitationBrewingRecipe to MOD
[27May2025 18:40:24.558] [modloading-worker-0/DEBUG] [net.minecraftforge.fml.javafmlmod.AutomaticEventSubscriber/LOADING]: Auto-subscribing net.mcreator.dungeonsandcombat.procedures.VillagerChaliceProcedure to FORGE
[27May2025 18:40:24.570] [modloading-worker-0/DEBUG] [net.minecraftforge.fml.javafmlmod.AutomaticEventSubscriber/LOADING]: Auto-subscribing net.mcreator.dungeonsandcombat.procedures.ToxinEdgeEffectProcedure to FORGE
[27May2025 18:40:24.571] [modloading-worker-0/DEBUG] [net.minecraftforge.fml.javafmlmod.AutomaticEventSubscriber/LOADING]: Auto-subscribing net.mcreator.dungeonsandcombat.procedures.TotemOfSacrificieProcedure to FORGE
[27May2025 18:40:24.575] [modloading-worker-0/DEBUG] [net.minecraftforge.fml.javafmlmod.AutomaticEventSubscriber/LOADING]: Auto-subscribing net.mcreator.dungeonsandcombat.procedures.TitanClassEverProcedure to FORGE
[27May2025 18:40:24.578] [modloading-worker-0/DEBUG] [net.minecraftforge.fml.javafmlmod.AutomaticEventSubscriber/LOADING]: Auto-subscribing net.mcreator.dungeonsandcombat.procedures.SunleiaHandEffectProcedure to FORGE
[27May2025 18:40:24.578] [modloading-worker-0/DEBUG] [net.minecraftforge.fml.javafmlmod.AutomaticEventSubscriber/LOADING]: Auto-subscribing net.mcreator.dungeonsandcombat.procedures.StyleManualGivenProcedure to FORGE
[27May2025 18:40:24.579] [modloading-worker-0/DEBUG] [net.minecraftforge.fml.javafmlmod.AutomaticEventSubscriber/LOADING]: Auto-subscribing net.mcreator.dungeonsandcombat.procedures.SteelArmorSetBonusProcedure to FORGE
[27May2025 18:40:24.580] [modloading-worker-0/DEBUG] [net.minecraftforge.fml.javafmlmod.AutomaticEventSubscriber/LOADING]: Auto-subscribing net.mcreator.dungeonsandcombat.procedures.SanguineStaffIIIEfectProcedure to FORGE
[27May2025 18:40:24.582] [modloading-worker-0/DEBUG] [net.minecraftforge.fml.javafmlmod.AutomaticEventSubscriber/LOADING]: Auto-subscribing net.mcreator.dungeonsandcombat.procedures.SanguineStaffIIEffectProcedure to FORGE
[27May2025 18:40:24.589] [modloading-worker-0/DEBUG] [net.minecraftforge.fml.javafmlmod.AutomaticEventSubscriber/LOADING]: Auto-subscribing net.mcreator.dungeonsandcombat.procedures.SanguineStaffEffectProcedure to FORGE
[27May2025 18:40:24.590] [modloading-worker-0/DEBUG] [net.minecraftforge.fml.javafmlmod.AutomaticEventSubscriber/LOADING]: Auto-subscribing net.mcreator.dungeonsandcombat.procedures.RogueClassEverProcedure to FORGE
[27May2025 18:40:24.591] [modloading-worker-0/DEBUG] [net.minecraftforge.fml.javafmlmod.AutomaticEventSubscriber/LOADING]: Auto-subscribing net.mcreator.dungeonsandcombat.procedures.PoisonEdgeEffectProcedure to FORGE
[27May2025 18:40:24.591] [modloading-worker-0/DEBUG] [net.minecraftforge.fml.javafmlmod.AutomaticEventSubscriber/LOADING]: Auto-subscribing net.mcreator.dungeonsandcombat.procedures.OniSlayerEdgeProcedure to FORGE
[27May2025 18:40:24.594] [modloading-worker-0/DEBUG] [net.minecraftforge.fml.javafmlmod.AutomaticEventSubscriber/LOADING]: Auto-subscribing net.mcreator.dungeonsandcombat.procedures.OniSlayerClassEverProcedure to FORGE
[27May2025 18:40:24.603] [modloading-worker-0/DEBUG] [net.minecraftforge.fml.javafmlmod.AutomaticEventSubscriber/LOADING]: Auto-subscribing net.mcreator.dungeonsandcombat.procedures.OniSlayerAttackProcedure to FORGE
[27May2025 18:40:24.605] [modloading-worker-0/DEBUG] [net.minecraftforge.fml.javafmlmod.AutomaticEventSubscriber/LOADING]: Auto-subscribing net.mcreator.dungeonsandcombat.procedures.MoltenRingEffectProcedure to FORGE
[27May2025 18:40:24.606] [modloading-worker-0/DEBUG] [net.minecraftforge.fml.javafmlmod.AutomaticEventSubscriber/LOADING]: Auto-subscribing net.mcreator.dungeonsandcombat.procedures.MoltenDarkSteelSetBonusProcedure to FORGE
[27May2025 18:40:24.607] [modloading-worker-0/DEBUG] [net.minecraftforge.fml.javafmlmod.AutomaticEventSubscriber/LOADING]: Auto-subscribing net.mcreator.dungeonsandcombat.procedures.MoltenBlazingCursedArmorSetProcedure to FORGE
[27May2025 18:40:24.614] [modloading-worker-0/DEBUG] [net.minecraftforge.fml.javafmlmod.AutomaticEventSubscriber/LOADING]: Auto-subscribing net.mcreator.dungeonsandcombat.procedures.MoltenBlazingArmorBonusSetProcedure to FORGE
[27May2025 18:40:24.615] [modloading-worker-0/DEBUG] [net.minecraftforge.fml.javafmlmod.AutomaticEventSubscriber/LOADING]: Auto-subscribing net.mcreator.dungeonsandcombat.procedures.MimicAttackProcedure to FORGE
[27May2025 18:40:24.615] [modloading-worker-0/DEBUG] [net.minecraftforge.fml.javafmlmod.AutomaticEventSubscriber/LOADING]: Auto-subscribing net.mcreator.dungeonsandcombat.procedures.LifeStealEffectProcedure to FORGE
[27May2025 18:40:24.616] [modloading-worker-0/DEBUG] [net.minecraftforge.fml.javafmlmod.AutomaticEventSubscriber/LOADING]: Auto-subscribing net.mcreator.dungeonsandcombat.procedures.HunterFuryIIHitEffectProcedure to FORGE
[27May2025 18:40:24.620] [modloading-worker-0/DEBUG] [net.minecraftforge.fml.javafmlmod.AutomaticEventSubscriber/LOADING]: Auto-subscribing net.mcreator.dungeonsandcombat.procedures.HunterFuryHitEffectProcedure to FORGE
[27May2025 18:40:24.621] [modloading-worker-0/DEBUG] [net.minecraftforge.fml.javafmlmod.AutomaticEventSubscriber/LOADING]: Auto-subscribing net.mcreator.dungeonsandcombat.procedures.ForgottenKnightClassEverProcedure to FORGE
[27May2025 18:40:24.622] [modloading-worker-0/DEBUG] [net.minecraftforge.fml.javafmlmod.AutomaticEventSubscriber/LOADING]: Auto-subscribing net.mcreator.dungeonsandcombat.procedures.FlamingGlovesEffectProcedure to FORGE
[27May2025 18:40:24.631] [modloading-worker-0/DEBUG] [net.minecraftforge.fml.javafmlmod.AutomaticEventSubscriber/LOADING]: Auto-subscribing net.mcreator.dungeonsandcombat.procedures.DungeonsAndCombatLogroProcedure to FORGE
[27May2025 18:40:24.632] [modloading-worker-0/DEBUG] [net.minecraftforge.fml.javafmlmod.AutomaticEventSubscriber/LOADING]: Auto-subscribing net.mcreator.dungeonsandcombat.procedures.CrimsonShieldHealthProcedure to FORGE
[27May2025 18:40:24.633] [modloading-worker-0/DEBUG] [net.minecraftforge.fml.javafmlmod.AutomaticEventSubscriber/LOADING]: Auto-subscribing net.mcreator.dungeonsandcombat.procedures.CrimsonArmorBonusProcedure to FORGE
[27May2025 18:40:24.634] [modloading-worker-0/DEBUG] [net.minecraftforge.fml.javafmlmod.AutomaticEventSubscriber/LOADING]: Auto-subscribing net.mcreator.dungeonsandcombat.procedures.ChaliceWithImpureBloodFillProcedure to FORGE
[27May2025 18:40:24.635] [modloading-worker-0/DEBUG] [net.minecraftforge.fml.javafmlmod.AutomaticEventSubscriber/LOADING]: Auto-subscribing net.mcreator.dungeonsandcombat.procedures.ChaliceWithDivineBloodFillProcedure to FORGE
[27May2025 18:40:24.636] [modloading-worker-0/DEBUG] [net.minecraftforge.fml.javafmlmod.AutomaticEventSubscriber/LOADING]: Auto-subscribing net.mcreator.dungeonsandcombat.procedures.ChaliceWithBloodFillProcedure to FORGE
[27May2025 18:40:24.637] [modloading-worker-0/DEBUG] [net.minecraftforge.fml.javafmlmod.AutomaticEventSubscriber/LOADING]: Auto-subscribing net.mcreator.dungeonsandcombat.procedures.BurningEdgeEffectProcedure to FORGE
[27May2025 18:40:24.637] [modloading-worker-0/DEBUG] [net.minecraftforge.fml.javafmlmod.AutomaticEventSubscriber/LOADING]: Auto-subscribing net.mcreator.dungeonsandcombat.procedures.BurningAuraEffectProcedure to FORGE
[27May2025 18:40:24.638] [modloading-worker-0/DEBUG] [net.minecraftforge.fml.javafmlmod.AutomaticEventSubscriber/LOADING]: Auto-subscribing net.mcreator.dungeonsandcombat.procedures.BurningAuraCursedProcedure to FORGE
[27May2025 18:40:24.639] [modloading-worker-0/DEBUG] [net.minecraftforge.fml.javafmlmod.AutomaticEventSubscriber/LOADING]: Auto-subscribing net.mcreator.dungeonsandcombat.procedures.BronzeBarbarianHelmetTickEventProcedure to FORGE
[27May2025 18:40:24.641] [modloading-worker-0/DEBUG] [net.minecraftforge.fml.javafmlmod.AutomaticEventSubscriber/LOADING]: Auto-subscribing net.mcreator.dungeonsandcombat.procedures.BountyHunterClassEverProcedure to FORGE
[27May2025 18:40:24.642] [modloading-worker-0/DEBUG] [net.minecraftforge.fml.javafmlmod.AutomaticEventSubscriber/LOADING]: Auto-subscribing net.mcreator.dungeonsandcombat.procedures.BlessedGoldToolsProcedure to FORGE
[27May2025 18:40:24.643] [modloading-worker-0/DEBUG] [net.minecraftforge.fml.javafmlmod.AutomaticEventSubscriber/LOADING]: Auto-subscribing net.mcreator.dungeonsandcombat.procedures.BlessedGoldArmorSetProcedure to FORGE
[27May2025 18:40:24.644] [modloading-worker-0/DEBUG] [net.minecraftforge.fml.javafmlmod.AutomaticEventSubscriber/LOADING]: Auto-subscribing net.mcreator.dungeonsandcombat.procedures.BleedingEdgeEffectProcedure to FORGE
[27May2025 18:40:24.645] [modloading-worker-0/DEBUG] [net.minecraftforge.fml.javafmlmod.AutomaticEventSubscriber/LOADING]: Auto-subscribing net.mcreator.dungeonsandcombat.procedures.AmmitEdgeEffectProcedure to FORGE
[27May2025 18:40:24.645] [modloading-worker-0/DEBUG] [net.minecraftforge.fml.javafmlmod.AutomaticEventSubscriber/LOADING]: Auto-subscribing net.mcreator.dungeonsandcombat.procedures.AcidMoltenBlazingAuraProcedure to FORGE
[27May2025 18:40:24.649] [modloading-worker-0/DEBUG] [net.minecraftforge.fml.javafmlmod.AutomaticEventSubscriber/LOADING]: Auto-subscribing net.mcreator.dungeonsandcombat.procedures.AcidFiredEntityProcedure to FORGE
[27May2025 18:40:24.650] [modloading-worker-0/DEBUG] [net.minecraftforge.fml.javafmlmod.AutomaticEventSubscriber/LOADING]: Auto-subscribing net.mcreator.dungeonsandcombat.procedures.AcidFireExtingProcedure to FORGE
[27May2025 18:40:24.651] [modloading-worker-0/DEBUG] [net.minecraftforge.fml.javafmlmod.AutomaticEventSubscriber/LOADING]: Auto-subscribing net.mcreator.dungeonsandcombat.procedures.AcidFireEdgeEffectProcedure to FORGE
[27May2025 18:40:24.653] [modloading-worker-0/DEBUG] [net.minecraftforge.fml.javafmlmod.AutomaticEventSubscriber/LOADING]: Auto-subscribing net.mcreator.dungeonsandcombat.procedures.AberratorChaliceProcedure to FORGE
[27May2025 18:40:24.654] [modloading-worker-0/DEBUG] [net.minecraftforge.fml.javafmlmod.AutomaticEventSubscriber/LOADING]: Auto-subscribing net.mcreator.dungeonsandcombat.network.VagabondClassGUIButtonMessage to MOD
[27May2025 18:40:24.657] [modloading-worker-0/DEBUG] [net.minecraftforge.fml.javafmlmod.AutomaticEventSubscriber/LOADING]: Auto-subscribing net.mcreator.dungeonsandcombat.network.TitanClassGUIButtonMessage to MOD
[27May2025 18:40:24.661] [modloading-worker-0/DEBUG] [net.minecraftforge.fml.javafmlmod.AutomaticEventSubscriber/LOADING]: Auto-subscribing net.mcreator.dungeonsandcombat.network.RogueClassGUIButtonMessage to MOD
[27May2025 18:40:24.662] [modloading-worker-0/DEBUG] [net.minecraftforge.fml.javafmlmod.AutomaticEventSubscriber/LOADING]: Auto-subscribing net.mcreator.dungeonsandcombat.network.OniSlayerClassGUIButtonMessage to MOD
[27May2025 18:40:24.663] [modloading-worker-0/DEBUG] [net.minecraftforge.fml.javafmlmod.AutomaticEventSubscriber/LOADING]: Auto-subscribing net.mcreator.dungeonsandcombat.network.ForgottenKnightClassGUIButtonMessage to MOD
[27May2025 18:40:24.664] [modloading-worker-0/DEBUG] [net.minecraftforge.fml.javafmlmod.AutomaticEventSubscriber/LOADING]: Auto-subscribing net.mcreator.dungeonsandcombat.network.ExliedClassGUIButtonMessage to MOD
[27May2025 18:40:24.666] [modloading-worker-0/DEBUG] [net.minecraftforge.fml.javafmlmod.AutomaticEventSubscriber/LOADING]: Auto-subscribing net.mcreator.dungeonsandcombat.network.BountyHunterClassGUIButtonMessage to MOD
[27May2025 18:40:24.667] [modloading-worker-0/DEBUG] [net.minecraftforge.fml.javafmlmod.AutomaticEventSubscriber/LOADING]: Auto-subscribing net.mcreator.dungeonsandcombat.init.ItemAnimationFactory to FORGE
[27May2025 18:40:24.670] [modloading-worker-0/DEBUG] [net.minecraftforge.fml.javafmlmod.AutomaticEventSubscriber/LOADING]: Auto-subscribing net.mcreator.dungeonsandcombat.init.EntityAnimationFactory to FORGE
[27May2025 18:40:24.671] [modloading-worker-0/DEBUG] [net.minecraftforge.fml.javafmlmod.AutomaticEventSubscriber/LOADING]: Auto-subscribing net.mcreator.dungeonsandcombat.init.DungeonsAndCombatModVillagerProfessions to MOD
[27May2025 18:40:24.671] [modloading-worker-0/DEBUG] [net.minecraftforge.fml.javafmlmod.AutomaticEventSubscriber/LOADING]: Auto-subscribing net.mcreator.dungeonsandcombat.init.DungeonsAndCombatModTrades to FORGE
[27May2025 18:40:24.672] [modloading-worker-0/DEBUG] [net.minecraftforge.fml.javafmlmod.AutomaticEventSubscriber/LOADING]: Auto-subscribing net.mcreator.dungeonsandcombat.init.DungeonsAndCombatModEntities to MOD
[27May2025 18:40:24.675] [modloading-worker-0/DEBUG] [net.minecraftforge.fml.javafmlmod.AutomaticEventSubscriber/LOADING]: Auto-subscribing net.mcreator.dungeonsandcombat.init.DungeonsAndCombatModCuriosSlots to MOD
[27May2025 18:40:24.678] [modloading-worker-0/DEBUG] [net.minecraftforge.fml.javafmlmod.AutomaticEventSubscriber/LOADING]: Auto-subscribing net.mcreator.dungeonsandcombat.init.DungeonsAndCombatModCuriosRenderers to MOD
[27May2025 18:40:24.679] [modloading-worker-0/DEBUG] [net.minecraftforge.fml.javafmlmod.AutomaticEventSubscriber/LOADING]: Auto-subscribing net.mcreator.dungeonsandcombat.init.DungeonsAndCombatModAttributes to MOD
[27May2025 18:40:24.690] [modloading-worker-0/DEBUG] [net.minecraftforge.fml.config.ConfigTracker/CONFIG]: Config file curios-client.toml for curios tracking
[27May2025 18:40:24.692] [modloading-worker-0/DEBUG] [net.minecraftforge.fml.config.ConfigTracker/CONFIG]: Config file curios-common.toml for curios tracking
[27May2025 18:40:24.692] [modloading-worker-0/DEBUG] [net.minecraftforge.fml.config.ConfigTracker/CONFIG]: Config file curios-server.toml for curios tracking
[27May2025 18:40:24.693] [modloading-worker-0/DEBUG] [net.minecraftforge.fml.javafmlmod.AutomaticEventSubscriber/LOADING]: Attempting to inject @EventBusSubscriber classes into the eventbus for curios
[27May2025 18:40:24.693] [modloading-worker-0/DEBUG] [net.minecraftforge.fml.javafmlmod.AutomaticEventSubscriber/LOADING]: Attempting to inject @EventBusSubscriber classes into the eventbus for mofus_better_end_
[27May2025 18:40:24.693] [modloading-worker-0/DEBUG] [net.minecraftforge.fml.javafmlmod.AutomaticEventSubscriber/LOADING]: Auto-subscribing net.mcreator.mofusbetterend.world.teleporter.BrokenConstellationTeleporter to MOD
[27May2025 18:40:24.700] [modloading-worker-0/DEBUG] [net.minecraftforge.fml.javafmlmod.AutomaticEventSubscriber/LOADING]: Auto-subscribing net.mcreator.mofusbetterend.world.inventory.MechCreationStationGUIMenu to FORGE
[27May2025 18:40:24.706] [modloading-worker-0/DEBUG] [net.minecraftforge.fml.javafmlmod.AutomaticEventSubscriber/LOADING]: Auto-subscribing net.mcreator.mofusbetterend.world.inventory.CrestguinGUIMenu to FORGE
[27May2025 18:40:24.710] [modloading-worker-0/DEBUG] [net.minecraftforge.fml.javafmlmod.AutomaticEventSubscriber/LOADING]: Auto-subscribing net.mcreator.mofusbetterend.world.features.StructureFeature to FORGE
[27May2025 18:40:24.710] [modloading-worker-0/DEBUG] [net.minecraftforge.fml.javafmlmod.AutomaticEventSubscriber/LOADING]: Auto-subscribing net.mcreator.mofusbetterend.world.dimension.BrokenConstellationDimension to FORGE
[27May2025 18:40:24.711] [modloading-worker-0/DEBUG] [net.minecraftforge.fml.javafmlmod.AutomaticEventSubscriber/LOADING]: Auto-subscribing net.mcreator.mofusbetterend.world.dimension.BrokenConstellationDimension$DimensionSpecialEffectsHandler to MOD
[27May2025 18:40:24.715] [modloading-worker-0/DEBUG] [net.minecraftforge.fml.javafmlmod.AutomaticEventSubscriber/LOADING]: Auto-subscribing net.mcreator.mofusbetterend.recipes.brewing.WasppheromoneRecipeBrewingRecipe to MOD
[27May2025 18:40:24.719] [modloading-worker-0/DEBUG] [net.minecraftforge.fml.javafmlmod.AutomaticEventSubscriber/LOADING]: Auto-subscribing net.mcreator.mofusbetterend.recipes.brewing.LongAntidoteRecipeBrewingRecipe to MOD
[27May2025 18:40:24.722] [modloading-worker-0/DEBUG] [net.minecraftforge.fml.javafmlmod.AutomaticEventSubscriber/LOADING]: Auto-subscribing net.mcreator.mofusbetterend.recipes.brewing.EndMantaPotionRecipeBrewingRecipe to MOD
[27May2025 18:40:24.723] [modloading-worker-0/DEBUG] [net.minecraftforge.fml.javafmlmod.AutomaticEventSubscriber/LOADING]: Auto-subscribing net.mcreator.mofusbetterend.recipes.brewing.Antidote1RecipeBrewingRecipe to MOD
[27May2025 18:40:24.724] [modloading-worker-0/DEBUG] [net.minecraftforge.fml.javafmlmod.AutomaticEventSubscriber/LOADING]: Auto-subscribing net.mcreator.mofusbetterend.procedures.VoidjellyattackProcedure to FORGE
[27May2025 18:40:24.726] [modloading-worker-0/DEBUG] [net.minecraftforge.fml.javafmlmod.AutomaticEventSubscriber/LOADING]: Auto-subscribing net.mcreator.mofusbetterend.procedures.TowerbeforehurtProcedure to FORGE
[27May2025 18:40:24.727] [modloading-worker-0/DEBUG] [net.minecraftforge.fml.javafmlmod.AutomaticEventSubscriber/LOADING]: Auto-subscribing net.mcreator.mofusbetterend.procedures.ThecetoustriggerProcedure to FORGE
[27May2025 18:40:24.730] [modloading-worker-0/DEBUG] [net.minecraftforge.fml.javafmlmod.AutomaticEventSubscriber/LOADING]: Auto-subscribing net.mcreator.mofusbetterend.procedures.StripwoodprocedureProcedure to FORGE
[27May2025 18:40:24.733] [modloading-worker-0/DEBUG] [net.minecraftforge.fml.javafmlmod.AutomaticEventSubscriber/LOADING]: Auto-subscribing net.mcreator.mofusbetterend.procedures.RightclickalleyeguardiansProcedure to FORGE
[27May2025 18:40:24.736] [modloading-worker-0/DEBUG] [net.minecraftforge.fml.javafmlmod.AutomaticEventSubscriber/LOADING]: Auto-subscribing net.mcreator.mofusbetterend.procedures.RebornLitchMusicResetProcedure to FORGE
[27May2025 18:40:24.737] [modloading-worker-0/DEBUG] [net.minecraftforge.fml.javafmlmod.AutomaticEventSubscriber/LOADING]: Auto-subscribing net.mcreator.mofusbetterend.procedures.RebornLitchMusicProcedure to FORGE
[27May2025 18:40:24.739] [modloading-worker-0/DEBUG] [net.minecraftforge.fml.javafmlmod.AutomaticEventSubscriber/LOADING]: Auto-subscribing net.mcreator.mofusbetterend.procedures.RebornLitchMusicPlayProcedure to FORGE
[27May2025 18:40:24.743] [modloading-worker-0/DEBUG] [net.minecraftforge.fml.javafmlmod.AutomaticEventSubscriber/LOADING]: Auto-subscribing net.mcreator.mofusbetterend.procedures.RavenousreactionsProcedure to FORGE
[27May2025 18:40:24.744] [modloading-worker-0/DEBUG] [net.minecraftforge.fml.javafmlmod.AutomaticEventSubscriber/LOADING]: Auto-subscribing net.mcreator.mofusbetterend.procedures.QueenprojectileblockProcedure to FORGE
[27May2025 18:40:24.745] [modloading-worker-0/DEBUG] [net.minecraftforge.fml.javafmlmod.AutomaticEventSubscriber/LOADING]: Auto-subscribing net.mcreator.mofusbetterend.procedures.PlayerjoinProcedure to FORGE
[27May2025 18:40:24.748] [modloading-worker-0/DEBUG] [net.minecraftforge.fml.javafmlmod.AutomaticEventSubscriber/LOADING]: Auto-subscribing net.mcreator.mofusbetterend.procedures.PlayerNautilusOverlayProcedure to FORGE
[27May2025 18:40:24.749] [modloading-worker-0/DEBUG] [net.minecraftforge.fml.javafmlmod.AutomaticEventSubscriber/LOADING]: Auto-subscribing net.mcreator.mofusbetterend.procedures.PlayerLooksatEndermanProcedure to FORGE
[27May2025 18:40:24.750] [modloading-worker-0/DEBUG] [net.minecraftforge.fml.javafmlmod.AutomaticEventSubscriber/LOADING]: Auto-subscribing net.mcreator.mofusbetterend.procedures.PlayerEndSpawnProcedure to FORGE
[27May2025 18:40:24.751] [modloading-worker-0/DEBUG] [net.minecraftforge.fml.javafmlmod.AutomaticEventSubscriber/LOADING]: Auto-subscribing net.mcreator.mofusbetterend.procedures.NomouthendermanaggroProcedure to FORGE
[27May2025 18:40:24.751] [modloading-worker-0/DEBUG] [net.minecraftforge.fml.javafmlmod.AutomaticEventSubscriber/LOADING]: Auto-subscribing net.mcreator.mofusbetterend.procedures.NestAttackProcedureProcedure to FORGE
[27May2025 18:40:24.753] [modloading-worker-0/DEBUG] [net.minecraftforge.fml.javafmlmod.AutomaticEventSubscriber/LOADING]: Auto-subscribing net.mcreator.mofusbetterend.procedures.LitchMusicResetProcedure to FORGE
[27May2025 18:40:24.754] [modloading-worker-0/DEBUG] [net.minecraftforge.fml.javafmlmod.AutomaticEventSubscriber/LOADING]: Auto-subscribing net.mcreator.mofusbetterend.procedures.LitchMusicProcedure to FORGE
[27May2025 18:40:24.755] [modloading-worker-0/DEBUG] [net.minecraftforge.fml.javafmlmod.AutomaticEventSubscriber/LOADING]: Auto-subscribing net.mcreator.mofusbetterend.procedures.LitchMusicPlayProcedure to FORGE
[27May2025 18:40:24.756] [modloading-worker-0/DEBUG] [net.minecraftforge.fml.javafmlmod.AutomaticEventSubscriber/LOADING]: Auto-subscribing net.mcreator.mofusbetterend.procedures.ItemexplosionresistanceProcedure to FORGE
[27May2025 18:40:24.757] [modloading-worker-0/DEBUG] [net.minecraftforge.fml.javafmlmod.AutomaticEventSubscriber/LOADING]: Auto-subscribing net.mcreator.mofusbetterend.procedures.ImmortalmobsProcedure to FORGE
[27May2025 18:40:24.758] [modloading-worker-0/DEBUG] [net.minecraftforge.fml.javafmlmod.AutomaticEventSubscriber/LOADING]: Auto-subscribing net.mcreator.mofusbetterend.procedures.GuardianPropellerItemInInventoryTickProcedure to FORGE
[27May2025 18:40:24.760] [modloading-worker-0/DEBUG] [net.minecraftforge.fml.javafmlmod.AutomaticEventSubscriber/LOADING]: Auto-subscribing net.mcreator.mofusbetterend.procedures.GuardianGolemSpawnProcedureProcedure to FORGE
[27May2025 18:40:24.761] [modloading-worker-0/DEBUG] [net.minecraftforge.fml.javafmlmod.AutomaticEventSubscriber/LOADING]: Auto-subscribing net.mcreator.mofusbetterend.procedures.GliderroarProcedure to FORGE
[27May2025 18:40:24.762] [modloading-worker-0/DEBUG] [net.minecraftforge.fml.javafmlmod.AutomaticEventSubscriber/LOADING]: Auto-subscribing net.mcreator.mofusbetterend.procedures.GlassjugusageProcedure to FORGE
[27May2025 18:40:24.763] [modloading-worker-0/DEBUG] [net.minecraftforge.fml.javafmlmod.AutomaticEventSubscriber/LOADING]: Auto-subscribing net.mcreator.mofusbetterend.procedures.ForgottenengageProcedure to FORGE
[27May2025 18:40:24.764] [modloading-worker-0/DEBUG] [net.minecraftforge.fml.javafmlmod.AutomaticEventSubscriber/LOADING]: Auto-subscribing net.mcreator.mofusbetterend.procedures.EyeGuardianBlockingProcedure to FORGE
[27May2025 18:40:24.764] [modloading-worker-0/DEBUG] [net.minecraftforge.fml.javafmlmod.AutomaticEventSubscriber/LOADING]: Auto-subscribing net.mcreator.mofusbetterend.procedures.EndermitesAttackedProcedure to FORGE
[27May2025 18:40:24.765] [modloading-worker-0/DEBUG] [net.minecraftforge.fml.javafmlmod.AutomaticEventSubscriber/LOADING]: Auto-subscribing net.mcreator.mofusbetterend.procedures.EndermenpagedropProcedure to FORGE
[27May2025 18:40:24.766] [modloading-worker-0/DEBUG] [net.minecraftforge.fml.javafmlmod.AutomaticEventSubscriber/LOADING]: Auto-subscribing net.mcreator.mofusbetterend.procedures.CrestguinNestStickCheckProcedure to FORGE
[27May2025 18:40:24.767] [modloading-worker-0/DEBUG] [net.minecraftforge.fml.javafmlmod.AutomaticEventSubscriber/LOADING]: Auto-subscribing net.mcreator.mofusbetterend.procedures.CastlemusicresetProcedure to FORGE
[27May2025 18:40:24.768] [modloading-worker-0/DEBUG] [net.minecraftforge.fml.javafmlmod.AutomaticEventSubscriber/LOADING]: Auto-subscribing net.mcreator.mofusbetterend.procedures.CastleMusicProcedure to FORGE
[27May2025 18:40:24.769] [modloading-worker-0/DEBUG] [net.minecraftforge.fml.javafmlmod.AutomaticEventSubscriber/LOADING]: Auto-subscribing net.mcreator.mofusbetterend.procedures.CastleMusicPlayProcedure to FORGE
[27May2025 18:40:24.770] [modloading-worker-0/DEBUG] [net.minecraftforge.fml.javafmlmod.AutomaticEventSubscriber/LOADING]: Auto-subscribing net.mcreator.mofusbetterend.procedures.CalmthefuckdownProcedure to FORGE
[27May2025 18:40:24.771] [modloading-worker-0/DEBUG] [net.minecraftforge.fml.javafmlmod.AutomaticEventSubscriber/LOADING]: Auto-subscribing net.mcreator.mofusbetterend.procedures.BugSnatcherBlockIsPlacedByProcedure to FORGE
[27May2025 18:40:24.772] [modloading-worker-0/DEBUG] [net.minecraftforge.fml.javafmlmod.AutomaticEventSubscriber/LOADING]: Auto-subscribing net.mcreator.mofusbetterend.procedures.BleedingeffectProcedure to FORGE
[27May2025 18:40:24.774] [modloading-worker-0/DEBUG] [net.minecraftforge.fml.javafmlmod.AutomaticEventSubscriber/LOADING]: Auto-subscribing net.mcreator.mofusbetterend.procedures.BlackwaspAttackedProcedure to FORGE
[27May2025 18:40:24.775] [modloading-worker-0/DEBUG] [net.minecraftforge.fml.javafmlmod.AutomaticEventSubscriber/LOADING]: Auto-subscribing net.mcreator.mofusbetterend.procedures.AsteroidElytraeffectProcedure to FORGE
[27May2025 18:40:24.776] [modloading-worker-0/DEBUG] [net.minecraftforge.fml.javafmlmod.AutomaticEventSubscriber/LOADING]: Auto-subscribing net.mcreator.mofusbetterend.network.SacredTableGuiSlotMessage to MOD
[27May2025 18:40:24.777] [modloading-worker-0/DEBUG] [net.minecraftforge.fml.javafmlmod.AutomaticEventSubscriber/LOADING]: Auto-subscribing net.mcreator.mofusbetterend.network.SacredTableGuiButtonMessage to MOD
[27May2025 18:40:24.778] [modloading-worker-0/DEBUG] [net.minecraftforge.fml.javafmlmod.AutomaticEventSubscriber/LOADING]: Auto-subscribing net.mcreator.mofusbetterend.network.NautilusUpMessage to MOD
[27May2025 18:40:24.779] [modloading-worker-0/DEBUG] [net.minecraftforge.fml.javafmlmod.AutomaticEventSubscriber/LOADING]: Auto-subscribing net.mcreator.mofusbetterend.network.NautilusThrustMessage to MOD
[27May2025 18:40:24.782] [modloading-worker-0/DEBUG] [net.minecraftforge.fml.javafmlmod.AutomaticEventSubscriber/LOADING]: Auto-subscribing net.mcreator.mofusbetterend.network.NautilusForwardMessage to MOD
[27May2025 18:40:24.783] [modloading-worker-0/DEBUG] [net.minecraftforge.fml.javafmlmod.AutomaticEventSubscriber/LOADING]: Auto-subscribing net.mcreator.mofusbetterend.network.NautilusDownMessage to MOD
[27May2025 18:40:24.784] [modloading-worker-0/DEBUG] [net.minecraftforge.fml.javafmlmod.AutomaticEventSubscriber/LOADING]: Auto-subscribing net.mcreator.mofusbetterend.network.MofusBetterEndModVariables to MOD
[27May2025 18:40:24.785] [modloading-worker-0/DEBUG] [net.minecraftforge.fml.javafmlmod.AutomaticEventSubscriber/LOADING]: Auto-subscribing net.mcreator.mofusbetterend.network.MofusBetterEndModVariables$PlayerVariablesProvider to FORGE
[27May2025 18:40:24.787] [modloading-worker-0/DEBUG] [net.minecraftforge.fml.javafmlmod.AutomaticEventSubscriber/LOADING]: Auto-subscribing net.mcreator.mofusbetterend.network.MofusBetterEndModVariables$EventBusVariableHandlers to FORGE
[27May2025 18:40:24.792] [modloading-worker-0/DEBUG] [net.minecraftforge.fml.javafmlmod.AutomaticEventSubscriber/LOADING]: Auto-subscribing net.mcreator.mofusbetterend.network.MechCreationStationGUISlotMessage to MOD
[27May2025 18:40:24.793] [modloading-worker-0/DEBUG] [net.minecraftforge.fml.javafmlmod.AutomaticEventSubscriber/LOADING]: Auto-subscribing net.mcreator.mofusbetterend.network.MechCreationStationGUIButtonMessage to MOD
[27May2025 18:40:24.795] [modloading-worker-0/DEBUG] [net.minecraftforge.fml.javafmlmod.AutomaticEventSubscriber/LOADING]: Auto-subscribing net.mcreator.mofusbetterend.network.GrassHopperSuitGuiSlotMessage to MOD
[27May2025 18:40:24.797] [modloading-worker-0/DEBUG] [net.minecraftforge.fml.config.ConfigTracker/CONFIG]: Config file legendary_monsters-common.toml for legendary_monsters tracking
[27May2025 18:40:24.798] [modloading-worker-0/DEBUG] [net.minecraftforge.fml.javafmlmod.AutomaticEventSubscriber/LOADING]: Attempting to inject @EventBusSubscriber classes into the eventbus for legendary_monsters
[27May2025 18:40:24.798] [modloading-worker-0/DEBUG] [net.minecraftforge.fml.javafmlmod.AutomaticEventSubscriber/LOADING]: Auto-subscribing net.miauczel.legendary_monsters.item.custom.WitheredRibcageItem to FORGE
[27May2025 18:40:24.799] [modloading-worker-0/DEBUG] [net.minecraftforge.fml.javafmlmod.AutomaticEventSubscriber/LOADING]: Auto-subscribing net.mcreator.mofusbetterend.network.GhSuitWalkrMessage to MOD
[27May2025 18:40:24.799] [modloading-worker-0/DEBUG] [net.minecraftforge.fml.javafmlmod.AutomaticEventSubscriber/LOADING]: Auto-subscribing net.mcreator.mofusbetterend.network.GhSuitWalklMessage to MOD
[27May2025 18:40:24.800] [modloading-worker-0/DEBUG] [net.minecraftforge.fml.javafmlmod.AutomaticEventSubscriber/LOADING]: Auto-subscribing net.mcreator.mofusbetterend.network.GhSuitWalkfMessage to MOD
[27May2025 18:40:24.803] [modloading-worker-0/DEBUG] [net.minecraftforge.fml.javafmlmod.AutomaticEventSubscriber/LOADING]: Auto-subscribing net.mcreator.mofusbetterend.network.GhSuitJumpMessage to MOD
[27May2025 18:40:24.803] [modloading-worker-0/DEBUG] [net.minecraftforge.fml.javafmlmod.AutomaticEventSubscriber/LOADING]: Auto-subscribing net.mcreator.mofusbetterend.network.GhSuitInventoryMessage to MOD
[27May2025 18:40:24.804] [modloading-worker-0/DEBUG] [net.minecraftforge.fml.javafmlmod.AutomaticEventSubscriber/LOADING]: Auto-subscribing net.mcreator.mofusbetterend.network.GhSuitFlyMessage to MOD
[27May2025 18:40:24.805] [modloading-worker-0/DEBUG] [net.minecraftforge.fml.javafmlmod.AutomaticEventSubscriber/LOADING]: Auto-subscribing net.mcreator.mofusbetterend.network.GhSuitAttackMessage to MOD
[27May2025 18:40:24.806] [modloading-worker-0/DEBUG] [net.minecraftforge.fml.javafmlmod.AutomaticEventSubscriber/LOADING]: Auto-subscribing net.mcreator.mofusbetterend.network.FlyingmantaupMessage to MOD
[27May2025 18:40:24.806] [modloading-worker-0/DEBUG] [net.minecraftforge.fml.javafmlmod.AutomaticEventSubscriber/LOADING]: Auto-subscribing net.miauczel.legendary_monsters.item.custom.ShulkerShieldHurtEvent to FORGE
[27May2025 18:40:24.807] [modloading-worker-0/DEBUG] [net.minecraftforge.fml.javafmlmod.AutomaticEventSubscriber/LOADING]: Auto-subscribing net.mcreator.mofusbetterend.network.FlyingmantadownMessage to MOD
[27May2025 18:40:24.807] [modloading-worker-0/DEBUG] [net.minecraftforge.fml.javafmlmod.AutomaticEventSubscriber/LOADING]: Auto-subscribing net.miauczel.legendary_monsters.item.custom.ShulkerHelmetItem to FORGE
[27May2025 18:40:24.809] [modloading-worker-0/DEBUG] [net.minecraftforge.fml.javafmlmod.AutomaticEventSubscriber/LOADING]: Auto-subscribing net.miauczel.legendary_monsters.item.custom.MossyChestplateItem to FORGE
[27May2025 18:40:24.810] [modloading-worker-0/DEBUG] [net.minecraftforge.fml.javafmlmod.AutomaticEventSubscriber/LOADING]: Auto-subscribing net.mcreator.mofusbetterend.network.EndstoryBookButtonMessage to MOD
[27May2025 18:40:24.812] [modloading-worker-0/DEBUG] [net.minecraftforge.fml.javafmlmod.AutomaticEventSubscriber/LOADING]: Auto-subscribing net.mcreator.mofusbetterend.network.BookOfVoidGUIButtonMessage to MOD
[27May2025 18:40:24.811] [modloading-worker-0/DEBUG] [net.minecraftforge.fml.javafmlmod.AutomaticEventSubscriber/LOADING]: Auto-subscribing net.miauczel.legendary_monsters.item.custom.FrostbittenShieldHurtEvent to FORGE
[27May2025 18:40:24.813] [modloading-worker-0/DEBUG] [net.minecraftforge.fml.javafmlmod.AutomaticEventSubscriber/LOADING]: Auto-subscribing net.miauczel.legendary_monsters.item.custom.FieryJawEventHandler to FORGE
[27May2025 18:40:24.814] [modloading-worker-0/DEBUG] [net.minecraftforge.fml.javafmlmod.AutomaticEventSubscriber/LOADING]: Auto-subscribing net.miauczel.legendary_monsters.item.custom.FieryBootsItem to FORGE
[27May2025 18:40:24.814] [modloading-worker-0/DEBUG] [net.minecraftforge.fml.javafmlmod.AutomaticEventSubscriber/LOADING]: Auto-subscribing net.mcreator.mofusbetterend.network.ArmorsAbilitiesMessage to MOD
[27May2025 18:40:24.815] [modloading-worker-0/DEBUG] [net.minecraftforge.fml.javafmlmod.AutomaticEventSubscriber/LOADING]: Auto-subscribing net.mcreator.mofusbetterend.init.MofusBetterEndModSurfaceRules to FORGE
[27May2025 18:40:24.816] [modloading-worker-0/DEBUG] [net.minecraftforge.fml.javafmlmod.AutomaticEventSubscriber/LOADING]: Auto-subscribing net.miauczel.legendary_monsters.item.custom.DinosaurBoneHelmet to FORGE
[27May2025 18:40:24.817] [modloading-worker-0/DEBUG] [net.minecraftforge.fml.javafmlmod.AutomaticEventSubscriber/LOADING]: Auto-subscribing net.miauczel.legendary_monsters.item.custom.CustomItemEvents.WitheredScytheDropGoldEventHandler to FORGE
[27May2025 18:40:24.817] [modloading-worker-0/DEBUG] [net.minecraftforge.fml.javafmlmod.AutomaticEventSubscriber/LOADING]: Auto-subscribing net.mcreator.mofusbetterend.init.MofusBetterEndModEntities to MOD
[27May2025 18:40:24.818] [modloading-worker-0/DEBUG] [net.minecraftforge.fml.javafmlmod.AutomaticEventSubscriber/LOADING]: Auto-subscribing net.mcreator.mofusbetterend.init.MofusBetterEndModEndBiomes to MOD
[27May2025 18:40:24.819] [modloading-worker-0/DEBUG] [net.minecraftforge.fml.javafmlmod.AutomaticEventSubscriber/LOADING]: Auto-subscribing net.miauczel.legendary_monsters.item.custom.CustomItemEvents.WitheredScytheAttackedEvent to FORGE
[27May2025 18:40:24.819] [modloading-worker-0/DEBUG] [net.minecraftforge.fml.javafmlmod.AutomaticEventSubscriber/LOADING]: Auto-subscribing net.mcreator.mofusbetterend.init.ItemAnimationFactory to FORGE
[27May2025 18:40:24.820] [modloading-worker-0/DEBUG] [net.minecraftforge.fml.javafmlmod.AutomaticEventSubscriber/LOADING]: Auto-subscribing net.miauczel.legendary_monsters.item.custom.CustomItemEvents.WitheredRibcageHurt to FORGE
[27May2025 18:40:24.820] [modloading-worker-0/DEBUG] [net.minecraftforge.fml.javafmlmod.AutomaticEventSubscriber/LOADING]: Auto-subscribing net.mcreator.mofusbetterend.init.EntityAnimationFactory to FORGE
[27May2025 18:40:24.820] [modloading-worker-0/DEBUG] [net.minecraftforge.fml.javafmlmod.AutomaticEventSubscriber/LOADING]: Auto-subscribing net.miauczel.legendary_monsters.item.custom.CustomItemEvents.WandOfCloudsRightClickEvent to FORGE
[27May2025 18:40:24.821] [modloading-worker-0/DEBUG] [net.minecraftforge.fml.javafmlmod.AutomaticEventSubscriber/LOADING]: Auto-subscribing net.miauczel.legendary_monsters.item.custom.CustomItemEvents.WandOfCloudsRightClickEffect to FORGE
[27May2025 18:40:24.822] [modloading-worker-0/DEBUG] [net.minecraftforge.fml.javafmlmod.AutomaticEventSubscriber/LOADING]: Auto-subscribing net.mcreator.mofusbetterend.init.ArmorAnimationFactory to FORGE
[27May2025 18:40:24.822] [modloading-worker-0/DEBUG] [net.minecraftforge.fml.javafmlmod.AutomaticEventSubscriber/LOADING]: Auto-subscribing net.miauczel.legendary_monsters.item.custom.CustomItemEvents.SpikyShieldEvent to FORGE
[27May2025 18:40:24.822] [modloading-worker-0/DEBUG] [net.minecraftforge.fml.javafmlmod.AutomaticEventSubscriber/LOADING]: Auto-subscribing net.mcreator.mofusbetterend.block.listener.ClientListener to MOD
[27May2025 18:40:24.823] [modloading-worker-0/DEBUG] [net.minecraftforge.fml.javafmlmod.AutomaticEventSubscriber/LOADING]: Auto-subscribing net.miauczel.legendary_monsters.item.custom.CustomItemEvents.SoulGreatSwordEventHandler to FORGE
[27May2025 18:40:24.824] [modloading-worker-0/DEBUG] [net.minecraftforge.fml.javafmlmod.AutomaticEventSubscriber/LOADING]: Auto-subscribing net.miauczel.legendary_monsters.item.custom.CustomItemEvents.SharpSaiAttackedEvent to FORGE
[27May2025 18:40:24.827] [modloading-worker-0/DEBUG] [net.minecraftforge.fml.javafmlmod.AutomaticEventSubscriber/LOADING]: Auto-subscribing net.miauczel.legendary_monsters.item.custom.CustomItemEvents.SharpAxeAttackedEvent to FORGE
[27May2025 18:40:24.828] [modloading-worker-0/DEBUG] [net.minecraftforge.fml.javafmlmod.AutomaticEventSubscriber/LOADING]: Auto-subscribing net.miauczel.legendary_monsters.item.custom.CustomItemEvents.GoldenHalbertAttackEventHandler to FORGE
[27May2025 18:40:24.829] [modloading-worker-0/DEBUG] [net.minecraftforge.fml.javafmlmod.AutomaticEventSubscriber/LOADING]: Auto-subscribing net.miauczel.legendary_monsters.item.custom.CustomItemEvents.AxeOfLightningEventHandler to FORGE
[27May2025 18:40:24.831] [modloading-worker-0/DEBUG] [net.minecraftforge.fml.javafmlmod.AutomaticEventSubscriber/LOADING]: Auto-subscribing net.miauczel.legendary_monsters.item.custom.ChorusHelmetItem to FORGE
[27May2025 18:40:24.833] [modloading-worker-0/DEBUG] [net.minecraftforge.fml.javafmlmod.AutomaticEventSubscriber/LOADING]: Auto-subscribing net.miauczel.legendary_monsters.item.custom.BlastProofHelmet to FORGE
[27May2025 18:40:24.833] [modloading-worker-0/DEBUG] [net.minecraftforge.fml.javafmlmod.AutomaticEventSubscriber/LOADING]: Auto-subscribing net.miauczel.legendary_monsters.item.custom.AtmosphericBootsItem to FORGE
[27May2025 18:40:24.833] [modloading-worker-0/DEBUG] [net.minecraftforge.fml.javafmlmod.AutomaticEventSubscriber/LOADING]: Auto-subscribing net.miauczel.legendary_monsters.item.ShieldEventHandler to FORGE
[27May2025 18:40:24.840] [modloading-worker-0/DEBUG] [net.minecraftforge.fml.javafmlmod.AutomaticEventSubscriber/LOADING]: Auto-subscribing net.miauczel.legendary_monsters.event.WitheredAbominationAttackedEvent to FORGE
[27May2025 18:40:24.840] [modloading-worker-0/DEBUG] [net.minecraftforge.fml.javafmlmod.AutomaticEventSubscriber/LOADING]: Auto-subscribing net.miauczel.legendary_monsters.event.ModEventBusEvents to MOD
[27May2025 18:40:24.847] [modloading-worker-0/DEBUG] [net.minecraftforge.fml.javafmlmod.AutomaticEventSubscriber/LOADING]: Auto-subscribing net.miauczel.legendary_monsters.event.ModEventBusClientEvents to MOD
[27May2025 18:40:24.849] [modloading-worker-0/DEBUG] [net.minecraftforge.fml.javafmlmod.AutomaticEventSubscriber/LOADING]: Attempting to inject @EventBusSubscriber classes into the eventbus for cataclysm
[27May2025 18:40:24.849] [modloading-worker-0/DEBUG] [net.minecraftforge.fml.javafmlmod.AutomaticEventSubscriber/LOADING]: Auto-subscribing com.github.L_Ender.cataclysm.world.CMWorldRegistry to MOD
[27May2025 18:40:24.852] [modloading-worker-0/DEBUG] [net.minecraftforge.fml.javafmlmod.AutomaticEventSubscriber/LOADING]: Auto-subscribing com.github.L_Ender.cataclysm.init.ModEntities to MOD
[27May2025 18:40:24.853] [modloading-worker-0/DEBUG] [net.minecraftforge.fml.javafmlmod.AutomaticEventSubscriber/LOADING]: Auto-subscribing com.github.L_Ender.cataclysm.event.ServerEventHandler to FORGE
[27May2025 18:40:24.853] [modloading-worker-0/DEBUG] [net.minecraftforge.fml.javafmlmod.AutomaticEventSubscriber/LOADING]: Auto-subscribing com.github.L_Ender.cataclysm.CommonProxy to MOD
[27May2025 18:40:24.853] [modloading-worker-0/DEBUG] [net.minecraftforge.fml.javafmlmod.AutomaticEventSubscriber/LOADING]: Auto-subscribing com.github.L_Ender.cataclysm.Cataclysm to FORGE
[27May2025 18:40:24.857] [modloading-worker-0/DEBUG] [net.minecraftforge.fml.javafmlmod.AutomaticEventSubscriber/LOADING]: Auto-subscribing net.miauczel.legendary_monsters.event.Events to MOD
[27May2025 18:40:24.858] [modloading-worker-0/DEBUG] [net.minecraftforge.fml.javafmlmod.AutomaticEventSubscriber/LOADING]: Auto-subscribing net.miauczel.legendary_monsters.entity.custom.event.DuneSentinelDrops to FORGE
[27May2025 18:40:24.858] [modloading-worker-0/DEBUG] [net.minecraftforge.fml.javafmlmod.AutomaticEventSubscriber/LOADING]: Auto-subscribing net.miauczel.legendary_monsters.entity.custom.event.CloudGolemDrops to FORGE
[27May2025 18:40:24.859] [modloading-worker-0/DEBUG] [net.minecraftforge.fml.javafmlmod.AutomaticEventSubscriber/LOADING]: Auto-subscribing net.miauczel.legendary_monsters.entity.custom.ModArmorItem to FORGE
[27May2025 18:40:24.863] [modloading-worker-0/DEBUG] [net.minecraftforge.fml.javafmlmod.AutomaticEventSubscriber/LOADING]: Auto-subscribing net.miauczel.legendary_monsters.entity.custom.EntityTypes.MathHelper to MOD
[27May2025 18:40:24.863] [modloading-worker-0/DEBUG] [net.minecraftforge.fml.javafmlmod.AutomaticEventSubscriber/LOADING]: Auto-subscribing net.miauczel.legendary_monsters.entity.custom.EntityTypes.LockAngle to MOD
[27May2025 18:40:24.864] [modloading-worker-0/DEBUG] [net.minecraftforge.fml.javafmlmod.AutomaticEventSubscriber/LOADING]: Auto-subscribing net.miauczel.legendary_monsters.entity.ai.MossyGolemAttackGoal to FORGE
[27May2025 18:40:24.864] [modloading-worker-0/DEBUG] [net.minecraftforge.fml.javafmlmod.AutomaticEventSubscriber/LOADING]: Auto-subscribing net.miauczel.legendary_monsters.entity.ai.LivingArmorAttackGoal to FORGE
[27May2025 18:40:24.865] [modloading-worker-0/DEBUG] [net.minecraftforge.fml.javafmlmod.AutomaticEventSubscriber/LOADING]: Auto-subscribing net.miauczel.legendary_monsters.entity.ai.HauntedGuardAttackGoal to FORGE
[27May2025 18:40:24.865] [modloading-worker-0/DEBUG] [net.minecraftforge.fml.javafmlmod.AutomaticEventSubscriber/LOADING]: Auto-subscribing net.miauczel.legendary_monsters.entity.ai.FLivingArmorAttackGoal to FORGE
[27May2025 18:40:24.868] [modloading-worker-0/DEBUG] [net.minecraftforge.fml.javafmlmod.AutomaticEventSubscriber/LOADING]: Auto-subscribing net.miauczel.legendary_monsters.entity.ai.FHauntedKnightAttackGoal to FORGE
[27May2025 18:40:24.868] [modloading-worker-0/DEBUG] [net.minecraftforge.fml.javafmlmod.AutomaticEventSubscriber/LOADING]: Auto-subscribing net.miauczel.legendary_monsters.entity.ai.AncientGuardianHurtEvent to FORGE
[27May2025 18:40:24.869] [modloading-worker-0/DEBUG] [mixin/]: Mixing AttributeInstanceAccessor from attributeslib.mixins.json into net.minecraft.world.entity.ai.attributes.AttributeInstance
[27May2025 18:40:24.870] [modloading-worker-0/DEBUG] [net.minecraftforge.fml.javafmlmod.AutomaticEventSubscriber/LOADING]: Auto-subscribing net.miauczel.legendary_monsters.entity.ai.AmbusherHurtEvent to FORGE
[27May2025 18:40:24.871] [modloading-worker-0/DEBUG] [net.minecraftforge.fml.javafmlmod.AutomaticEventSubscriber/LOADING]: Auto-subscribing net.miauczel.legendary_monsters.entity.ai.AmbusherAttackGoal to FORGE
[27May2025 18:40:24.872] [modloading-worker-0/DEBUG] [net.minecraftforge.fml.javafmlmod.AutomaticEventSubscriber/LOADING]: Auto-subscribing net.miauczel.legendary_monsters.entity.OpenContainerEvent to FORGE
[27May2025 18:40:24.873] [modloading-worker-0/DEBUG] [net.minecraftforge.fml.javafmlmod.AutomaticEventSubscriber/LOADING]: Auto-subscribing net.miauczel.legendary_monsters.effect.StunJumpRemover to FORGE
[27May2025 18:40:24.874] [modloading-worker-0/DEBUG] [net.minecraftforge.fml.javafmlmod.AutomaticEventSubscriber/LOADING]: Auto-subscribing net.miauczel.legendary_monsters.datagen.DataGenerators to MOD
[27May2025 18:40:24.875] [modloading-worker-0/DEBUG] [net.minecraftforge.fml.javafmlmod.AutomaticEventSubscriber/LOADING]: Auto-subscribing net.miauczel.legendary_monsters.CommonProxy to MOD
[27May2025 18:40:24.875] [modloading-worker-0/DEBUG] [net.minecraftforge.fml.javafmlmod.AutomaticEventSubscriber/LOADING]: Attempting to inject @EventBusSubscriber classes into the eventbus for entityculling
[27May2025 18:40:24.876] [modloading-worker-0/DEBUG] [net.minecraftforge.fml.javafmlmod.AutomaticEventSubscriber/LOADING]: Attempting to inject @EventBusSubscriber classes into the eventbus for canary
[27May2025 18:40:24.899] [modloading-worker-0/DEBUG] [net.minecraftforge.fml.javafmlmod.AutomaticEventSubscriber/LOADING]: Attempting to inject @EventBusSubscriber classes into the eventbus for attributeslib
[27May2025 18:40:24.907] [modloading-worker-0/DEBUG] [net.minecraftforge.fml.config.ConfigTracker/CONFIG]: Config file tombstone-client.toml for tombstone tracking
[27May2025 18:40:24.907] [modloading-worker-0/DEBUG] [net.minecraftforge.fml.config.ConfigTracker/CONFIG]: Config file tombstone-common.toml for tombstone tracking
[27May2025 18:40:24.919] [modloading-worker-0/DEBUG] [net.minecraftforge.fml.config.ConfigTracker/CONFIG]: Config file tombstone-server.toml for tombstone tracking
[27May2025 18:40:24.921] [modloading-worker-0/DEBUG] [net.minecraftforge.fml.javafmlmod.AutomaticEventSubscriber/LOADING]: Attempting to inject @EventBusSubscriber classes into the eventbus for tombstone
[27May2025 18:40:24.921] [modloading-worker-0/DEBUG] [net.minecraftforge.fml.javafmlmod.AutomaticEventSubscriber/LOADING]: Auto-subscribing ovh.corail.tombstone.registry.Registration to MOD
[27May2025 18:40:24.922] [modloading-worker-0/DEBUG] [mixin/]: Mixing world.explosions.ExplosionMixin from canary.mixins.json into net.minecraft.world.level.Explosion
[27May2025 18:40:24.937] [modloading-worker-0/DEBUG] [net.minecraftforge.fml.javafmlmod.AutomaticEventSubscriber/LOADING]: Auto-subscribing ovh.corail.tombstone.perk.PerkRegistry to MOD
[27May2025 18:40:24.938] [modloading-worker-0/DEBUG] [net.minecraftforge.fml.javafmlmod.AutomaticEventSubscriber/LOADING]: Auto-subscribing ovh.corail.tombstone.helper.LootHelper to FORGE
[27May2025 18:40:24.958] [modloading-worker-0/DEBUG] [net.minecraftforge.fml.javafmlmod.AutomaticEventSubscriber/LOADING]: Attempting to inject @EventBusSubscriber classes into the eventbus for architectury
[27May2025 18:40:24.959] [modloading-worker-0/DEBUG] [net.minecraftforge.fml.javafmlmod.AutomaticEventSubscriber/LOADING]: Auto-subscribing ovh.corail.tombstone.event.EventHandler to FORGE
[27May2025 18:40:24.959] [modloading-worker-0/DEBUG] [net.minecraftforge.fml.javafmlmod.AutomaticEventSubscriber/LOADING]: Auto-subscribing dev.architectury.registry.level.entity.trade.forge.TradeRegistryImpl to FORGE
[27May2025 18:40:24.960] [modloading-worker-0/DEBUG] [net.minecraftforge.fml.javafmlmod.AutomaticEventSubscriber/LOADING]: Auto-subscribing dev.architectury.registry.forge.ReloadListenerRegistryImpl to FORGE
[27May2025 18:40:24.961] [modloading-worker-0/DEBUG] [net.minecraftforge.fml.javafmlmod.AutomaticEventSubscriber/LOADING]: Auto-subscribing dev.architectury.networking.forge.NetworkManagerImpl to FORGE
[27May2025 18:40:24.967] [modloading-worker-0/INFO] [dev.architectury.networking.forge.NetworkManagerImpl/]: Registering C2S receiver with id architectury:sync_ids
[27May2025 18:40:24.976] [modloading-worker-0/DEBUG] [net.minecraftforge.fml.javafmlmod.AutomaticEventSubscriber/LOADING]: Attempting to inject @EventBusSubscriber classes into the eventbus for octolib
[27May2025 18:40:24.986] [modloading-worker-0/DEBUG] [net.minecraftforge.fml.javafmlmod.AutomaticEventSubscriber/LOADING]: Attempting to inject @EventBusSubscriber classes into the eventbus for nerb
[27May2025 18:40:24.986] [modloading-worker-0/DEBUG] [net.minecraftforge.fml.javafmlmod.AutomaticEventSubscriber/LOADING]: Attempting to inject @EventBusSubscriber classes into the eventbus for ferritecore
[27May2025 18:40:24.989] [modloading-worker-0/DEBUG] [net.minecraftforge.fml.javafmlmod.AutomaticEventSubscriber/LOADING]: Auto-subscribing ovh.corail.tombstone.config.ConfigTombstone$ConfigEvent to MOD
[27May2025 18:40:24.990] [modloading-worker-0/DEBUG] [net.minecraftforge.fml.javafmlmod.AutomaticEventSubscriber/LOADING]: Attempting to inject @EventBusSubscriber classes into the eventbus for embeddium_extra
[27May2025 18:40:24.991] [modloading-worker-0/DEBUG] [net.minecraftforge.fml.config.ConfigTracker/CONFIG]: Config file aiimprovements-common.toml for aiimprovements tracking
[27May2025 18:40:24.991] [modloading-worker-0/DEBUG] [net.minecraftforge.fml.javafmlmod.AutomaticEventSubscriber/LOADING]: Attempting to inject @EventBusSubscriber classes into the eventbus for aiimprovements
[27May2025 18:40:24.991] [modloading-worker-0/DEBUG] [net.minecraftforge.fml.javafmlmod.AutomaticEventSubscriber/LOADING]: Auto-subscribing com.builtbroken.ai.improvements.modifier.ModifierSystem to FORGE
[27May2025 18:40:24.993] [modloading-worker-0/INFO] [com.cupboard.Cupboard/]: Loaded config for: cupboard.json
[27May2025 18:40:24.995] [modloading-worker-0/DEBUG] [net.minecraftforge.fml.javafmlmod.AutomaticEventSubscriber/LOADING]: Attempting to inject @EventBusSubscriber classes into the eventbus for cupboard
[27May2025 18:40:24.997] [modloading-worker-0/DEBUG] [playerrevive/]: Created network playerrevive:main
[27May2025 18:40:24.998] [modloading-worker-0/DEBUG] [net.minecraftforge.fml.javafmlmod.AutomaticEventSubscriber/LOADING]: Attempting to inject @EventBusSubscriber classes into the eventbus for playerrevive
[27May2025 18:40:25.000] [modloading-worker-0/DEBUG] [mixin/]: Mixing PlayerPatchMixin from cdmoveset.mixins.json into yesman.epicfight.world.capabilities.entitypatch.player.PlayerPatch
[27May2025 18:40:24.998] [modloading-worker-0/DEBUG] [net.minecraftforge.fml.javafmlmod.AutomaticEventSubscriber/LOADING]: Auto-subscribing com.builtbroken.ai.improvements.AIImprovements to MOD
[27May2025 18:40:25.012] [modloading-worker-0/DEBUG] [mixin/]: Mixing PathPackResourcesAccessor from creativecore.mixins.json into net.minecraft.server.packs.PathPackResources
[27May2025 18:40:25.020] [modloading-worker-0/DEBUG] [net.minecraftforge.fml.config.ConfigTracker/CONFIG]: Config file epicfight-client.toml for epicfight tracking
[27May2025 18:40:25.021] [modloading-worker-0/DEBUG] [epicfight/]: Registered Extendable Enum class net.corruptdog.cdm.world.CorruptWeaponCategories in weapon_category
[27May2025 18:40:25.022] [modloading-worker-0/DEBUG] [epicfight/]: Registered Extendable Enum class net.corruptdog.cdm.world.item.YamatoStyle in style
[27May2025 18:40:25.028] [modloading-worker-0/DEBUG] [epicfight/]: Registered Extendable Enum class yesman.epicfight.api.animation.LivingMotions in living_motion
[27May2025 18:40:25.029] [modloading-worker-0/DEBUG] [epicfight/]: Registered Extendable Enum class yesman.epicfight.skill.SkillCategories in skill_category
[27May2025 18:40:25.029] [modloading-worker-0/DEBUG] [epicfight/]: Registered Extendable Enum class yesman.epicfight.skill.SkillSlots in skill_slot
[27May2025 18:40:25.030] [modloading-worker-0/DEBUG] [epicfight/]: Registered Extendable Enum class yesman.epicfight.world.capabilities.item.CapabilityItem$Styles in style
[27May2025 18:40:25.030] [modloading-worker-0/DEBUG] [epicfight/]: Registered Extendable Enum class yesman.epicfight.world.capabilities.item.CapabilityItem$WeaponCategories in weapon_category
[27May2025 18:40:25.049] [modloading-worker-0/DEBUG] [net.minecraftforge.fml.config.ConfigTracker/CONFIG]: Config file irons_spellbooks-client.toml for irons_spellbooks tracking
[27May2025 18:40:25.070] [modloading-worker-0/INFO] [epicfight/]: Loaded mod compat: GeckolibCompat
[27May2025 18:40:25.071] [modloading-worker-0/DEBUG] [net.minecraftforge.fml.javafmlmod.AutomaticEventSubscriber/LOADING]: Attempting to inject @EventBusSubscriber classes into the eventbus for epicfight
[27May2025 18:40:25.071] [modloading-worker-0/DEBUG] [net.minecraftforge.fml.javafmlmod.AutomaticEventSubscriber/LOADING]: Auto-subscribing yesman.epicfight.world.entity.ai.attribute.EpicFightAttributes to MOD
[27May2025 18:40:25.072] [modloading-worker-0/DEBUG] [net.minecraftforge.fml.javafmlmod.AutomaticEventSubscriber/LOADING]: Auto-subscribing yesman.epicfight.main.EpicFightMod$ServerModEvents to MOD
[27May2025 18:40:25.073] [modloading-worker-0/DEBUG] [net.minecraftforge.fml.javafmlmod.AutomaticEventSubscriber/LOADING]: Auto-subscribing yesman.epicfight.main.EpicFightMod$ServerForgeEvents to FORGE
[27May2025 18:40:25.073] [modloading-worker-0/DEBUG] [net.minecraftforge.fml.config.ConfigTracker/CONFIG]: Config file cdmoveset-common.toml for cdmoveset tracking
[27May2025 18:40:25.074] [modloading-worker-0/DEBUG] [net.minecraftforge.fml.ModLoadingContext/]: Attempted to register an empty config for type CLIENT on mod cdmoveset
[27May2025 18:40:25.074] [modloading-worker-0/DEBUG] [net.minecraftforge.fml.javafmlmod.AutomaticEventSubscriber/LOADING]: Auto-subscribing yesman.epicfight.gameasset.EpicFightSkills to MOD
[27May2025 18:40:25.081] [modloading-worker-0/DEBUG] [net.minecraftforge.fml.javafmlmod.AutomaticEventSubscriber/LOADING]: Attempting to inject @EventBusSubscriber classes into the eventbus for cdmoveset
[27May2025 18:40:25.081] [modloading-worker-0/DEBUG] [net.minecraftforge.fml.javafmlmod.AutomaticEventSubscriber/LOADING]: Auto-subscribing net.corruptdog.cdm.world.mob.CorruptFightAttributes to MOD
[27May2025 18:40:25.084] [modloading-worker-0/DEBUG] [net.minecraftforge.fml.javafmlmod.AutomaticEventSubscriber/LOADING]: Auto-subscribing yesman.epicfight.gameasset.Animations to MOD
[27May2025 18:40:25.084] [modloading-worker-0/DEBUG] [net.minecraftforge.fml.javafmlmod.AutomaticEventSubscriber/LOADING]: Auto-subscribing net.corruptdog.cdm.world.item.CorruptfightModTabs to MOD
[27May2025 18:40:25.084] [modloading-worker-0/DEBUG] [net.minecraftforge.fml.javafmlmod.AutomaticEventSubscriber/LOADING]: Auto-subscribing net.corruptdog.cdm.skill.identity.Execute to FORGE
[27May2025 18:40:25.085] [modloading-worker-0/DEBUG] [net.minecraftforge.fml.javafmlmod.AutomaticEventSubscriber/LOADING]: Auto-subscribing net.corruptdog.cdm.gameasset.CDSkills to MOD
[27May2025 18:40:25.091] [modloading-worker-0/DEBUG] [net.minecraftforge.fml.javafmlmod.AutomaticEventSubscriber/LOADING]: Auto-subscribing net.corruptdog.cdm.entity.init.CorruptFightMobEntity to MOD
[27May2025 18:40:25.101] [modloading-worker-0/DEBUG] [net.minecraftforge.fml.config.ConfigTracker/CONFIG]: Config file wom-client.toml for wom tracking
[27May2025 18:40:25.111] [modloading-worker-0/DEBUG] [net.minecraftforge.fml.javafmlmod.AutomaticEventSubscriber/LOADING]: Auto-subscribing yesman.epicfight.events.WorldEvents to FORGE
[27May2025 18:40:25.111] [modloading-worker-0/DEBUG] [net.minecraftforge.fml.config.ConfigTracker/CONFIG]: Config file irons_spellbooks-server.toml for irons_spellbooks tracking
[27May2025 18:40:25.112] [modloading-worker-0/DEBUG] [net.minecraftforge.fml.javafmlmod.AutomaticEventSubscriber/LOADING]: Auto-subscribing yesman.epicfight.events.PlayerEvents to FORGE
[27May2025 18:40:25.114] [modloading-worker-0/DEBUG] [net.minecraftforge.fml.javafmlmod.AutomaticEventSubscriber/LOADING]: Attempting to inject @EventBusSubscriber classes into the eventbus for irons_spellbooks
[27May2025 18:40:25.115] [modloading-worker-0/DEBUG] [net.minecraftforge.fml.javafmlmod.AutomaticEventSubscriber/LOADING]: Auto-subscribing io.redspace.ironsspellbooks.worldgen.VillageAddition to FORGE
[27May2025 18:40:25.116] [modloading-worker-0/DEBUG] [net.minecraftforge.fml.javafmlmod.AutomaticEventSubscriber/LOADING]: Auto-subscribing io.redspace.ironsspellbooks.setup.DataHandling to FORGE
[27May2025 18:40:25.117] [modloading-worker-0/DEBUG] [net.minecraftforge.fml.javafmlmod.AutomaticEventSubscriber/LOADING]: Auto-subscribing io.redspace.ironsspellbooks.setup.CommonSetup to MOD
[27May2025 18:40:25.119] [modloading-worker-0/DEBUG] [net.minecraftforge.fml.javafmlmod.AutomaticEventSubscriber/LOADING]: Auto-subscribing io.redspace.ironsspellbooks.registries.CreativeTabRegistry to MOD
[27May2025 18:40:25.119] [modloading-worker-0/DEBUG] [net.minecraftforge.fml.javafmlmod.AutomaticEventSubscriber/LOADING]: Auto-subscribing io.redspace.ironsspellbooks.registries.CommandRegistry to FORGE
[27May2025 18:40:25.120] [modloading-worker-0/DEBUG] [net.minecraftforge.fml.javafmlmod.AutomaticEventSubscriber/LOADING]: Auto-subscribing io.redspace.ironsspellbooks.player.ServerPlayerEvents to FORGE
[27May2025 18:40:25.119] [modloading-worker-0/DEBUG] [net.minecraftforge.fml.javafmlmod.AutomaticEventSubscriber/LOADING]: Auto-subscribing yesman.epicfight.events.EntityEvents to FORGE
[27May2025 18:40:25.129] [modloading-worker-0/DEBUG] [mixin/]: Mixing ai.task.launch.BrainMixin from canary.mixins.json into net.minecraft.world.entity.ai.Brain
[27May2025 18:40:25.133] [modloading-worker-0/DEBUG] [mixin/]: Mixing ai.task.memory_change_counting.BrainMixin from canary.mixins.json into net.minecraft.world.entity.ai.Brain
[27May2025 18:40:25.134] [modloading-worker-0/DEBUG] [mixin/]: Mixing collections.brain.BrainMixin from canary.mixins.json into net.minecraft.world.entity.ai.Brain
[27May2025 18:40:25.148] [modloading-worker-0/DEBUG] [mixin/]: Mixing AttributeMapMixin from attributeslib.mixins.json into net.minecraft.world.entity.ai.attributes.AttributeMap
[27May2025 18:40:25.148] [modloading-worker-0/DEBUG] [mixin/]: Renaming synthetic method lambda$setAttributesUpdating$0(Lnet/minecraft/world/entity/ai/attributes/Attribute;Lcom/mojang/datafixers/util/Pair;)V to md9c0b19$lambda$setAttributesUpdating$0$0 in attributeslib.mixins.json:AttributeMapMixin
[27May2025 18:40:25.150] [modloading-worker-0/DEBUG] [mixin/]: Mixing collections.attributes.AttributeMapMixin from canary.mixins.json into net.minecraft.world.entity.ai.attributes.AttributeMap
[27May2025 18:40:25.156] [modloading-worker-0/DEBUG] [mixin/]: Mixing CombatTrackerAccessor from playerrevive.mixins.json into net.minecraft.world.damagesource.CombatTracker
[27May2025 18:40:25.158] [modloading-worker-0/DEBUG] [net.minecraftforge.fml.javafmlmod.AutomaticEventSubscriber/LOADING]: Auto-subscribing io.redspace.ironsspellbooks.player.AdditionalWanderingTrades to FORGE
[27May2025 18:40:25.159] [modloading-worker-0/DEBUG] [net.minecraftforge.fml.javafmlmod.AutomaticEventSubscriber/LOADING]: Auto-subscribing io.redspace.ironsspellbooks.loot.LootDebugEvents to FORGE
[27May2025 18:40:25.160] [modloading-worker-0/DEBUG] [net.minecraftforge.fml.javafmlmod.AutomaticEventSubscriber/LOADING]: Auto-subscribing io.redspace.ironsspellbooks.entity.mobs.wizards.WizardAIEvents to FORGE
[27May2025 18:40:25.162] [modloading-worker-0/DEBUG] [net.minecraftforge.fml.javafmlmod.AutomaticEventSubscriber/LOADING]: Auto-subscribing io.redspace.ironsspellbooks.effect.guiding_bolt.GuidingBoltManager to FORGE
[27May2025 18:40:25.165] [modloading-worker-0/DEBUG] [net.minecraftforge.fml.javafmlmod.AutomaticEventSubscriber/LOADING]: Auto-subscribing io.redspace.ironsspellbooks.effect.ThunderstormEffect to FORGE
[27May2025 18:40:25.166] [modloading-worker-0/DEBUG] [net.minecraftforge.fml.javafmlmod.AutomaticEventSubscriber/LOADING]: Auto-subscribing io.redspace.ironsspellbooks.effect.OakskinEffect to FORGE
[27May2025 18:40:25.166] [modloading-worker-0/DEBUG] [net.minecraftforge.fml.javafmlmod.AutomaticEventSubscriber/LOADING]: Auto-subscribing io.redspace.ironsspellbooks.effect.GluttonyEffect to FORGE
[27May2025 18:40:25.168] [modloading-worker-0/DEBUG] [net.minecraftforge.fml.javafmlmod.AutomaticEventSubscriber/LOADING]: Auto-subscribing io.redspace.ironsspellbooks.effect.EchoingStrikesEffect to FORGE
[27May2025 18:40:25.169] [modloading-worker-0/DEBUG] [net.minecraftforge.fml.javafmlmod.AutomaticEventSubscriber/LOADING]: Auto-subscribing yesman.epicfight.events.CapabilityEvent to FORGE
[27May2025 18:40:25.170] [modloading-worker-0/DEBUG] [net.minecraftforge.fml.javafmlmod.AutomaticEventSubscriber/LOADING]: Auto-subscribing io.redspace.ironsspellbooks.effect.BlightEffect to FORGE
[27May2025 18:40:25.171] [modloading-worker-0/DEBUG] [net.minecraftforge.fml.javafmlmod.AutomaticEventSubscriber/LOADING]: Auto-subscribing yesman.epicfight.data.loot.EpicFightLootTables to FORGE
[27May2025 18:40:25.171] [modloading-worker-0/DEBUG] [net.minecraftforge.fml.javafmlmod.AutomaticEventSubscriber/LOADING]: Auto-subscribing io.redspace.ironsspellbooks.datagen.DataGenerators to MOD
[27May2025 18:40:25.172] [modloading-worker-0/DEBUG] [net.minecraftforge.fml.javafmlmod.AutomaticEventSubscriber/LOADING]: Auto-subscribing io.redspace.ironsspellbooks.damage.DamageSources to FORGE
[27May2025 18:40:25.174] [modloading-worker-0/DEBUG] [net.minecraftforge.fml.javafmlmod.AutomaticEventSubscriber/LOADING]: Auto-subscribing io.redspace.ironsspellbooks.api.util.CameraShakeManager to FORGE
[27May2025 18:40:25.175] [modloading-worker-0/DEBUG] [net.minecraftforge.fml.javafmlmod.AutomaticEventSubscriber/LOADING]: Auto-subscribing io.redspace.ironsspellbooks.api.registry.AttributeRegistry to MOD
[27May2025 18:40:25.178] [modloading-worker-0/DEBUG] [net.minecraftforge.fml.javafmlmod.AutomaticEventSubscriber/LOADING]: Attempting to inject @EventBusSubscriber classes into the eventbus for wom
[27May2025 18:40:25.178] [modloading-worker-0/DEBUG] [net.minecraftforge.fml.javafmlmod.AutomaticEventSubscriber/LOADING]: Auto-subscribing reascer.wom.world.loot.WOMLootDropTables to MOD
[27May2025 18:40:25.179] [modloading-worker-0/DEBUG] [net.minecraftforge.fml.javafmlmod.AutomaticEventSubscriber/LOADING]: Auto-subscribing reascer.wom.world.loot.WOMChestLootTables to FORGE
[27May2025 18:40:25.180] [modloading-worker-0/DEBUG] [net.minecraftforge.fml.javafmlmod.AutomaticEventSubscriber/LOADING]: Auto-subscribing reascer.wom.world.capabilities.item.WOMWeaponCapabilityPresets to MOD
[27May2025 18:40:25.183] [modloading-worker-0/DEBUG] [net.minecraftforge.fml.javafmlmod.AutomaticEventSubscriber/LOADING]: Auto-subscribing reascer.wom.gameasset.WOMSkills to MOD
[27May2025 18:40:25.185] [modloading-worker-0/DEBUG] [net.minecraftforge.fml.javafmlmod.AutomaticEventSubscriber/LOADING]: Auto-subscribing reascer.wom.gameasset.WOMAnimationsMore to MOD
[27May2025 18:40:25.185] [modloading-worker-0/DEBUG] [net.minecraftforge.fml.javafmlmod.AutomaticEventSubscriber/LOADING]: Auto-subscribing reascer.wom.gameasset.WOMAnimations to MOD
[27May2025 18:40:25.186] [modloading-worker-0/DEBUG] [net.minecraftforge.fml.javafmlmod.AutomaticEventSubscriber/LOADING]: Auto-subscribing reascer.wom.events.WOMLivingEntityEvents to FORGE
[27May2025 18:40:25.191] [modloading-worker-0/DEBUG] [net.minecraftforge.fml.javafmlmod.AutomaticEventSubscriber/LOADING]: Auto-subscribing reascer.wom.events.WOMArmatures to MOD
[27May2025 18:40:25.193] [modloading-worker-0/DEBUG] [net.minecraftforge.fml.javafmlmod.AutomaticEventSubscriber/LOADING]: Auto-subscribing reascer.wom.events.ModBusEvents to MOD
[27May2025 18:40:25.229] [modloading-worker-0/DEBUG] [net.minecraftforge.fml.javafmlmod.AutomaticEventSubscriber/LOADING]: Attempting to inject @EventBusSubscriber classes into the eventbus for traveloptics
[27May2025 18:40:25.230] [modloading-worker-0/DEBUG] [net.minecraftforge.fml.javafmlmod.AutomaticEventSubscriber/LOADING]: Auto-subscribing com.gametechbc.traveloptics.util.IncompatibilityCheckerEvent to FORGE
[27May2025 18:40:25.231] [modloading-worker-0/DEBUG] [net.minecraftforge.fml.javafmlmod.AutomaticEventSubscriber/LOADING]: Auto-subscribing com.gametechbc.traveloptics.setup.TremorzillaRewardHandler to FORGE
[27May2025 18:40:25.231] [modloading-worker-0/DEBUG] [net.minecraftforge.fml.javafmlmod.AutomaticEventSubscriber/LOADING]: Auto-subscribing com.gametechbc.traveloptics.setup.ItemTooltipsHandler to FORGE
[27May2025 18:40:25.231] [modloading-worker-0/DEBUG] [net.minecraftforge.fml.javafmlmod.AutomaticEventSubscriber/LOADING]: Auto-subscribing com.gametechbc.traveloptics.setup.CommonSetup to MOD
[27May2025 18:40:25.233] [modloading-worker-0/DEBUG] [net.minecraftforge.fml.javafmlmod.AutomaticEventSubscriber/LOADING]: Auto-subscribing com.gametechbc.traveloptics.setup.AugmentTooltipsHandler to FORGE
[27May2025 18:40:25.233] [modloading-worker-0/DEBUG] [net.minecraftforge.fml.javafmlmod.AutomaticEventSubscriber/LOADING]: Auto-subscribing com.gametechbc.traveloptics.init.TravelopticsTabs to MOD
[27May2025 18:40:25.234] [modloading-worker-0/DEBUG] [net.minecraftforge.fml.javafmlmod.AutomaticEventSubscriber/LOADING]: Auto-subscribing com.gametechbc.traveloptics.init.TravelopticsEntities to MOD
[27May2025 18:40:25.234] [modloading-worker-0/DEBUG] [net.minecraftforge.fml.javafmlmod.AutomaticEventSubscriber/LOADING]: Auto-subscribing com.gametechbc.traveloptics.init.TravelopticsCuriosSlots to MOD
[27May2025 18:40:25.234] [modloading-worker-0/DEBUG] [net.minecraftforge.fml.javafmlmod.AutomaticEventSubscriber/LOADING]: Auto-subscribing com.gametechbc.traveloptics.events.ServerPlayerEvents to FORGE
[27May2025 18:40:25.238] [modloading-worker-0/DEBUG] [net.minecraftforge.fml.javafmlmod.AutomaticEventSubscriber/LOADING]: Auto-subscribing com.gametechbc.traveloptics.events.ServerEvents to FORGE
[27May2025 18:40:25.243] [modloading-worker-0/DEBUG] [net.minecraftforge.fml.javafmlmod.AutomaticEventSubscriber/LOADING]: Auto-subscribing com.gametechbc.traveloptics.events.AttributeProviderEvent to FORGE
[27May2025 18:40:25.244] [modloading-worker-0/DEBUG] [net.minecraftforge.fml.javafmlmod.AutomaticEventSubscriber/LOADING]: Auto-subscribing com.gametechbc.traveloptics.entity.item.mechanized_wraithblade.MechanizedWraithbladeAnimation to FORGE
[27May2025 18:40:25.245] [modloading-worker-0/DEBUG] [net.minecraftforge.fml.javafmlmod.AutomaticEventSubscriber/LOADING]: Auto-subscribing com.gametechbc.traveloptics.entity.item.infernal_devastator.InfernalDevastatorAnimation to FORGE
[27May2025 18:40:25.246] [modloading-worker-0/DEBUG] [net.minecraftforge.fml.javafmlmod.AutomaticEventSubscriber/LOADING]: Auto-subscribing com.gametechbc.traveloptics.entity.item.gauntlet_of_extinction.GauntletOfExtinctionAnimation to FORGE
[27May2025 18:40:25.247] [modloading-worker-0/DEBUG] [net.minecraftforge.fml.javafmlmod.AutomaticEventSubscriber/LOADING]: Auto-subscribing com.gametechbc.traveloptics.effects.Reversal.ReversalEffectHandler to FORGE
[27May2025 18:40:25.248] [modloading-worker-0/DEBUG] [net.minecraftforge.fml.javafmlmod.AutomaticEventSubscriber/LOADING]: Auto-subscribing com.gametechbc.traveloptics.effects.LingeringStrain.LingeringStrainHandler to FORGE
[27May2025 18:40:25.248] [modloading-worker-0/DEBUG] [net.minecraftforge.fml.javafmlmod.AutomaticEventSubscriber/LOADING]: Auto-subscribing com.gametechbc.traveloptics.effects.FrozenSight.FrozenSightHandler to FORGE
[27May2025 18:40:25.248] [modloading-worker-0/DEBUG] [net.minecraftforge.fml.javafmlmod.AutomaticEventSubscriber/LOADING]: Auto-subscribing com.gametechbc.traveloptics.effects.Casting.CastingHandler to FORGE
[27May2025 18:40:25.248] [modloading-worker-0/DEBUG] [net.minecraftforge.fml.javafmlmod.AutomaticEventSubscriber/LOADING]: Auto-subscribing com.gametechbc.traveloptics.effects.Blackout.BlackoutHandler to FORGE
[27May2025 18:40:25.248] [modloading-worker-0/DEBUG] [net.minecraftforge.fml.javafmlmod.AutomaticEventSubscriber/LOADING]: Auto-subscribing com.gametechbc.traveloptics.effects.AbyssalStrike.AttackHandler to FORGE
[27May2025 18:40:25.248] [modloading-worker-0/DEBUG] [net.minecraftforge.fml.javafmlmod.AutomaticEventSubscriber/LOADING]: Auto-subscribing com.gametechbc.traveloptics.api.init.TravelopticsAttributes to MOD
[27May2025 18:40:25.249] [modloading-worker-0/DEBUG] [net.minecraftforge.fml.javafmlmod.AutomaticEventSubscriber/LOADING]: Auto-subscribing com.gametechbc.traveloptics.CommonProxy to MOD
[27May2025 18:40:25.265] [main/DEBUG] [net.minecraftforge.fml.DeferredWorkQueue/LOADING]: Dispatching synchronous work for work queue CONSTRUCT: 6 jobs
[27May2025 18:40:25.267] [main/DEBUG] [epicfight/]: Loaded enums in class yesman.epicfight.api.animation.LivingMotions
[27May2025 18:40:25.267] [main/DEBUG] [epicfight/]: All enums are loaded: living_motion [ALL, INACTION, IDLE, CONFRONT, ANGRY, FLOAT, WALK, RUN, SWIM, FLY, SNEAK, KNEEL, FALL, SIT, MOUNT, DEATH, CHASE, SPELLCAST, JUMP, CELEBRATE, LANDING_RECOVERY, CREATIVE_FLY, CREATIVE_IDLE, DIGGING, ADMIRE, CLIMB, SLEEP, DRINK, EAT, NONE, AIM, BLOCK, BLOCK_SHIELD, RELOAD, SHOT, SPECTATE]
[27May2025 18:40:25.267] [main/DEBUG] [epicfight/]: Loaded enums in class yesman.epicfight.skill.SkillCategories
[27May2025 18:40:25.267] [main/DEBUG] [epicfight/]: All enums are loaded: skill_category [BASIC_ATTACK, AIR_ATTACK, DODGE, PASSIVE, WEAPON_PASSIVE, WEAPON_INNATE, GUARD, KNOCKDOWN_WAKEUP, MOVER, IDENTITY]
[27May2025 18:40:25.267] [main/DEBUG] [epicfight/]: Loaded enums in class yesman.epicfight.skill.SkillSlots
[27May2025 18:40:25.267] [main/DEBUG] [epicfight/]: All enums are loaded: skill_slot [BASIC_ATTACK, AIR_ATTACK, DODGE, PASSIVE1, PASSIVE2, PASSIVE3, WEAPON_PASSIVE, WEAPON_INNATE, GUARD, KNOCKDOWN_WAKEUP, MOVER, IDENTITY]
[27May2025 18:40:25.267] [main/DEBUG] [epicfight/]: Loaded enums in class net.corruptdog.cdm.world.item.YamatoStyle
[27May2025 18:40:25.268] [main/DEBUG] [epicfight/]: Loaded enums in class yesman.epicfight.world.capabilities.item.CapabilityItem$Styles
[27May2025 18:40:25.268] [main/DEBUG] [epicfight/]: All enums are loaded: style [YAMATO, COMMON, ONE_HAND, TWO_HAND, MOUNT, RANGED, SHEATH, OCHS]
[27May2025 18:40:25.268] [main/DEBUG] [epicfight/]: Loaded enums in class net.corruptdog.cdm.world.CorruptWeaponCategories
[27May2025 18:40:25.268] [main/DEBUG] [epicfight/]: Loaded enums in class yesman.epicfight.world.capabilities.item.CapabilityItem$WeaponCategories
[27May2025 18:40:25.268] [main/DEBUG] [epicfight/]: All enums are loaded: weapon_category [KATANA, S_GREATSWORD, YAMATO, S_SWORD, S_LONGSWORD, S_TACHI, S_SPEAR, GREAT_TACHI, S_DAGGER, SANJI, NOT_WEAPON, AXE, FIST, GREATSWORD, HOE, PICKAXE, SHOVEL, SWORD, UCHIGATANA, SPEAR, TACHI, TRIDENT, LONGSWORD, DAGGER, SHIELD, RANGED]
[27May2025 18:40:25.269] [main/DEBUG] [net.minecraftforge.fml.DeferredWorkQueue/LOADING]: Synchronous work queue completed in 3.110 ms
[27May2025 18:40:25.869] [main/DEBUG] [net.minecraftforge.common.capabilities.CapabilityManager/CAPABILITIES]: Attempting to automatically register: Lcom/tiviacz/travelersbackpack/capability/ITravelersBackpack;
[27May2025 18:40:25.870] [main/DEBUG] [net.minecraftforge.common.capabilities.CapabilityManager/CAPABILITIES]: Attempting to automatically register: Lnet/minecraftforge/energy/IEnergyStorage;
[27May2025 18:40:25.870] [main/DEBUG] [net.minecraftforge.common.capabilities.CapabilityManager/CAPABILITIES]: Attempting to automatically register: Lnet/minecraftforge/fluids/capability/IFluidHandler;
[27May2025 18:40:25.870] [main/DEBUG] [net.minecraftforge.common.capabilities.CapabilityManager/CAPABILITIES]: Attempting to automatically register: Lnet/minecraftforge/fluids/capability/IFluidHandlerItem;
[27May2025 18:40:25.870] [main/DEBUG] [net.minecraftforge.common.capabilities.CapabilityManager/CAPABILITIES]: Attempting to automatically register: Lnet/minecraftforge/items/IItemHandler;
[27May2025 18:40:26.305] [main/DEBUG] [net.corruptdog.cdm.gameasset.CorruptSound/]: Creating SoundEvent for: sfx.yamato_step
[27May2025 18:40:26.305] [main/DEBUG] [net.corruptdog.cdm.gameasset.CorruptSound/]: Creating SoundEvent for: yamato.yamato_in
[27May2025 18:40:26.305] [main/DEBUG] [net.corruptdog.cdm.gameasset.CorruptSound/]: Creating SoundEvent for: yamato.cut1
[27May2025 18:40:26.306] [main/DEBUG] [net.corruptdog.cdm.gameasset.CorruptSound/]: Creating SoundEvent for: yamato.cut2
[27May2025 18:40:26.306] [main/DEBUG] [net.corruptdog.cdm.gameasset.CorruptSound/]: Creating SoundEvent for: yamato.power
[27May2025 18:40:26.306] [main/DEBUG] [net.corruptdog.cdm.gameasset.CorruptSound/]: Creating SoundEvent for: sfx.foresight
[27May2025 18:40:26.306] [main/DEBUG] [net.corruptdog.cdm.gameasset.CorruptSound/]: Creating SoundEvent for: sfx.execute
[27May2025 18:40:26.306] [main/DEBUG] [net.corruptdog.cdm.gameasset.CorruptSound/]: Creating SoundEvent for: sfx.damage
[27May2025 18:40:26.306] [main/DEBUG] [net.corruptdog.cdm.gameasset.CorruptSound/]: Creating SoundEvent for: sfx.dodge
[27May2025 18:40:26.306] [main/DEBUG] [net.corruptdog.cdm.gameasset.CorruptSound/]: Creating SoundEvent for: sfx.skills
[27May2025 18:40:26.306] [main/DEBUG] [net.corruptdog.cdm.gameasset.CorruptSound/]: Creating SoundEvent for: sfx.hurt
[27May2025 18:40:26.306] [main/DEBUG] [net.corruptdog.cdm.gameasset.CorruptSound/]: Creating SoundEvent for: sfx.step
[27May2025 18:40:26.306] [main/DEBUG] [net.corruptdog.cdm.gameasset.CorruptSound/]: Creating SoundEvent for: sfx.fatalflash
[27May2025 18:40:26.306] [main/DEBUG] [net.corruptdog.cdm.gameasset.CorruptSound/]: Creating SoundEvent for: sfx.guard
[27May2025 18:40:26.306] [main/DEBUG] [net.corruptdog.cdm.gameasset.CorruptSound/]: Creating SoundEvent for: sfx.impact
[27May2025 18:40:26.306] [main/DEBUG] [net.corruptdog.cdm.gameasset.CorruptSound/]: Creating SoundEvent for: sfx.seethrough
[27May2025 18:40:26.839] [main/DEBUG] [software.bernie.geckolib.GeckoLib/]: Registered SyncedAnimatable for class com.bobmowzie.mowziesmobs.server.item.ItemEarthrendGauntlet
[27May2025 18:40:26.839] [main/DEBUG] [software.bernie.geckolib.GeckoLib/]: Registered SyncedAnimatable for class com.bobmowzie.mowziesmobs.server.item.ItemSculptorStaff
[27May2025 18:40:27.020] [main/DEBUG] [io.netty.util.internal.InternalThreadLocalMap/]: -Dio.netty.threadLocalMap.stringBuilder.initialSize: 1024
[27May2025 18:40:27.020] [main/DEBUG] [io.netty.util.internal.InternalThreadLocalMap/]: -Dio.netty.threadLocalMap.stringBuilder.maxSize: 4096
[27May2025 18:40:27.021] [main/DEBUG] [io.netty.util.internal.ThreadLocalRandom/]: -Dio.netty.initialSeedUniquifier: 0x40e1aa8c0a06d95b
[27May2025 18:40:27.795] [main/DEBUG] [mixin/]: Mixing PotionUtilsMixin from alexscaves.mixins.json into net.minecraft.world.item.alchemy.PotionUtils
[27May2025 18:40:27.795] [main/DEBUG] [mixin/]: Renaming synthetic method lambda$ac_getColor$0(Lnet/minecraft/world/effect/MobEffectInstance;)Z to md9c0b19$lambda$ac_getColor$0$0 in alexscaves.mixins.json:PotionUtilsMixin
[27May2025 18:40:27.795] [main/DEBUG] [mixin/]: Mixing PotionUtilsMixin from attributeslib.mixins.json into net.minecraft.world.item.alchemy.PotionUtils
[27May2025 18:40:27.851] [main/DEBUG] [mixin/]: Mixing perf.dynamic_dfu.DataFixersMixin from modernfix-common.mixins.json into net.minecraft.util.datafix.DataFixers
[27May2025 18:40:27.852] [main/DEBUG] [mixin/]: Renaming synthetic method lambda$createLazyFixerUpper$0(Ljava/util/Set;)Lcom/mojang/datafixers/DataFixer; to md9c0b19$lambda$createLazyFixerUpper$0$0 in modernfix-common.mixins.json:perf.dynamic_dfu.DataFixersMixin
[27May2025 18:40:27.927] [main/INFO] [ModernFix/]: Bypassed Mojang DFU
[27May2025 18:40:27.927] [main/INFO] [ModernFix/]: Instantiating Mojang DFU
[27May2025 18:40:28.462] [main/DEBUG] [placebo/]: Registered 0 recipe types.
[27May2025 18:40:28.477] [main/DEBUG] [mixin/]: Mixing accessor.ShapelessRecipeAccessor from tombstone.mixins.json into net.minecraft.world.item.crafting.ShapelessRecipe
[27May2025 18:40:28.664] [main/DEBUG] [mixin/]: Mixing MixinDodge from mixins.epicironcompat.json into yesman.epicfight.skill.dodge.DodgeSkill
[27May2025 18:40:28.667] [main/DEBUG] [mixin/]: Mixing DodgeSkillMixin from cdmoveset.mixins.json into yesman.epicfight.skill.dodge.DodgeSkill
[27May2025 18:40:28.667] [main/DEBUG] [mixin/]: Renaming synthetic method lambda$onInitiate$2(Lyesman/epicfight/world/entity/eventlistener/AnimationBeginEvent;)V to md9c0b19$lambda$onInitiate$2$0 in cdmoveset.mixins.json:DodgeSkillMixin
[27May2025 18:40:28.667] [main/DEBUG] [mixin/]: Renaming synthetic method lambda$onInitiate$1(Lyesman/epicfight/skill/SkillContainer;Lyesman/epicfight/world/entity/eventlistener/DodgeSuccessEvent;)V to md9c0b19$lambda$onInitiate$1$1 in cdmoveset.mixins.json:DodgeSkillMixin
[27May2025 18:40:28.667] [main/DEBUG] [mixin/]: Renaming synthetic method lambda$onInitiate$0(Lyesman/epicfight/skill/SkillContainer;)V to md9c0b19$lambda$onInitiate$0$2 in cdmoveset.mixins.json:DodgeSkillMixin
[27May2025 18:40:28.704] [main/DEBUG] [mixin/]: Mixing MixinGuard from mixins.epicironcompat.json into yesman.epicfight.skill.guard.GuardSkill
[27May2025 18:40:28.705] [main/DEBUG] [mixin/]: Mixing GuardMixin from cdmoveset.mixins.json into yesman.epicfight.skill.guard.GuardSkill
[27May2025 18:40:28.723] [main/DEBUG] [mixin/]: Mixing ParryingMixin from cdmoveset.mixins.json into yesman.epicfight.skill.guard.ParryingSkill
[27May2025 18:40:28.724] [main/DEBUG] [mixin/]: Renaming synthetic method lambda$Parrying$0(Lyesman/epicfight/skill/SkillContainer;Lyesman/epicfight/world/entity/eventlistener/RightClickItemEvent;)V to md9c0b19$lambda$Parrying$0$0 in cdmoveset.mixins.json:ParryingMixin
[27May2025 18:40:28.753] [main/DEBUG] [mixin/]: Mixing TechnicianSkillMixin from cdmoveset.mixins.json into yesman.epicfight.skill.passive.TechnicianSkill
[27May2025 18:40:28.753] [main/DEBUG] [mixin/]: Renaming synthetic method lambda$onInitiate$0(Lyesman/epicfight/skill/SkillContainer;Lyesman/epicfight/world/entity/eventlistener/DodgeSuccessEvent;)V to md9c0b19$lambda$onInitiate$0$0 in cdmoveset.mixins.json:TechnicianSkillMixin
[27May2025 18:40:28.828] [main/INFO] [net.corruptdog.cdm.main.CDmoveset/]: buildSkillEvent
[27May2025 18:40:28.871] [main/DEBUG] [mixin/]: Mixing ForgeHooksMixin from tombstone.mixins.json into net.minecraftforge.common.ForgeHooks
[27May2025 18:40:28.901] [main/WARN] [net.minecraft.network.syncher.SynchedEntityData/]: defineId called for: class net.minecraft.world.entity.player.Player from class yesman.epicfight.world.capabilities.entitypatch.player.PlayerPatch
[27May2025 18:40:28.932] [main/WARN] [net.minecraft.network.syncher.SynchedEntityData/]: defineId called for: class com.github.alexmodguy.alexscaves.server.entity.living.TremorzillaEntity from class com.github.alexmodguy.alexscaves.server.entity.living.LicowitchEntity
[27May2025 18:40:28.995] [main/WARN] [net.minecraft.network.syncher.SynchedEntityData/]: defineId called for: class net.minecraft.world.entity.boss.wither.WitherBoss from class yesman.epicfight.world.capabilities.entitypatch.boss.WitherPatch
[27May2025 18:40:28.995] [main/WARN] [net.minecraft.network.syncher.SynchedEntityData/]: defineId called for: class net.minecraft.world.entity.boss.wither.WitherBoss from class yesman.epicfight.world.capabilities.entitypatch.boss.WitherPatch
[27May2025 18:40:28.995] [main/WARN] [net.minecraft.network.syncher.SynchedEntityData/]: defineId called for: class net.minecraft.world.entity.boss.wither.WitherBoss from class yesman.epicfight.world.capabilities.entitypatch.boss.WitherPatch
[27May2025 18:40:28.995] [main/WARN] [net.minecraft.network.syncher.SynchedEntityData/]: defineId called for: class net.minecraft.world.entity.boss.wither.WitherBoss from class yesman.epicfight.world.capabilities.entitypatch.boss.WitherPatch
[27May2025 18:40:28.995] [main/WARN] [net.minecraft.network.syncher.SynchedEntityData/]: defineId called for: class net.minecraft.world.entity.boss.wither.WitherBoss from class yesman.epicfight.world.capabilities.entitypatch.boss.WitherPatch
[27May2025 18:40:28.996] [main/WARN] [net.minecraft.network.syncher.SynchedEntityData/]: defineId called for: class net.minecraft.world.entity.boss.wither.WitherBoss from class yesman.epicfight.world.capabilities.entitypatch.boss.WitherPatch
[27May2025 18:40:28.996] [main/WARN] [net.minecraft.network.syncher.SynchedEntityData/]: defineId called for: class net.minecraft.world.entity.boss.wither.WitherBoss from class yesman.epicfight.world.capabilities.entitypatch.boss.WitherPatch
[27May2025 18:40:28.996] [main/WARN] [net.minecraft.network.syncher.SynchedEntityData/]: defineId called for: class net.minecraft.world.entity.boss.wither.WitherBoss from class yesman.epicfight.world.capabilities.entitypatch.boss.WitherPatch
[27May2025 18:40:28.996] [main/WARN] [net.minecraft.network.syncher.SynchedEntityData/]: defineId called for: class net.minecraft.world.entity.boss.wither.WitherBoss from class yesman.epicfight.world.capabilities.entitypatch.boss.WitherPatch
[27May2025 18:40:29.221] [main/DEBUG] [net.minecraftforge.fml.config.ConfigTracker/CONFIG]: Loading configs type COMMON
[27May2025 18:40:29.222] [main/DEBUG] [net.minecraftforge.fml.config.ConfigFileTypeHandler/CONFIG]: Built TOML config for /workspaces/Minecraft/servidor_minecraft/config/efiscompat.toml
[27May2025 18:40:29.222] [main/DEBUG] [net.minecraftforge.fml.config.ConfigFileTypeHandler/CONFIG]: Loaded TOML config file /workspaces/Minecraft/servidor_minecraft/config/efiscompat.toml
[27May2025 18:40:29.224] [main/DEBUG] [net.minecraftforge.fml.config.ConfigFileTypeHandler/CONFIG]: Watching TOML config file /workspaces/Minecraft/servidor_minecraft/config/efiscompat.toml for changes
[27May2025 18:40:29.225] [main/INFO] [com.yukami.epicironcompat.config.CommonConfig/]: Config loaded! [irons_spellbooks:blood_staff, irons_spellbooks:ice_staff, irons_spellbooks:graybeard_staff, irons_spellbooks:artificer_cane, irons_spellbooks:lightning_rod, irons_spellbooks:magehunter, irons_spellbooks:keeper_flamberge, irons_spellbooks:spellbreaker, irons_spellbooks:amethyst_rapier, irons_spellbooks:hither_thither_wand]
[27May2025 18:40:29.226] [main/DEBUG] [net.minecraftforge.fml.config.ConfigFileTypeHandler/CONFIG]: Built TOML config for /workspaces/Minecraft/servidor_minecraft/config/netherexp-common.toml
[27May2025 18:40:29.227] [main/DEBUG] [net.minecraftforge.fml.config.ConfigFileTypeHandler/CONFIG]: Loaded TOML config file /workspaces/Minecraft/servidor_minecraft/config/netherexp-common.toml
[27May2025 18:40:29.228] [main/DEBUG] [net.minecraftforge.fml.config.ConfigFileTypeHandler/CONFIG]: Watching TOML config file /workspaces/Minecraft/servidor_minecraft/config/netherexp-common.toml for changes
[27May2025 18:40:29.230] [main/DEBUG] [net.minecraftforge.fml.config.ConfigFileTypeHandler/CONFIG]: Built TOML config for /workspaces/Minecraft/servidor_minecraft/config/modernfix-common.toml
[27May2025 18:40:29.230] [main/DEBUG] [net.minecraftforge.fml.config.ConfigFileTypeHandler/CONFIG]: Loaded TOML config file /workspaces/Minecraft/servidor_minecraft/config/modernfix-common.toml
[27May2025 18:40:29.230] [main/DEBUG] [net.minecraftforge.fml.config.ConfigFileTypeHandler/CONFIG]: Watching TOML config file /workspaces/Minecraft/servidor_minecraft/config/modernfix-common.toml for changes
[27May2025 18:40:29.231] [main/DEBUG] [net.minecraftforge.fml.config.ConfigFileTypeHandler/CONFIG]: Built TOML config for /workspaces/Minecraft/servidor_minecraft/config/citadel-common.toml
[27May2025 18:40:29.231] [main/DEBUG] [net.minecraftforge.fml.config.ConfigFileTypeHandler/CONFIG]: Loaded TOML config file /workspaces/Minecraft/servidor_minecraft/config/citadel-common.toml
[27May2025 18:40:29.231] [main/DEBUG] [net.minecraftforge.fml.config.ConfigFileTypeHandler/CONFIG]: Watching TOML config file /workspaces/Minecraft/servidor_minecraft/config/citadel-common.toml for changes
[27May2025 18:40:29.232] [main/DEBUG] [net.minecraftforge.fml.config.ConfigFileTypeHandler/CONFIG]: Built TOML config for /workspaces/Minecraft/servidor_minecraft/config/travelersbackpack-common.toml
[27May2025 18:40:29.232] [main/DEBUG] [net.minecraftforge.fml.config.ConfigFileTypeHandler/CONFIG]: Loaded TOML config file /workspaces/Minecraft/servidor_minecraft/config/travelersbackpack-common.toml
[27May2025 18:40:29.232] [main/DEBUG] [net.minecraftforge.fml.config.ConfigFileTypeHandler/CONFIG]: Watching TOML config file /workspaces/Minecraft/servidor_minecraft/config/travelersbackpack-common.toml for changes
[27May2025 18:40:29.233] [main/DEBUG] [net.minecraftforge.fml.config.ConfigFileTypeHandler/CONFIG]: Built TOML config for /workspaces/Minecraft/servidor_minecraft/config/mowziesmobs-common.toml
[27May2025 18:40:29.236] [main/DEBUG] [net.minecraftforge.fml.config.ConfigFileTypeHandler/CONFIG]: Loaded TOML config file /workspaces/Minecraft/servidor_minecraft/config/mowziesmobs-common.toml
[27May2025 18:40:29.236] [main/DEBUG] [net.minecraftforge.fml.config.ConfigFileTypeHandler/CONFIG]: Watching TOML config file /workspaces/Minecraft/servidor_minecraft/config/mowziesmobs-common.toml for changes
[27May2025 18:40:29.241] [main/DEBUG] [net.minecraftforge.fml.config.ConfigFileTypeHandler/CONFIG]: Built TOML config for /workspaces/Minecraft/servidor_minecraft/config/jeresources-common.toml
[27May2025 18:40:29.241] [main/DEBUG] [net.minecraftforge.fml.config.ConfigFileTypeHandler/CONFIG]: Loaded TOML config file /workspaces/Minecraft/servidor_minecraft/config/jeresources-common.toml
[27May2025 18:40:29.242] [main/DEBUG] [net.minecraftforge.fml.config.ConfigFileTypeHandler/CONFIG]: Watching TOML config file /workspaces/Minecraft/servidor_minecraft/config/jeresources-common.toml for changes
[27May2025 18:40:29.242] [main/DEBUG] [net.minecraftforge.fml.config.ConfigFileTypeHandler/CONFIG]: Built TOML config for /workspaces/Minecraft/servidor_minecraft/config/alexscaves-general.toml
[27May2025 18:40:29.243] [main/DEBUG] [net.minecraftforge.fml.config.ConfigFileTypeHandler/CONFIG]: Loaded TOML config file /workspaces/Minecraft/servidor_minecraft/config/alexscaves-general.toml
[27May2025 18:40:29.243] [main/DEBUG] [net.minecraftforge.fml.config.ConfigFileTypeHandler/CONFIG]: Watching TOML config file /workspaces/Minecraft/servidor_minecraft/config/alexscaves-general.toml for changes
[27May2025 18:40:29.258] [main/DEBUG] [net.minecraftforge.fml.config.ConfigFileTypeHandler/CONFIG]: Built TOML config for /workspaces/Minecraft/servidor_minecraft/config/esm-config.toml
[27May2025 18:40:29.259] [main/DEBUG] [net.minecraftforge.fml.config.ConfigFileTypeHandler/CONFIG]: Loaded TOML config file /workspaces/Minecraft/servidor_minecraft/config/esm-config.toml
[27May2025 18:40:29.259] [main/DEBUG] [net.minecraftforge.fml.config.ConfigFileTypeHandler/CONFIG]: Watching TOML config file /workspaces/Minecraft/servidor_minecraft/config/esm-config.toml for changes
[27May2025 18:40:29.260] [main/DEBUG] [net.minecraftforge.fml.config.ConfigFileTypeHandler/CONFIG]: Built TOML config for /workspaces/Minecraft/servidor_minecraft/config/eeeabsmobs-common.toml
[27May2025 18:40:29.261] [main/DEBUG] [net.minecraftforge.fml.config.ConfigFileTypeHandler/CONFIG]: Loaded TOML config file /workspaces/Minecraft/servidor_minecraft/config/eeeabsmobs-common.toml
[27May2025 18:40:29.261] [main/DEBUG] [net.minecraftforge.fml.config.ConfigFileTypeHandler/CONFIG]: Watching TOML config file /workspaces/Minecraft/servidor_minecraft/config/eeeabsmobs-common.toml for changes
[27May2025 18:40:29.263] [main/DEBUG] [net.minecraftforge.fml.config.ConfigFileTypeHandler/CONFIG]: Built TOML config for /workspaces/Minecraft/servidor_minecraft/config/cataclysm.toml
[27May2025 18:40:29.264] [main/DEBUG] [net.minecraftforge.fml.config.ConfigFileTypeHandler/CONFIG]: Loaded TOML config file /workspaces/Minecraft/servidor_minecraft/config/cataclysm.toml
[27May2025 18:40:29.264] [main/DEBUG] [net.minecraftforge.fml.config.ConfigFileTypeHandler/CONFIG]: Watching TOML config file /workspaces/Minecraft/servidor_minecraft/config/cataclysm.toml for changes
[27May2025 18:40:29.274] [main/DEBUG] [net.minecraftforge.fml.config.ConfigFileTypeHandler/CONFIG]: Built TOML config for /workspaces/Minecraft/servidor_minecraft/config/curios-common.toml
[27May2025 18:40:29.274] [main/DEBUG] [net.minecraftforge.fml.config.ConfigFileTypeHandler/CONFIG]: Loaded TOML config file /workspaces/Minecraft/servidor_minecraft/config/curios-common.toml
[27May2025 18:40:29.275] [main/DEBUG] [net.minecraftforge.fml.config.ConfigFileTypeHandler/CONFIG]: Watching TOML config file /workspaces/Minecraft/servidor_minecraft/config/curios-common.toml for changes
[27May2025 18:40:29.275] [main/DEBUG] [net.minecraftforge.fml.config.ConfigFileTypeHandler/CONFIG]: Built TOML config for /workspaces/Minecraft/servidor_minecraft/config/legendary_monsters-common.toml
[27May2025 18:40:29.276] [main/DEBUG] [net.minecraftforge.fml.config.ConfigFileTypeHandler/CONFIG]: Loaded TOML config file /workspaces/Minecraft/servidor_minecraft/config/legendary_monsters-common.toml
[27May2025 18:40:29.276] [main/DEBUG] [net.minecraftforge.fml.config.ConfigFileTypeHandler/CONFIG]: Watching TOML config file /workspaces/Minecraft/servidor_minecraft/config/legendary_monsters-common.toml for changes
[27May2025 18:40:29.277] [main/DEBUG] [net.minecraftforge.fml.config.ConfigFileTypeHandler/CONFIG]: Built TOML config for /workspaces/Minecraft/servidor_minecraft/config/tombstone-common.toml
[27May2025 18:40:29.278] [main/DEBUG] [net.minecraftforge.fml.config.ConfigFileTypeHandler/CONFIG]: Loaded TOML config file /workspaces/Minecraft/servidor_minecraft/config/tombstone-common.toml
[27May2025 18:40:29.278] [main/DEBUG] [net.minecraftforge.fml.config.ConfigFileTypeHandler/CONFIG]: Watching TOML config file /workspaces/Minecraft/servidor_minecraft/config/tombstone-common.toml for changes
[27May2025 18:40:29.279] [main/DEBUG] [net.minecraftforge.fml.config.ConfigFileTypeHandler/CONFIG]: Built TOML config for /workspaces/Minecraft/servidor_minecraft/config/aiimprovements-common.toml
[27May2025 18:40:29.280] [main/DEBUG] [net.minecraftforge.fml.config.ConfigFileTypeHandler/CONFIG]: Loaded TOML config file /workspaces/Minecraft/servidor_minecraft/config/aiimprovements-common.toml
[27May2025 18:40:29.280] [main/DEBUG] [net.minecraftforge.fml.config.ConfigFileTypeHandler/CONFIG]: Watching TOML config file /workspaces/Minecraft/servidor_minecraft/config/aiimprovements-common.toml for changes
[27May2025 18:40:29.281] [main/DEBUG] [net.minecraftforge.fml.config.ConfigFileTypeHandler/CONFIG]: Built TOML config for /workspaces/Minecraft/servidor_minecraft/config/cdmoveset-common.toml
[27May2025 18:40:29.281] [main/DEBUG] [net.minecraftforge.fml.config.ConfigFileTypeHandler/CONFIG]: Loaded TOML config file /workspaces/Minecraft/servidor_minecraft/config/cdmoveset-common.toml
[27May2025 18:40:29.281] [main/DEBUG] [net.minecraftforge.fml.config.ConfigFileTypeHandler/CONFIG]: Watching TOML config file /workspaces/Minecraft/servidor_minecraft/config/cdmoveset-common.toml for changes
[27May2025 18:40:29.472] [modloading-worker-0/DEBUG] [ModernFix/]: Cleared 7289 object holder stacktrace references
[27May2025 18:40:29.487] [Forge Version Check/INFO] [net.minecraftforge.fml.VersionChecker/]: [journeymap] Starting version check at https://forge.curseupdate.com/32274/journeymap
[27May2025 18:40:29.566] [modloading-worker-0/DEBUG] [mixin/]: Mixing MixinSlotAttribute from curios.mixins.json into top.theillusivec4.curios.api.SlotAttribute
[27May2025 18:40:29.568] [modloading-worker-0/DEBUG] [mixin/]: Mixing MixinCuriosApi from curios.mixins.json into top.theillusivec4.curios.api.CuriosApi
[27May2025 18:40:29.619] [modloading-worker-0/DEBUG] [mixin/]: Mixing MixinCancelAnimation from mixins.epicironcompat.json into io.redspace.ironsspellbooks.network.ServerboundCancelCast
[27May2025 18:40:29.805] [Forge Version Check/DEBUG] [net.minecraftforge.fml.VersionChecker/]: [journeymap] Received version check data:
{"promos":{"1.12.2-latest":"1.12.2-5.7.1p3","1.12.2-recommended":"1.12.2-5.7.1p3","1.16.5-latest":"5.8.6","1.16.5-recommended":"5.8.6","1.18.2-latest":"5.9.8","1.18.2-recommended":"5.9.8","1.19-latest":"5.8.5","1.19-recommended":"5.8.5","1.19.1-latest":"5.9.0beta2","1.19.2-latest":"5.9.8","1.19.2-recommended":"5.9.8","1.19.3-latest":"5.9.7","1.19.3-recommended":"5.9.7","1.19.4-latest":"5.9.8","1.19.4-recommended":"5.9.8","1.20-latest":"5.9.8","1.20-recommended":"5.9.8","1.20.1-latest":"5.10.3","1.20.1-recommended":"5.10.3","1.20.2-latest":"5.9.21","1.20.2-recommended":"5.9.21","1.20.3-latest":"5.9.18","1.20.3-recommended":"5.9.18","1.20.4-latest":"5.10.0","1.20.4-recommended":"5.10.0","1.20.6-latest":"5.10.0","1.20.6-recommended":"5.10.0","1.21-latest":"1.21-6.0.0-beta.27","1.21.1-latest":"1.21.1-6.0.0-beta.45","1.21.4-latest":"1.21.4-6.0.0-beta.45","1.21.5-latest":"1.21.5-6.0.0-beta.45","1.7.10-latest":"5.2.9","1.7.10-recommended":"5.2.9"},"homepage":"https://www.curseforge.com/minecraft/mc-mods/journeymap"}
[27May2025 18:40:29.806] [Forge Version Check/INFO] [net.minecraftforge.fml.VersionChecker/]: [journeymap] Found status: OUTDATED Current: 5.10.1 Target: 5.10.3
[27May2025 18:40:29.807] [Forge Version Check/INFO] [net.minecraftforge.fml.VersionChecker/]: [travelersbackpack] Starting version check at https://gist.githubusercontent.com/Tiviacz1337/906937677aa472285dff9d6c2a189d5e/raw
[27May2025 18:40:29.840] [main/DEBUG] [net.minecraftforge.fml.DeferredWorkQueue/LOADING]: Dispatching synchronous work for work queue COMMON_SETUP: 51 jobs
[27May2025 18:40:29.848] [main/INFO] [journeymap/]: Initializing Packet Registries
[27May2025 18:40:29.857] [Forge Version Check/DEBUG] [net.minecraftforge.fml.VersionChecker/]: [travelersbackpack] Received version check data:
{ 
        "homepage": "https://www.curseforge.com/minecraft/mc-mods/travelers-backpack", 
        "promos": {
		"1.20.4-recommended": "9.4.2",
		"1.20.4-latest": "9.4.2",
		"1.20.2-recommended": "9.2.4",
		"1.20.2-latest": "9.2.4",
		"1.20.1-recommended": "9.1.16",
		"1.20.1-latest": "9.1.16",
		"1.20-recommended": "9.0.2",
		"1.20-latest": "9.0.2",
		"1.19.4-recommended": "8.4.20",
		"1.19.4-latest": "8.4.20",
		"1.19.3-recommended": "8.3.9",
		"1.19.3-latest": "8.3.9",
		"1.19.2-recommended": "8.2.40",
		"1.19.2-latest": "8.2.40",
		"1.19.1-recommended": "8.1.1",
		"1.19.1-latest": "8.1.1",
		"1.19-recommended": "8.0.8",
		"1.19-latest": "8.0.8",
		"1.18.2-recommended": "7.1.48",
		"1.18.2-latest": "7.1.48",
		"1.18.1-recommended": "7.0.4",
		"1.18.1-latest": "7.0.5",
		"1.17.1-recommended": "6.0.52",
		"1.17.1-latest": "6.0.52",
		"1.16.5-recommended": "5.4.51",
		"1.16.5-latest": "5.4.51",
		"1.16.4-recommended": "5.3.8",
		"1.16.4-latest": "5.3.8",
		"1.16.3-recommended": "5.2.1",
		"1.16.3-latest": "5.2.1",
		"1.16.2-recommended": "5.1.1",
		"1.16.2-latest": "5.1.1",
		"1.16.1-recommended": "5.0.1",
		"1.16.1-latest": "5.0.1",
		"1.15.2-recommended": "4.0.8",
		"1.15.2-latest": "4.0.8",
		"1.14.4-recommended": "3.0.8",
		"1.14.4-latest": "3.0.8",
                "1.12.2-recommended": "1.0.34",
		"1.12.2-latest": "1.0.34"
        }, 
        "1.12.2": {
			"0.0.3a": "Added sleeping bag",
			"0.0.4a": "Added ability to wear backpack on player's back!",
			"0.0.5a": "Implemented swapping between tools!",
			"0.0.6a": "Added missing recipe for sleeping bag",
			"0.0.7a": "Fixes for server",
			"0.0.8a": "Added backpack renderer on player's back!",
			"0.0.9a": "Added tools render on backpack",
			"0.1.0a": "Fixed tile entity data loading",
			"0.1.1a": "Added hose, bug fixes",
			"0.1.2a": "Fixed server crash",
			"0.1.3a": "Added more backpack types!",
			"0.1.4a": "Added fluid render to block and wearable model",
			"0.1.5a": "Fixed some bugs and added more custom backpacks",
			"0.1.6a": "Added potions as fluids!",
			"0.1.7a": "Fixed rendering-thing on server",
			"0.1.8a": "Fixed some minor issues",
			"1.0.19.19": "First beta release",
			"1.0.20.20": "Mainly bug fixes",
			"1.0.21.21": "Bug fixes",
			"1.0.22.22": "Added backpack abilities",
			"1.0.23.23": "Bug fixes",
			"1.0.24.24": "Bug fixes",
			"1.0.25.25": "Bug fixes",
			"1.0.26.26": "Fixed NPE",
			"1.0.27": "Capability code clean-up, bug fix",
			"1.0.28": "Mod ID change, see note in 1.0.28 on the site",
			"1.0.29": "Mod ID change, see note in 1.0.29 on the site",
			"1.0.30": "Bug fixes, standard backpack texture improvements",
			"1.0.31": "Fixed bug that causes buckets to dissapear",
			"1.0.32": "Added in-game warning about modid change and method to keep backpacks after updating to newer version",
			"1.0.33": "Fixed backpack dissapear in explosions",
			"1.0.34": "Mainly bug fixes",
			"1.0.35": "Misc bug fixes"
        },
	"1.14.4":  { 
			"3.0.7": "Initial port",
			"3.0.8": "Compatibility for modded tools"
	},
	"1.15.2":  {
      			"4.0.0": "Initial port",
			"4.0.1": "FPS bug fix",
			"4.0.2": "Fixed unwanted backpack placement after death",
			"4.0.3": "Fixed NPE while using sleeping bag",
			"4.0.4": "Fixed crash, updated few textures",
			"4.0.5": "Bug fixes",
			"4.0.6": "Fixed backpack dissapear in explosions",
			"4.0.7": "Keybind for tool cycle",
			"4.0.8": "Compatibility for modded tools"
	},
	"1.16.1":  { 
			"5.0.0": "Initial port",
			"5.0.1": "Fixed backpack not saving contents, compatibility for modded tools"
	},
	"1.16.2":  { 
			"5.1.0": "Initial port",
			"5.1.1": "Fixed server crashes, backpack not saving contents, compatibility for modded tools"
	},
	"1.16.3":  { 
			"5.2.1": "Initial port"
	},
	"1.16.4":  { 
			"5.3.1": "Initial port",
			"5.3.2": "Bug fixes, game-breaking change",
			"5.3.3": "A lot of bug fixes",
			"5.3.4": "Dupe bug fix",
			"5.3.5": "Curios integration",
			"5.3.6": "Crafting grid dupe bug fix",
			"5.3.7": "Crash fix, curiosIntegration option migration",
			"5.3.8": "Fixed item saving bug"
	},
	"1.16.5":  { 
			"5.3.8": "Fixed item saving bug",
			"5.4.0": "Few new custom backpacks",
			"5.4.1": "Fixed villager trades",
			"5.4.2": "Fixed crash with turkish language and small tweaks",
			"5.4.3": "Fixed dupe bug",
			"5.4.4": "JEI dupe bug fix and more",
			"5.4.5": "Dyeable backpacks update! :>",
			"5.4.6": "More backpacks and bug fixes",
			"5.4.7": "Exploit and bug fixes",
			"5.4.8": "Fixed spawn point setting",
			"5.4.9": "20 new backpacks",
			"5.4.10": "Added backpack abilties",
			"5.4.11": "Code cleanup",
			"5.4.12": "Fixed crash",
			"5.4.13": "Added sorting buttons",
			"5.4.14": "Fixed LAN crash",
			"5.4.15": "Fixed few bugs",
			"5.4.16": "Fixed crash",
			"5.4.17": "Fixed bugs",
			"5.4.18": "Fixed crash",
			"5.4.19": "Fixed curio dupe bug",
			"5.4.20": "Added 9 new abilities",
			"5.4.21": "Added too many backpacks slowness effect",
			"5.4.22": "Fixed abilities",
			"5.4.23": "Added colorable sleeping bags",
			"5.4.24": "Bug fixes",
			"5.4.25": "Added slot memory",
			"5.4.26": "Added dedicated settings menu",
			"5.4.28": "Added milk and milk effect",
			"5.4.29": "Mobs can spawn with backpack equipped",
			"5.4.31": "Added /restore command",
			"5.4.32": "Added void protection config option",
			"5.4.33": "Fixed bad coded coordinates",
			"5.4.35": "Tweaked config and commands",
			"5.4.36": "Added backpack tiers",
			"5.4.37": "Changed tier upgrades recipes",
			"5.4.38": "Added enableTierUpgrades config option",
			"5.4.39": "Added Crafting widget",
			"5.4.40": "Fixed dupe bug",
			"5.4.41": "Backpack can be placed in fluids after death",
			"5.4.42": "Added compat with gravestone mods",
			"5.4.43": "Tweaked some recipes",
			"5.4.44": "Misc",
			"5.4.45": "Misc",
			"5.4.46": "Misc",
			"5.4.47": "Added tool slots widget",
			"5.4.48": "Fixed few bugs",
			"5.4.49": "Shift + Right Click with Empty Hand allows to place backpack on the ground",
			"5.4.50": "Sleeping bag can be used without backpack",
			"5.4.51": "Added loot to chests and fixed bugs"
	},
	"1.17.1":  { 
			"6.0.0": "Initial Release",
			"6.0.1": "Fixed datapack issue",
			"6.0.2": "Fixed crash with newest Forge",
			"6.0.3": "Fixed backpack disappearing on death",
			"6.0.4": "JEI integration and more",
			"6.0.5": "Dyeable backpacks update! :>",
			"6.0.6": "More backpacks and bug fixes",
			"6.0.7": "Fixed significant FPS drop",
			"6.0.8": "Fixed dupe bug",
			"6.0.9": "Fixed spawn point setting",
			"6.0.10": "20 new backpacks",
			"6.0.11": "Added backpack abilties",
			"6.0.12": "Code cleanup",
			"6.0.13": "Fixed crash",
			"6.0.14": "Added sorting buttons",
			"6.0.15": "Fixed LAN crash",
			"6.0.16": "Fixed few bugs",
			"6.0.17": "Fixed crash",
			"6.0.18": "Fixed bugs",
			"6.0.19": "Fixed crash",
			"6.0.20": "Fixed curio dupe bug",
			"6.0.21": "Added 9 new abilities",
			"6.0.22": "Added too many backpacks slowness effect",
			"6.0.23": "Fixed abilities",
			"6.0.24": "Added colorable sleeping bags",
			"6.0.25": "Bug fixes",
			"6.0.26": "Added slot memory",
			"6.0.27": "Added dedicated settings menu",
			"6.0.29": "Added milk and milk effect",
			"6.0.30": "Mobs can spawn with backpack equipped",
			"6.0.32": "Added /restore command",
			"6.0.33": "Added void protection config option",
			"6.0.34": "Fixed bad coded coordinates",
			"6.0.36": "Tweaked config and commands",
			"6.0.37": "Added backpack Tiers",
			"6.0.38": "Changed tier upgrades recipes",
			"6.0.39": "Added enableTierUpgrades config option",
			"6.0.40": "Added Crafting widget",
			"6.0.41": "Fixed dupe bug",
			"6.0.42": "Backpack can be placed in fluids after death",
			"6.0.43": "Added compat with gravestone mods",
			"6.0.44": "Added inventory tooltip in preview",
			"6.0.45": "Misc",
			"6.0.46": "Misc",
			"6.0.47": "Misc",
			"6.0.48": "Added tool slots widget",
			"6.0.49": "Fixed few bugs",
			"6.0.50": "Shift + Right Click with Empty Hand allows to place backpack on the ground",
			"6.0.51": "Sleeping bag can be used without backpack",
			"6.0.52": "Added loot to chests and fixed bugs"
	},
	"1.18.1":  { 
			"7.0.0": "Initial Release",
			"7.0.1": "Backpack lose items bug fix",
			"7.0.2": "New backpacks",
			"7.0.3": "Fixed dupe bug",
			"7.0.4": "Fixed spawn point setting"
	},
	"1.18.2":  { 
			"7.1.0": "Initial Release",
			"7.1.1": "Fixed spawn point setting",
			"7.1.2": "20 new backpacks",
			"7.1.3": "Added backpack abilties",
			"7.1.4": "Code cleanup",
			"7.1.5": "Fixed bug with duplicating buckets",
			"7.1.6": "Fixed crash",
			"7.1.7": "Added sorting buttons",
			"7.1.8": "Fixed LAN crash",
			"7.1.9": "Fixed few bugs",
			"7.1.10": "Fixed crash",
			"7.1.11": "Fixed bugs",
			"7.1.12": "Fixed crash",
			"7.1.13": "Fixed curio dupe bug",
			"7.1.14": "Added 9 new abilities",
			"7.1.15": "Added too many backpacks slowness effect",
			"7.1.16": "Fixed abilities",
			"7.1.17": "Added colorable sleeping bags",
			"7.1.18": "Bug fixes",
			"7.1.20": "Added slot memory",
			"7.1.21": "Added dedicated settings menu",
			"7.1.23": "Added milk and milk effect",
			"7.1.24": "Mobs can spawn with backpack equipped",
			"7.1.26": "Added /restore command",
			"7.1.27": "Added void protection config option",
			"7.1.28": "Fixed bad coded coordinates",
			"7.1.30": "Tweaked config and commands",
			"7.1.31": "Added backpack Tiers",
			"7.1.32": "Changed tier upgrades recipes",
			"7.1.33": "Added enableTierUpgrades config option",
			"7.1.34": "Added Crafting widget",
			"7.1.35": "Fixed dupe bug",
			"7.1.36": "Backpack can be placed in fluids after death",
			"7.1.37": "Added compat with gravestone mods",
			"7.1.38": "Added inventory preview in tooltip",
			"7.1.39": "Misc",
			"7.1.40": "Misc",
			"7.1.41": "Misc",
			"7.1.42": "Added tool slots widget",
			"7.1.43": "Fixed few bugs",
			"7.1.44": "Shift + Right Click with Empty Hand allows to place backpack on the ground",
			"7.1.45": "Sleeping bag can be used without backpack",
			"7.1.46": "Added loot to chests and fixed bugs",
			"7.1.47": "Configuration for backpack slots",
			"7.1.48": "Added recipes to recipe book"
			
	},
	"1.19":  { 
			"8.0.0": "Initial Release",
			"8.0.1": "Fixed crashes",
			"8.0.2": "20 new backpacks",
			"8.0.3": "Added backpack abilties",
			"8.0.4": "Updated Forge",
			"8.0.5": "Fixed few bugs",
			"8.0.6": "Code cleanup",
			"8.0.7": "Fixed crash",
			"8.0.8": "Added sorting buttons"
	},
	"1.19.1":  { 
			"8.1.0": "Initial Release",
			"8.1.1": "Fixed LAN crash"
	},
	"1.19.2":  { 
			"8.2.0": "Initial Release",
			"8.2.1": "Fixed few bugs",
			"8.2.2": "Fixed crash",
			"8.2.3": "Fixed bugs",
			"8.2.4": "Fixed crash",
			"8.2.5": "Fixed curio dupe bug",
			"8.2.6": "Added 9 new abilities",
			"8.2.7": "Added too many backpacks slowness effect",
			"8.2.8": "Fixed abilities",
			"8.2.9": "Added colorable sleeping bags",
			"8.2.10": "Bug fixes",
			"8.2.11": "Added slot memory",
			"8.2.12": "Added dedicated settings menu",
			"8.2.14": "Added milk and milk effect",
			"8.2.15": "Mobs can spawn with backpack equipped",
			"8.2.17": "Added /restore command",
			"8.2.18": "Added void protection config option",
			"8.2.19": "Fixed bad coded coordinates",
			"8.2.21": "Tweaked config and commands",
			"8.2.22": "Added backpack tiers",
			"8.2.23": "Changed tier upgrades recipes",
			"8.2.24": "Missing texture hotfix",
			"8.2.25": "Added enableTierUpgrades config option",
			"8.2.26": "Added Crafting widget",
			"8.2.27": "Fixed dupe bug",
			"8.2.28": "Backpack can be placed in fluids after death",
			"8.2.29": "Added compat with gravestone mods",
			"8.2.30": "Added inventory preview in tooltip",
			"8.2.31": "Misc",
			"8.2.32": "Misc",
			"8.2.33": "Misc",
			"8.2.34": "Added tool slots widget",
			"8.2.35": "Fixed few bugs",
			"8.2.36": "Shift + Right Click with Empty Hand allows to place backpack on the ground",
			"8.2.37": "Sleeping bag can be used without backpack",
			"8.2.38": "Added loot to chests and fixed bugs",
			"8.2.39": "Configuration for backpack slots",
			"8.2.40": "Added recipes to recipe book"
	},
	"1.19.3":  { 
			"8.3.0": "Initial Release",
			"8.3.2": "Added milk and milk effect",
			"8.3.3": "Mobs can spawn with backpack equipped",
			"8.3.5": "Added /restore command",
			"8.2.6": "Added void protection config option",
			"8.2.7": "Fixed bad coded coordinates",
			"8.2.9": "Tweaked config and commands"
	},
	"1.19.4":  { 
			"8.4.2": "Tweaked config and commands",
			"8.4.3": "Added backpack tiers",
			"8.4.4": "Changed tier upgrades recipes",
			"8.4.5": "Added enableTierUpgrades config option",
			"8.4.6": "Added support for new smithing table",
			"8.4.7": "Added support for new smithing table",
			"8.4.8": "Added Crafting widget",
			"8.4.9": "Fixed dupe bug",
			"8.4.10": "Backpack can be placed in fluids after death",
			"8.4.11": "Added compat with gravestone mods",
			"8.4.12": "Added inventory preview in tooltip",
			"8.4.13": "Misc",
			"8.4.14": "Misc",
			"8.4.15": "Misc",
			"8.4.16": "Added tool slots widget",
			"8.4.17": "Fixed few bugs",
			"8.4.18": "Shift + Right Click with Empty Hand allows to place backpack on the ground",
			"8.4.19": "Sleeping bag can be used without backpack",
			"8.4.20": "Added loot to chests and fixed bugs"
	},
	"1.20":  { 
			"9.0.0": "Initial update",
			"9.0.1": "Fixed disappearing backpack on contact with water",
			"9.0.2": "Fixed smithing bug and restored Curios compat"
	},
	"1.20.1":  { 
			"9.1.0": "Initial update",
			"9.1.1": "Initial update",
			"9.1.2": "Fixed dupe bug",
			"9.1.3": "Added compat with gravestone mods",
			"9.1.4": "Added inventory preview in tooltip",
			"9.1.5": "Misc",
			"9.1.6": "Misc",
			"9.1.7": "Misc",
			"9.1.8": "Added tool slots widget",
			"9.1.9": "Fixed few bugs",
			"9.1.10": "Shift + Right Click with Empty Hand allows to place backpack on the ground",
			"9.1.11": "Sleeping bag can be used without backpack",
			"9.1.12": "Configuration for backpack slots",
			"9.1.13": "Added loot to chests and fixed bugs",
			"9.1.14": "Added recipes to recipe book",
			"9.1.15": "Improvements",
			"9.1.16": "Stopped excessive drops of backpack from mob farms, added visibility button, fixed some bugs"
	},
	"1.20.2":  { 
			"9.2.0": "Initial update",
			"9.2.1": "Fixed few bugs",
			"9.2.2": "Shift + Right Click with Empty Hand allows to place backpack on the ground",
			"9.2.3": "Sleeping bag can be used without backpack",
			"9.2.4": "Added loot to chests and fixed bugs"
	},
	"1.20.4":  { 
			"9.4.0": "Initial update",
			"9.4.1": "Configuration for backpack slots",
			"9.4.2": "Added recipes to recipe book"
	}
}
[27May2025 18:40:29.858] [Forge Version Check/INFO] [net.minecraftforge.fml.VersionChecker/]: [travelersbackpack] Found status: AHEAD Current: 9.1.36 Target: null
[27May2025 18:40:29.859] [Forge Version Check/INFO] [net.minecraftforge.fml.VersionChecker/]: [forge] Starting version check at https://files.minecraftforge.net/net/minecraftforge/forge/promotions_slim.json
[27May2025 18:40:29.878] [main/INFO] [com.tiviacz.travelersbackpack.TravelersBackpack/]: Registered the FluidEffect with Unique ID of minecraft:water for Water (Fluid Amount Required: 1000) with the ID 0
[27May2025 18:40:29.878] [main/INFO] [com.tiviacz.travelersbackpack.TravelersBackpack/]: Registered the FluidEffect with Unique ID of minecraft:lava for Lava (Fluid Amount Required: 1000) with the ID 1
[27May2025 18:40:29.878] [main/INFO] [com.tiviacz.travelersbackpack.TravelersBackpack/]: Registered the FluidEffect with Unique ID of travelersbackpack:potion for Uncraftable Potion (Fluid Amount Required: 250) with the ID 2
[27May2025 18:40:29.878] [main/INFO] [com.tiviacz.travelersbackpack.TravelersBackpack/]: Registered the FluidEffect with Unique ID of minecraft:milk for Milk (Fluid Amount Required: 1000) with the ID 3
[27May2025 18:40:29.918] [main/INFO] [com.eeeab.eeeabsmobs.EEEABMobs/]: Starting to register Curios item...
[27May2025 18:40:29.958] [main/DEBUG] [mixin/]: Mixing collections.gamerules.GameRulesMixin from canary.mixins.json into net.minecraft.world.level.GameRules
[27May2025 18:40:29.974] [main/DEBUG] [net.minecraftforge.fml.DeferredWorkQueue/LOADING]: Synchronous work queue completed in 134.2 ms
[27May2025 18:40:30.086] [Forge Version Check/DEBUG] [net.minecraftforge.fml.VersionChecker/]: [forge] Received version check data:
{
  "homepage": "https://files.minecraftforge.net/net/minecraftforge/forge/",
  "promos": {
    "1.1-latest": "1.3.4.29",
    "1.2.3-latest": "1.4.1.64",
    "1.2.4-latest": "2.0.0.68",
    "1.2.5-latest": "3.4.9.171",
    "1.3.2-latest": "4.3.5.318",
    "1.4.0-latest": "5.0.0.326",
    "1.4.1-latest": "6.0.0.329",
    "1.4.2-latest": "6.0.1.355",
    "1.4.3-latest": "6.2.1.358",
    "1.4.4-latest": "6.3.0.378",
    "1.4.5-latest": "6.4.2.448",
    "1.4.6-latest": "6.5.0.489",
    "1.4.7-latest": "6.6.2.534",
    "1.5-latest": "7.7.0.598",
    "1.5.1-latest": "7.7.2.682",
    "1.5.2-latest": "7.8.1.738",
    "1.5.2-recommended": "7.8.1.738",
    "1.6.1-latest": "8.9.0.775",
    "1.6.2-latest": "9.10.1.871",
    "1.6.2-recommended": "9.10.1.871",
    "1.6.3-latest": "9.11.0.878",
    "1.6.4-latest": "9.11.1.1345",
    "1.6.4-recommended": "9.11.1.1345",
    "1.7.2-latest": "10.12.2.1161",
    "1.7.2-recommended": "10.12.2.1161",
    "1.7.10_pre4-latest": "10.12.2.1149",
    "1.7.10-latest": "10.13.4.1614",
    "1.7.10-recommended": "10.13.4.1614",
    "1.8-latest": "11.14.4.1577",
    "1.8-recommended": "11.14.4.1563",
    "1.8.8-latest": "11.15.0.1655",
    "1.8.9-latest": "11.15.1.2318",
    "1.8.9-recommended": "11.15.1.2318",
    "1.9-latest": "12.16.1.1938",
    "1.9-recommended": "12.16.1.1887",
    "1.9.4-latest": "12.17.0.2317",
    "1.9.4-recommended": "12.17.0.2317",
    "1.10-latest": "12.18.0.2000",
    "1.10.2-latest": "12.18.3.2511",
    "1.10.2-recommended": "12.18.3.2511",
    "1.11-latest": "13.19.1.2199",
    "1.11-recommended": "13.19.1.2189",
    "1.11.2-latest": "13.20.1.2588",
    "1.11.2-recommended": "13.20.1.2588",
    "1.12-latest": "14.21.1.2443",
    "1.12-recommended": "14.21.1.2387",
    "1.12.1-latest": "14.22.1.2485",
    "1.12.1-recommended": "14.22.1.2478",
    "1.12.2-latest": "14.23.5.2860",
    "1.12.2-recommended": "14.23.5.2859",
    "1.13.2-latest": "25.0.223",
    "1.14.2-latest": "26.0.63",
    "1.14.3-latest": "27.0.60",
    "1.14.4-latest": "28.2.26",
    "1.14.4-recommended": "28.2.26",
    "1.15-latest": "29.0.4",
    "1.15.1-latest": "30.0.51",
    "1.15.2-latest": "31.2.57",
    "1.15.2-recommended": "31.2.57",
    "1.16.1-latest": "32.0.108",
    "1.16.2-latest": "33.0.61",
    "1.16.3-latest": "34.1.42",
    "1.16.3-recommended": "34.1.0",
    "1.16.4-latest": "35.1.37",
    "1.16.4-recommended": "35.1.4",
    "1.16.5-latest": "36.2.42",
    "1.16.5-recommended": "36.2.34",
    "1.17.1-latest": "37.1.1",
    "1.17.1-recommended": "37.1.1",
    "1.18-latest": "38.0.17",
    "1.18.1-latest": "39.1.2",
    "1.18.1-recommended": "39.1.0",
    "1.18.2-recommended": "40.3.0",
    "1.18.2-latest": "40.3.10",
    "1.19-latest": "41.1.0",
    "1.19-recommended": "41.1.0",
    "1.19.1-latest": "42.0.9",
    "1.19.2-recommended": "43.5.0",
    "1.19.2-latest": "43.5.0",
    "1.19.3-latest": "44.1.23",
    "1.19.3-recommended": "44.1.0",
    "1.19.4-recommended": "45.4.0",
    "1.19.4-latest": "45.4.0",
    "1.20-latest": "46.0.14",
    "1.20.1-recommended": "47.4.0",
    "1.20.1-latest": "47.4.1",
    "1.20.2-latest": "48.1.0",
    "1.20.2-recommended": "48.1.0",
    "1.20.3-latest": "49.0.2",
    "1.20.4-latest": "49.2.0",
    "1.20.4-recommended": "49.2.0",
    "1.20.6-latest": "50.2.0",
    "1.20.6-recommended": "50.2.0",
    "1.21-latest": "51.0.33",
    "1.21.1-latest": "52.1.1",
    "1.21.1-recommended": "52.1.0",
    "1.21.3-latest": "53.1.1",
    "1.21.3-recommended": "53.1.0",
    "1.21.4-latest": "54.1.3",
    "1.21.4-recommended": "54.1.0",
    "1.21.5-latest": "55.0.21"
  }
}
[27May2025 18:40:30.086] [Forge Version Check/INFO] [net.minecraftforge.fml.VersionChecker/]: [forge] Found status: OUTDATED Current: 47.3.7 Target: 47.4.0
[27May2025 18:40:30.086] [Forge Version Check/INFO] [net.minecraftforge.fml.VersionChecker/]: [canary] Starting version check at https://github.com/AbdElAziz333/Canary/raw/mc1.19.2/dev/updates.json
[27May2025 18:40:30.362] [modloading-worker-0/INFO] [io.redspace.ironsspellbooks.IronsSpellbooks/]: Got IMC []
[27May2025 18:40:30.363] [modloading-worker-0/INFO] [com.esm.nightmare.NightmareMain/]: Got IMC []
[27May2025 18:40:30.414] [Forge Version Check/DEBUG] [net.minecraftforge.fml.VersionChecker/]: [canary] Received version check data:
{
  "homepage": "https://modrinth.com/mod/canary/versions",
  "promos": {
    "1.20.4-latest": "0.3.3",
    "1.20.4-recommended": "0.3.3",
    "1.20.1-latest": "0.3.3",
    "1.20.1-recommended": "0.3.3",
    "1.20-latest": "0.2.5",
    "1.20-recommended": "0.2.5",
    "1.19.4-latest": "0.2.5",
    "1.19.4-recommended": "0.2.5",  
    "1.19.3-latest": "0.2.5",
    "1.19.3-recommended": "0.2.5",
    "1.19.2-latest": "0.3.3",
    "1.19.2-recommended": "0.3.3",
    "1.18.2-latest": "0.3.3",
    "1.18.2-recommended": "0.3.3"
  }
}
[27May2025 18:40:30.414] [Forge Version Check/INFO] [net.minecraftforge.fml.VersionChecker/]: [canary] Found status: UP_TO_DATE Current: 0.3.3 Target: null
[27May2025 18:40:30.415] [Forge Version Check/INFO] [net.minecraftforge.fml.VersionChecker/]: [tombstone] Starting version check at https://raw.githubusercontent.com/Corail31/tombstone_lite/master/update.json
[27May2025 18:40:30.426] [Forge Version Check/DEBUG] [net.minecraftforge.fml.VersionChecker/]: [tombstone] Received version check data:
{
	"homepage": "https://www.curseforge.com/minecraft/mc-mods/corail-tombstone",
	"promos": {
		"1.21.5-latest": "9.4.1",
		"1.21.5-recommended": "9.4.1",
		"1.21.4-latest": "9.3.8",
		"1.21.4-recommended": "9.3.8",
		"1.21.3-latest": "9.2.4",
		"1.21.3-recommended": "9.2.4",
		"1.21.1-latest": "9.1.10",
		"1.21.1-recommended": "9.1.10",
		"1.20.4-latest": "8.6.4",
		"1.20.4-recommended": "8.6.4",
		"1.20.2-latest": "8.6.3",
		"1.20.2-recommended": "8.6.3",
		"1.20.1-latest": "8.9.6",
		"1.20.1-recommended": "8.9.5",
		"1.19.4-latest": "8.4.2",
		"1.19.4-recommended": "8.4.2",
		"1.19.3-latest": "8.3.2",
		"1.19.3-recommended": "8.3.2",
		"1.19.2-latest": "8.3.7",
		"1.19.2-recommended": "8.3.7",
		"1.19.1-latest": "8.1.0",
		"1.19.1-recommended": "8.1.0",
		"1.18.2-latest": "7.7.6",
		"1.18.2-recommended": "7.7.6",
		"1.18.1-latest": "7.4.1",
		"1.18.1-recommended": "7.4.1",
		"1.17.1-latest": "7.3.0",
		"1.17.1-recommended": "7.3.0",
		"1.16.5-latest": "6.9.6",
		"1.16.5-recommended": "6.9.6",
		"1.15.2-latest": "4.6.0",
		"1.15.2-recommended": "4.6.0",
		"1.14.4-latest": "4.3.6",
		"1.14.4-recommended": "4.3.6",
		"1.13.2-latest": "3.5.2",
		"1.13.2-recommended": "3.5.2",
		"1.12.2-latest": "4.7.5",
		"1.12.2-recommended": "4.7.5",
		"1.11.2-latest": "2.9.0.1",
		"1.11.2-recommended": "2.9.0.1",
		"1.10.2-latest": "2.9.4",
		"1.10.2-recommended": "2.9.4",
		"1.9.4-latest": "1.4.1",
		"1.9.4-recommended": "1.4.1",
		"1.8.9-latest": "1.4.1",
		"1.8.9-recommended": "1.4.1"
	},
	"1.21.5": {
		"9.4.1": "improvments",
		"9.4.0": "initial port"
	},
	"1.21.4": {
		"9.3.8": "final version"
	},
	"1.21.3": {
		"9.2.4": "final version"
	},
	"1.21.1": {
		"9.1.10": "final version"
	},
	"1.20.4": {
		"8.6.4": "final version"
	},
	"1.20.2": {
		"8.6.3": "final version"
	},
	"1.20.1": {
		"8.9.6": "about familiar",
		"8.9.5": "improvements",
		"8.9.4": "configs for special events",
		"8.9.3": "improvements",
		"8.9.2": "abandoned graves",
		"8.9.1": "improvements",
		"8.9.0": "improves enchantments"
	},
	"1.19.4": {
		"8.4.2": "final version"
	},
	"1.19.2": {
		"8.3.7": "final version"
	},
	"1.18.2": {
		"7.7.6": "final version"
	},
	"1.16.5": {
		"6.9.6": "final version"
	},
	"1.12.2": {
		"4.7.5": "final version"
	}
}
[27May2025 18:40:30.427] [Forge Version Check/INFO] [net.minecraftforge.fml.VersionChecker/]: [tombstone] Found status: OUTDATED Current: 8.9.4 Target: 8.9.5
[27May2025 18:40:30.427] [Forge Version Check/INFO] [net.minecraftforge.fml.VersionChecker/]: [embeddium_extra] Starting version check at https://api.modrinth.com/updates/rubidium-extra/forge_updates.json
[27May2025 18:40:30.462] [modloading-worker-0/INFO] [com.eeeab.eeeabsmobs.EEEABMobs/]: Registering custom criteria trigger...
[27May2025 18:40:30.486] [main/DEBUG] [net.minecraftforge.fml.DeferredWorkQueue/LOADING]: Dispatching synchronous work for work queue COMPLETE: 2 jobs
[27May2025 18:40:30.490] [main/DEBUG] [net.minecraftforge.fml.DeferredWorkQueue/LOADING]: Synchronous work queue completed in 4.252 ms
[27May2025 18:40:30.667] [Forge Version Check/DEBUG] [net.minecraftforge.fml.VersionChecker/]: [embeddium_extra] Received version check data:
{"homepage":"https://modrinth.com/mod/rubidium-extra","promos":{"1.16.5-recommended":"0.4.18+mc1.16.5-build.107","1.19.4-latest":"0.4.19+mc1.19.4-build.88","1.19.3-latest":"0.4.17+mc1.19.3-build.73","1.20.1-recommended":"0.5.4.4+mc1.20.1-build.131","1.16.3-recommended":"0.4.18+mc1.16.5-build.107","1.16.2-recommended":"0.4.18+mc1.16.5-build.107","1.20.1-latest":"0.5.4.4+mc1.20.1-build.131","1.20-recommended":"0.5.3.1+mc1.20.1-build.110","1.18.2-latest":"0.4.18+mc1.18.2-build.86","1.19.2-latest":"0.4.19+mc1.19.2-build.105","1.16.4-latest":"0.4.18+mc1.16.5-build.107","1.19-recommended":"1.19.2-0.4.11.44","1.19-latest":"1.19.2-0.4.11.44","1.16.1-recommended":"0.4.18+mc1.16.5-build.107","1.16.5-latest":"0.4.18+mc1.16.5-build.107","1.20-latest":"0.5.3.1+mc1.20.1-build.110","1.19.2-recommended":"0.4.19+mc1.19.2-build.105","1.19.3-recommended":"0.4.17+mc1.19.3-build.73","1.16-recommended":"0.4.18+mc1.16.5-build.107","1.18.2-recommended":"0.4.18+mc1.18.2-build.86","1.16-latest":"0.4.18+mc1.16.5-build.107","1.16.4-recommended":"0.4.18+mc1.16.5-build.107","1.19.4-recommended":"0.4.19+mc1.19.4-build.88","1.16.1-latest":"0.4.18+mc1.16.5-build.107","1.16.3-latest":"0.4.18+mc1.16.5-build.107","1.16.2-latest":"0.4.18+mc1.16.5-build.107","1.19.1-latest":"1.19.2-0.4.11.44","1.19.1-recommended":"1.19.2-0.4.11.44"}}
[27May2025 18:40:30.667] [Forge Version Check/INFO] [net.minecraftforge.fml.VersionChecker/]: [embeddium_extra] Found status: UP_TO_DATE Current: 0.5.4.4+mc1.20.1-build.131 Target: null
[27May2025 18:40:31.045] [main/INFO] [com.mojang.authlib.yggdrasil.YggdrasilAuthenticationService/]: Environment: authHost='https://authserver.mojang.com', accountsHost='https://api.mojang.com', sessionHost='https://sessionserver.mojang.com', servicesHost='https://api.minecraftservices.com', name='PROD'
[27May2025 18:40:31.065] [main/DEBUG] [mixin/]: Mixing bugfix.removed_dimensions.LevelStorageSourceMixin from modernfix-forge.mixins.json into net.minecraft.world.level.storage.LevelStorageSource
[27May2025 18:40:31.065] [main/DEBUG] [mixin/]: Mixing DataFixLevelStorageSourceMixin from mixins.irons_spellbooks.json into net.minecraft.world.level.storage.LevelStorageSource
[27May2025 18:40:31.367] [main/DEBUG] [mixin/]: Mixing VanillaPackResourcesAccessor from creativecore.mixins.json into net.minecraft.server.packs.VanillaPackResources
[27May2025 18:40:31.369] [main/WARN] [net.minecraft.server.packs.VanillaPackResourcesBuilder/]: Assets URL 'union:/workspaces/Minecraft/servidor_minecraft/libraries/net/minecraft/server/1.20.1-20230612.114412/server-1.20.1-20230612.114412-srg.jar%23209!/assets/.mcassetsroot' uses unexpected schema
[27May2025 18:40:31.369] [main/WARN] [net.minecraft.server.packs.VanillaPackResourcesBuilder/]: Assets URL 'union:/workspaces/Minecraft/servidor_minecraft/libraries/net/minecraft/server/1.20.1-20230612.114412/server-1.20.1-20230612.114412-srg.jar%23209!/data/.mcassetsroot' uses unexpected schema
[27May2025 18:40:31.373] [main/DEBUG] [io.redspace.ironsspellbooks.IronsSpellbooks/]: addPackFinders
[27May2025 18:40:31.414] [main/DEBUG] [mixin/]: Mixing perf.resourcepacks.ForgePathPackResourcesMixin from modernfix-forge.mixins.json into net.minecraftforge.resource.PathPackResources
[27May2025 18:40:31.414] [main/DEBUG] [mixin/]: Renaming synthetic method lambda$fastGetResources$3(Lnet/minecraft/server/packs/PackType;Lnet/minecraft/resources/ResourceLocation;)Lnet/minecraft/server/packs/resources/IoSupplier; to md9c0b19$lambda$fastGetResources$3$0 in modernfix-forge.mixins.json:perf.resourcepacks.ForgePathPackResourcesMixin
[27May2025 18:40:31.414] [main/DEBUG] [mixin/]: Renaming synthetic method lambda$fastGetResources$2(Ljava/nio/file/Path;)Ljava/io/InputStream; to md9c0b19$lambda$fastGetResources$2$1 in modernfix-forge.mixins.json:perf.resourcepacks.ForgePathPackResourcesMixin
[27May2025 18:40:31.414] [main/DEBUG] [mixin/]: Renaming synthetic method lambda$fastGetResources$1(Lnet/minecraft/resources/ResourceLocation;)Z to md9c0b19$lambda$fastGetResources$1$2 in modernfix-forge.mixins.json:perf.resourcepacks.ForgePathPackResourcesMixin
[27May2025 18:40:31.414] [main/DEBUG] [mixin/]: Renaming synthetic method lambda$generateResourceCache$0(Lnet/minecraft/server/packs/PackType;Ljava/lang/String;)Ljava/nio/file/Path; to md9c0b19$lambda$generateResourceCache$0$3 in modernfix-forge.mixins.json:perf.resourcepacks.ForgePathPackResourcesMixin
[27May2025 18:40:31.439] [main/DEBUG] [net.minecraftforge.server.ServerLifecycleHooks/CORE]: Generating PackInfo named mod:mowziesmobs for mod file /workspaces/Minecraft/servidor_minecraft/mods/mowziesmobs-1.7.2.jar
[27May2025 18:40:31.440] [main/DEBUG] [net.minecraftforge.server.ServerLifecycleHooks/CORE]: Generating PackInfo named mod:netherexp for mod file /workspaces/Minecraft/servidor_minecraft/mods/Jadens-Nether-Expansion-2.3.2.jar
[27May2025 18:40:31.440] [main/DEBUG] [net.minecraftforge.server.ServerLifecycleHooks/CORE]: Generating PackInfo named mod:efiscompat for mod file /workspaces/Minecraft/servidor_minecraft/mods/efiscompat-2.2.4.jar
[27May2025 18:40:31.440] [main/DEBUG] [net.minecraftforge.server.ServerLifecycleHooks/CORE]: Generating PackInfo named mod:geckolib for mod file /workspaces/Minecraft/servidor_minecraft/mods/geckolib-forge-1.20.1-4.7.1.2.jar
[27May2025 18:40:31.440] [main/DEBUG] [net.minecraftforge.server.ServerLifecycleHooks/CORE]: Generating PackInfo named mod:playeranimator for mod file /workspaces/Minecraft/servidor_minecraft/mods/player-animation-lib-forge-1.0.2-rc1+1.20.jar
[27May2025 18:40:31.440] [main/DEBUG] [net.minecraftforge.server.ServerLifecycleHooks/CORE]: Generating PackInfo named mod:elysium_api for mod file /workspaces/Minecraft/servidor_minecraft/mods/ElysiumAPI-1.20.1-1.1.2.jar
[27May2025 18:40:31.441] [main/DEBUG] [net.minecraftforge.server.ServerLifecycleHooks/CORE]: Generating PackInfo named mod:mowzies_cataclysm for mod file /workspaces/Minecraft/servidor_minecraft/mods/mowzies_cataclysm-1.2.0.jar
[27May2025 18:40:31.441] [main/DEBUG] [net.minecraftforge.server.ServerLifecycleHooks/CORE]: Generating PackInfo named mod:caelus for mod file /workspaces/Minecraft/servidor_minecraft/mods/caelus-forge-3.2.0+1.20.1.jar
[27May2025 18:40:31.441] [main/DEBUG] [net.minecraftforge.server.ServerLifecycleHooks/CORE]: Generating PackInfo named mod:incendium for mod file /workspaces/Minecraft/servidor_minecraft/mods/Incendium_1.20.x_v5.3.5.jar
[27May2025 18:40:31.441] [main/DEBUG] [net.minecraftforge.server.ServerLifecycleHooks/CORE]: Generating PackInfo named mod:journeymap for mod file /workspaces/Minecraft/servidor_minecraft/mods/journeymap-1.20.1-5.10.1-forge.jar
[27May2025 18:40:31.442] [main/DEBUG] [net.minecraftforge.server.ServerLifecycleHooks/CORE]: Generating PackInfo named mod:placebo for mod file /workspaces/Minecraft/servidor_minecraft/mods/Placebo-1.20.1-8.6.3.jar
[27May2025 18:40:31.442] [main/DEBUG] [net.minecraftforge.server.ServerLifecycleHooks/CORE]: Generating PackInfo named mod:modernfix for mod file /workspaces/Minecraft/servidor_minecraft/mods/modernfix-forge-5.21.0+mc1.20.1 (1).jar
[27May2025 18:40:31.442] [main/DEBUG] [net.minecraftforge.server.ServerLifecycleHooks/CORE]: Generating PackInfo named mod:jei for mod file /workspaces/Minecraft/servidor_minecraft/mods/jei-1.20.1-forge-15.12.2.51.jar
[27May2025 18:40:31.442] [main/DEBUG] [net.minecraftforge.server.ServerLifecycleHooks/CORE]: Generating PackInfo named mod:citadel for mod file /workspaces/Minecraft/servidor_minecraft/mods/citadel-2.6.1-1.20.1.jar
[27May2025 18:40:31.442] [main/DEBUG] [net.minecraftforge.server.ServerLifecycleHooks/CORE]: Generating PackInfo named mod:travelersbackpack for mod file /workspaces/Minecraft/servidor_minecraft/mods/travelersbackpack-forge-1.20.1-9.1.36.jar
[27May2025 18:40:31.442] [main/DEBUG] [net.minecraftforge.server.ServerLifecycleHooks/CORE]: Generating PackInfo named mod:mixinextras for mod file 
[27May2025 18:40:31.443] [main/DEBUG] [net.minecraftforge.server.ServerLifecycleHooks/CORE]: Generating PackInfo named mod:relics for mod file /workspaces/Minecraft/servidor_minecraft/mods/relics-1.20.1-0.8.0.9.jar
[27May2025 18:40:31.443] [main/DEBUG] [net.minecraftforge.server.ServerLifecycleHooks/CORE]: Generating PackInfo named mod:terralith for mod file /workspaces/Minecraft/servidor_minecraft/mods/Terralith_1.20.x_v2.5.4.jar
[27May2025 18:40:31.443] [main/DEBUG] [net.minecraftforge.server.ServerLifecycleHooks/CORE]: Generating PackInfo named mod:dynview for mod file /workspaces/Minecraft/servidor_minecraft/mods/dynview-1.20.1-4.0.jar
[27May2025 18:40:31.443] [main/DEBUG] [net.minecraftforge.server.ServerLifecycleHooks/CORE]: Generating PackInfo named mod:memoryleakfix for mod file /workspaces/Minecraft/servidor_minecraft/mods/memoryleakfix-forge-1.17+-1.1.5.jar
[27May2025 18:40:31.444] [main/DEBUG] [net.minecraftforge.server.ServerLifecycleHooks/CORE]: Generating PackInfo named mod:jeresources for mod file /workspaces/Minecraft/servidor_minecraft/mods/JustEnoughResources-1.20.1-1.4.0.247.jar
[27May2025 18:40:31.444] [main/DEBUG] [net.minecraftforge.server.ServerLifecycleHooks/CORE]: Generating PackInfo named mod:dungeons_arise_seven_seas for mod file /workspaces/Minecraft/servidor_minecraft/mods/DungeonsAriseSevenSeas-1.20.x-1.0.2-forge.jar
[27May2025 18:40:31.444] [main/DEBUG] [net.minecraftforge.server.ServerLifecycleHooks/CORE]: Generating PackInfo named mod:forge for mod file /workspaces/Minecraft/servidor_minecraft/libraries/net/minecraftforge/forge/1.20.1-47.3.7/forge-1.20.1-47.3.7-universal.jar
[27May2025 18:40:31.444] [main/DEBUG] [net.minecraftforge.server.ServerLifecycleHooks/CORE]: Generating PackInfo named mod:tlskincape for mod file /workspaces/Minecraft/servidor_minecraft/mods/tl_skin_cape_forge_1.20_1.20.1-1.32.jar
[27May2025 18:40:31.444] [main/DEBUG] [net.minecraftforge.server.ServerLifecycleHooks/CORE]: Generating PackInfo named mod:embeddium for mod file /workspaces/Minecraft/servidor_minecraft/mods/embeddium-0.3.30+mc1.20.1.jar
[27May2025 18:40:31.444] [main/DEBUG] [net.minecraftforge.server.ServerLifecycleHooks/CORE]: Generating PackInfo named mod:dungeons_arise for mod file /workspaces/Minecraft/servidor_minecraft/mods/DungeonsArise-1.20.x-2.1.58-release.jar
[27May2025 18:40:31.445] [main/DEBUG] [net.minecraftforge.server.ServerLifecycleHooks/CORE]: Generating PackInfo named mod:dungeons_and_combat for mod file /workspaces/Minecraft/servidor_minecraft/mods/dungeons_and_combat-1.1.5-forge-1.20.1.jar
[27May2025 18:40:31.445] [main/DEBUG] [net.minecraftforge.server.ServerLifecycleHooks/CORE]: Generating PackInfo named mod:alexscaves for mod file /workspaces/Minecraft/servidor_minecraft/mods/alexscaves-2.0.2.jar
[27May2025 18:40:31.445] [main/DEBUG] [net.minecraftforge.server.ServerLifecycleHooks/CORE]: Generating PackInfo named mod:nightmareesm for mod file /workspaces/Minecraft/servidor_minecraft/mods/ESM-1.20.1-1.0.0.jar
[27May2025 18:40:31.445] [main/DEBUG] [net.minecraftforge.server.ServerLifecycleHooks/CORE]: Generating PackInfo named mod:mofus_better_end_ for mod file /workspaces/Minecraft/servidor_minecraft/mods/mofus_broken_constellation-0.9.0-forge-1.20.1.jar
[27May2025 18:40:31.445] [main/DEBUG] [net.minecraftforge.server.ServerLifecycleHooks/CORE]: Generating PackInfo named mod:creativecore for mod file /workspaces/Minecraft/servidor_minecraft/mods/CreativeCore_FORGE_v2.12.32_mc1.20.1.jar
[27May2025 18:40:31.445] [main/DEBUG] [net.minecraftforge.server.ServerLifecycleHooks/CORE]: Generating PackInfo named mod:chunky for mod file /workspaces/Minecraft/servidor_minecraft/mods/Chunky-1.3.146.jar
[27May2025 18:40:31.446] [main/DEBUG] [net.minecraftforge.server.ServerLifecycleHooks/CORE]: Generating PackInfo named mod:eeeabsmobs for mod file /workspaces/Minecraft/servidor_minecraft/mods/eeeabsmobs-1.20.1-0.97-Fix.jar
[27May2025 18:40:31.446] [main/DEBUG] [net.minecraftforge.server.ServerLifecycleHooks/CORE]: Generating PackInfo named mod:servercore for mod file /workspaces/Minecraft/servidor_minecraft/mods/servercore-forge-1.5.2+1.20.1.jar
[27May2025 18:40:31.446] [main/DEBUG] [net.minecraftforge.server.ServerLifecycleHooks/CORE]: Generating PackInfo named mod:lionfishapi for mod file /workspaces/Minecraft/servidor_minecraft/mods/lionfishapi-2.4-Fix.jar
[27May2025 18:40:31.446] [main/DEBUG] [net.minecraftforge.server.ServerLifecycleHooks/CORE]: Generating PackInfo named mod:traveloptics for mod file /workspaces/Minecraft/servidor_minecraft/mods/traveloptics-4.4.0-1.20.1.jar
[27May2025 18:40:31.446] [main/DEBUG] [net.minecraftforge.server.ServerLifecycleHooks/CORE]: Generating PackInfo named mod:cataclysm for mod file /workspaces/Minecraft/servidor_minecraft/mods/L_Enders_Cataclysm 1.20.1-2.66.jar
[27May2025 18:40:31.447] [main/DEBUG] [net.minecraftforge.server.ServerLifecycleHooks/CORE]: Generating PackInfo named mod:curios for mod file /workspaces/Minecraft/servidor_minecraft/mods/curios-forge-5.14.1+1.20.1.jar
[27May2025 18:40:31.447] [main/DEBUG] [net.minecraftforge.server.ServerLifecycleHooks/CORE]: Generating PackInfo named mod:legendary_monsters for mod file /workspaces/Minecraft/servidor_minecraft/mods/legendarymonsters-1.9.4 MC 1.20.1.jar
[27May2025 18:40:31.447] [main/DEBUG] [net.minecraftforge.server.ServerLifecycleHooks/CORE]: Generating PackInfo named mod:irons_spellbooks for mod file /workspaces/Minecraft/servidor_minecraft/mods/irons_spellbooks-1.20.1-3.4.0.9.jar
[27May2025 18:40:31.447] [main/DEBUG] [net.minecraftforge.server.ServerLifecycleHooks/CORE]: Generating PackInfo named mod:attributeslib for mod file /workspaces/Minecraft/servidor_minecraft/mods/ApothicAttributes-1.20.1-1.3.7.jar
[27May2025 18:40:31.447] [main/DEBUG] [net.minecraftforge.server.ServerLifecycleHooks/CORE]: Generating PackInfo named mod:entityculling for mod file /workspaces/Minecraft/servidor_minecraft/mods/entityculling-forge-1.7.4-mc1.20.1.jar
[27May2025 18:40:31.447] [main/DEBUG] [net.minecraftforge.server.ServerLifecycleHooks/CORE]: Generating PackInfo named mod:canary for mod file /workspaces/Minecraft/servidor_minecraft/mods/canary-mc1.20.1-0.3.3.jar
[27May2025 18:40:31.448] [main/DEBUG] [net.minecraftforge.server.ServerLifecycleHooks/CORE]: Generating PackInfo named mod:tombstone for mod file /workspaces/Minecraft/servidor_minecraft/mods/tombstone-1.20.1-8.9.4.jar
[27May2025 18:40:31.448] [main/DEBUG] [net.minecraftforge.server.ServerLifecycleHooks/CORE]: Generating PackInfo named mod:architectury for mod file /workspaces/Minecraft/servidor_minecraft/mods/architectury-9.2.14-forge.jar
[27May2025 18:40:31.448] [main/DEBUG] [net.minecraftforge.server.ServerLifecycleHooks/CORE]: Generating PackInfo named mod:octolib for mod file /workspaces/Minecraft/servidor_minecraft/mods/OctoLib-FORGE-0.4.2+1.20.1.jar
[27May2025 18:40:31.448] [main/DEBUG] [net.minecraftforge.server.ServerLifecycleHooks/CORE]: Generating PackInfo named mod:nerb for mod file /workspaces/Minecraft/servidor_minecraft/mods/Not Enough Recipe Book-FORGE-0.4.1+1.20.1.jar
[27May2025 18:40:31.448] [main/DEBUG] [net.minecraftforge.server.ServerLifecycleHooks/CORE]: Generating PackInfo named mod:ferritecore for mod file /workspaces/Minecraft/servidor_minecraft/mods/ferritecore-6.0.1-forge (1).jar
[27May2025 18:40:31.448] [main/DEBUG] [net.minecraftforge.server.ServerLifecycleHooks/CORE]: Generating PackInfo named mod:aiimprovements for mod file /workspaces/Minecraft/servidor_minecraft/mods/AI-Improvements-1.20-0.5.2.jar
[27May2025 18:40:31.448] [main/DEBUG] [net.minecraftforge.server.ServerLifecycleHooks/CORE]: Generating PackInfo named mod:embeddium_extra for mod file /workspaces/Minecraft/servidor_minecraft/mods/rubidium-extra-0.5.4.4+mc1.20.1-build.131.jar
[27May2025 18:40:31.449] [main/DEBUG] [net.minecraftforge.server.ServerLifecycleHooks/CORE]: Generating PackInfo named mod:cupboard for mod file /workspaces/Minecraft/servidor_minecraft/mods/cupboard-1.20.1-2.7.jar
[27May2025 18:40:31.449] [main/DEBUG] [net.minecraftforge.server.ServerLifecycleHooks/CORE]: Generating PackInfo named mod:playerrevive for mod file /workspaces/Minecraft/servidor_minecraft/mods/PlayerRevive_FORGE_v2.0.31_mc1.20.1.jar
[27May2025 18:40:31.449] [main/DEBUG] [net.minecraftforge.server.ServerLifecycleHooks/CORE]: Generating PackInfo named mod:cdmoveset for mod file /workspaces/Minecraft/servidor_minecraft/mods/EpicFight-Resurrection-forge1.20.1-0.1.28-hotFix1.jar
[27May2025 18:40:31.449] [main/DEBUG] [net.minecraftforge.server.ServerLifecycleHooks/CORE]: Generating PackInfo named mod:epicfight for mod file /workspaces/Minecraft/servidor_minecraft/mods/epicfight-forge-20.9.7-1.20.1.jar
[27May2025 18:40:31.449] [main/DEBUG] [net.minecraftforge.server.ServerLifecycleHooks/CORE]: Generating PackInfo named mod:wom for mod file /workspaces/Minecraft/servidor_minecraft/mods/WeaponsOfMiracles-20.1.8.5.6.jar
[27May2025 18:40:31.514] [main/DEBUG] [ModernFix/]: Generated cache for /assets/minecraft in 28.74 ms
[27May2025 18:40:31.521] [main/DEBUG] [ModernFix/]: Generated cache for /assets/minecraft in 5.513 ms
[27May2025 18:40:31.551] [main/DEBUG] [ModernFix/]: Generated cache for /assets/minecraft in 28.98 ms
[27May2025 18:40:31.553] [main/DEBUG] [ModernFix/]: Generated cache for /assets/minecraft in 487.5 μs
[27May2025 18:40:31.555] [main/DEBUG] [ModernFix/]: Generated cache for /assets/minecraft in 900.8 μs
[27May2025 18:40:31.555] [main/DEBUG] [ModernFix/]: Generated cache for /assets/minecraft in 194.1 μs
[27May2025 18:40:31.556] [main/DEBUG] [ModernFix/]: Generated cache for /assets/minecraft in 252.0 μs
[27May2025 18:40:31.557] [main/DEBUG] [ModernFix/]: Generated cache for /assets/minecraft in 566.6 μs
[27May2025 18:40:31.565] [main/DEBUG] [ModernFix/]: Generated cache for /assets/minecraft in 7.614 ms
[27May2025 18:40:31.625] [main/DEBUG] [ModernFix/]: Generated cache for /assets/minecraft in 59.62 ms
[27May2025 18:40:31.673] [main/DEBUG] [ModernFix/]: Generated cache for /assets/minecraft in 45.53 ms
[27May2025 18:40:31.681] [main/DEBUG] [ModernFix/]: Generated cache for /assets/minecraft in 7.411 ms
[27May2025 18:40:31.686] [main/DEBUG] [ModernFix/]: Generated cache for /assets/minecraft in 4.901 ms
[27May2025 18:40:31.687] [main/DEBUG] [ModernFix/]: Generated cache for /assets/minecraft in 231.5 μs
[27May2025 18:40:31.687] [main/DEBUG] [ModernFix/]: Generated cache for /assets/minecraft in 76.01 μs
[27May2025 18:40:31.688] [main/DEBUG] [ModernFix/]: Generated cache for /assets/minecraft in 402.5 μs
[27May2025 18:40:31.704] [main/DEBUG] [ModernFix/]: Generated cache for /assets/minecraft in 15.96 ms
[27May2025 18:40:31.709] [main/DEBUG] [ModernFix/]: Generated cache for /assets/minecraft in 4.566 ms
[27May2025 18:40:31.714] [main/DEBUG] [ModernFix/]: Generated cache for /assets/minecraft in 3.662 ms
[27May2025 18:40:31.718] [main/DEBUG] [ModernFix/]: Generated cache for /assets/minecraft in 4.023 ms
[27May2025 18:40:31.727] [main/DEBUG] [ModernFix/]: Generated cache for /assets/minecraft in 9.020 ms
[27May2025 18:40:31.741] [main/DEBUG] [ModernFix/]: Generated cache for /assets/minecraft in 13.41 ms
[27May2025 18:40:31.775] [main/DEBUG] [ModernFix/]: Generated cache for /assets/minecraft in 32.91 ms
[27May2025 18:40:31.781] [main/DEBUG] [ModernFix/]: Generated cache for /assets/minecraft in 4.795 ms
[27May2025 18:40:31.782] [main/DEBUG] [ModernFix/]: Generated cache for /assets/minecraft in 330.2 μs
[27May2025 18:40:31.782] [main/DEBUG] [ModernFix/]: Generated cache for /assets/minecraft in 151.0 μs
[27May2025 18:40:31.783] [main/DEBUG] [ModernFix/]: Generated cache for /assets/minecraft in 665.1 μs
[27May2025 18:40:31.784] [main/DEBUG] [ModernFix/]: Generated cache for /assets/minecraft in 146.2 μs
[27May2025 18:40:31.787] [main/DEBUG] [ModernFix/]: Generated cache for /assets/minecraft in 3.345 ms
[27May2025 18:40:31.788] [main/DEBUG] [ModernFix/]: Generated cache for /assets/minecraft in 356.5 μs
[27May2025 18:40:31.798] [main/DEBUG] [ModernFix/]: Generated cache for /assets/minecraft in 9.625 ms
[27May2025 18:40:31.827] [main/DEBUG] [ModernFix/]: Generated cache for /assets/minecraft in 26.97 ms
[27May2025 18:40:31.835] [main/DEBUG] [ModernFix/]: Generated cache for /assets/minecraft in 7.479 ms
[27May2025 18:40:31.838] [main/DEBUG] [ModernFix/]: Generated cache for /assets/minecraft in 151.7 μs
[27May2025 18:40:31.840] [main/DEBUG] [ModernFix/]: Generated cache for /assets/minecraft in 171.3 μs
[27May2025 18:40:31.840] [main/DEBUG] [ModernFix/]: Generated cache for /assets/minecraft in 65.74 μs
[27May2025 18:40:31.841] [main/DEBUG] [ModernFix/]: Generated cache for /assets/minecraft in 356.7 μs
[27May2025 18:40:31.842] [main/DEBUG] [ModernFix/]: Generated cache for /assets/minecraft in 183.5 μs
[27May2025 18:40:31.843] [main/DEBUG] [ModernFix/]: Generated cache for /assets/minecraft in 46.27 μs
[27May2025 18:40:31.843] [main/DEBUG] [ModernFix/]: Generated cache for /assets/minecraft in 146.2 μs
[27May2025 18:40:31.848] [main/DEBUG] [ModernFix/]: Generated cache for /assets/minecraft in 4.367 ms
[27May2025 18:40:33.272] [main/DEBUG] [mixin/]: Mixing LootTablesMixin from placebo.mixins.json into net.minecraft.world.level.storage.loot.LootDataManager
[27May2025 18:40:33.273] [main/DEBUG] [mixin/]: Renaming synthetic method lambda$apply$0(Lnet/minecraft/world/level/storage/loot/LootDataId;Lnet/minecraft/world/level/storage/loot/LootTable;)V to md9c0b19$lambda$apply$0$0 in placebo.mixins.json:LootTablesMixin
[27May2025 18:40:33.274] [main/DEBUG] [mixin/]: Mixing MixinLootDataManager from architectury.mixins.json into net.minecraft.world.level.storage.loot.LootDataManager
[27May2025 18:40:33.288] [main/DEBUG] [mixin/]: Mixing CommandExceptionLoggingMixin from cupboard.mixins.json into net.minecraft.commands.Commands
[27May2025 18:40:33.426] [main/DEBUG] [net.minecraftforge.coremod.transformer.CoreModBaseTransformer/COREMOD]: Transforming net/minecraft/server/commands/SummonCommand
[27May2025 18:40:33.640] [main/DEBUG] [mixin/]: Mixing perf.potential_spawns_alloc.ForgeEventFactoryMixin from modernfix-forge.mixins.json into net.minecraftforge.event.ForgeEventFactory
[27May2025 18:40:33.656] [main/DEBUG] [mixin/]: Mixing perf.potential_spawns_alloc.PotentialSpawnsMixin from modernfix-forge.mixins.json into net.minecraftforge.event.level.LevelEvent$PotentialSpawns
[27May2025 18:40:33.725] [main/DEBUG] [mixin/]: Mixing perf.datapack_reload_exceptions.RecipeManagerMixin from modernfix-forge.mixins.json into net.minecraft.world.item.crafting.RecipeManager
[27May2025 18:40:33.744] [main/DEBUG] [mixin/]: Mixing feature.measure_time.SimpleReloadInstanceMixin from modernfix-common.mixins.json into net.minecraft.server.packs.resources.SimpleReloadInstance
[27May2025 18:40:33.772] [Worker-Main-1/DEBUG] [mixin/]: Mixing perf.tag_id_caching.TagEntryMixin from modernfix-forge.mixins.json into net.minecraft.tags.TagEntry
[27May2025 18:40:33.967] [Worker-Main-1/ERROR] [net.minecraft.tags.TagLoader/]: Couldn't load tag traveloptics:magic_sword_weapon_type as it is missing following references: minecraft: (from traveloptics-4.4.0-1.20.1.jar)
[27May2025 18:40:34.038] [Worker-Main-2/ERROR] [net.minecraft.tags.TagLoader/]: Couldn't load tag legendary_monsters:ancient_stronghold_biomes as it is missing following references: minecraft:spruce_forest (from legendarymonsters-1.9.4 MC 1.20.1.jar)
[27May2025 18:40:34.097] [Worker-Main-3/DEBUG] [mixin/]: Mixing MixinNbtPredicate from curios.mixins.json into net.minecraft.advancements.critereon.NbtPredicate
[27May2025 18:40:34.105] [Worker-Main-3/DEBUG] [net.minecraftforge.coremod.transformer.CoreModBaseTransformer/COREMOD]: Transforming net/minecraft/world/entity/raid/Raid
[27May2025 18:40:34.176] [Worker-Main-3/DEBUG] [mixin/]: Mixing ai.raid.RaidMixin from canary.mixins.json into net.minecraft.world.entity.raid.Raid
[27May2025 18:40:34.254] [Worker-Main-3/DEBUG] [mixin/]: Mixing ItemInputMixin from tombstone.mixins.json into net.minecraft.commands.arguments.item.ItemInput
[27May2025 18:40:34.415] [Worker-Main-2/DEBUG] [mixin/]: Mixing RecipeBookMixin from nerb-common.mixins.json into net.minecraft.stats.RecipeBook
[27May2025 18:40:34.420] [Worker-Main-2/DEBUG] [mixin/]: Mixing ServerRecipeBookMixin from nerb-common.mixins.json into net.minecraft.stats.ServerRecipeBook
[27May2025 18:40:34.669] [Worker-Main-2/DEBUG] [mixin/]: Mixing MapDecorationTypeMixin from alexscaves.mixins.json into net.minecraft.world.level.saveddata.maps.MapDecoration$Type
[27May2025 18:40:34.669] [Worker-Main-2/DEBUG] [mixin/]: Renaming @Invoker method ac_invokeInit(Ljava/lang/String;IZIZ)Lnet/minecraft/world/level/saveddata/maps/MapDecoration$Type; to ac_invokeInit_$md$9c0b19$0 in alexscaves.mixins.json:MapDecorationTypeMixin
[27May2025 18:40:34.776] [Worker-Main-1/DEBUG] [epicfight/]: Cannot find the joint named Knee_R in yesman.epicfight.model.armature.VexArmature
[27May2025 18:40:34.777] [Worker-Main-1/DEBUG] [epicfight/]: Cannot find the joint named Knee_L in yesman.epicfight.model.armature.VexArmature
[27May2025 18:40:34.777] [Worker-Main-1/DEBUG] [epicfight/]: Cannot find the joint named Elbow_R in yesman.epicfight.model.armature.VexArmature
[27May2025 18:40:34.777] [Worker-Main-1/DEBUG] [epicfight/]: Cannot find the joint named Elbow_L in yesman.epicfight.model.armature.VexArmature
[27May2025 18:40:34.834] [Worker-Main-1/INFO] [epicfight/]: Register animations from cdmoveset
[27May2025 18:40:35.209] [Worker-Main-2/ERROR] [net.minecraftforge.common.ForgeHooks/]: Couldn't parse element loot_tables:dungeons_and_combat:chests/blazing_fortress_loot
com.google.gson.JsonSyntaxException: Expected name to be an item, was unknown string 'dungeons_and_combat:deleted_mod_element'
	at net.minecraft.util.GsonHelper.m_13866_(GsonHelper.java:145) ~[server-1.20.1-20230612.114412-srg.jar%23209!/:?]
	at java.util.Optional.orElseThrow(Optional.java:403) ~[?:?]
	at net.minecraft.util.GsonHelper.m_13874_(GsonHelper.java:145) ~[server-1.20.1-20230612.114412-srg.jar%23209!/:?]
	at net.minecraft.util.GsonHelper.m_13909_(GsonHelper.java:153) ~[server-1.20.1-20230612.114412-srg.jar%23209!/:?]
	at net.minecraft.world.level.storage.loot.entries.LootItem$Serializer.m_7267_(LootItem.java:55) ~[server-1.20.1-20230612.114412-srg.jar%23209!/:?]
	at net.minecraft.world.level.storage.loot.entries.LootItem$Serializer.m_7267_(LootItem.java:40) ~[server-1.20.1-20230612.114412-srg.jar%23209!/:?]
	at net.minecraft.world.level.storage.loot.entries.LootPoolSingletonContainer$Serializer.m_5921_(LootPoolSingletonContainer.java:151) ~[server-1.20.1-20230612.114412-srg.jar%23209!/:?]
	at net.minecraft.world.level.storage.loot.entries.LootPoolSingletonContainer$Serializer.m_5921_(LootPoolSingletonContainer.java:129) ~[server-1.20.1-20230612.114412-srg.jar%23209!/:?]
	at net.minecraft.world.level.storage.loot.entries.LootPoolEntryContainer$Serializer.m_7561_(LootPoolEntryContainer.java:86) ~[server-1.20.1-20230612.114412-srg.jar%23209!/:?]
	at net.minecraft.world.level.storage.loot.entries.LootPoolEntryContainer$Serializer.m_7561_(LootPoolEntryContainer.java:74) ~[server-1.20.1-20230612.114412-srg.jar%23209!/:?]
	at net.minecraft.world.level.storage.loot.GsonAdapterFactory$JsonAdapter.deserialize(GsonAdapterFactory.java:102) ~[server-1.20.1-20230612.114412-srg.jar%23209!/:?]
	at com.google.gson.internal.bind.TreeTypeAdapter.read(TreeTypeAdapter.java:76) ~[gson-2.10.jar%2372!/:?]
	at com.google.gson.internal.bind.TypeAdapterRuntimeTypeWrapper.read(TypeAdapterRuntimeTypeWrapper.java:40) ~[gson-2.10.jar%2372!/:?]
	at com.google.gson.internal.bind.ArrayTypeAdapter.read(ArrayTypeAdapter.java:72) ~[gson-2.10.jar%2372!/:?]
	at com.google.gson.Gson.fromJson(Gson.java:1214) ~[gson-2.10.jar%2372!/:?]
	at com.google.gson.Gson.fromJson(Gson.java:1319) ~[gson-2.10.jar%2372!/:?]
	at com.google.gson.Gson.fromJson(Gson.java:1290) ~[gson-2.10.jar%2372!/:?]
	at com.google.gson.internal.bind.TreeTypeAdapter$GsonContextImpl.deserialize(TreeTypeAdapter.java:179) ~[gson-2.10.jar%2372!/:?]
	at net.minecraft.util.GsonHelper.m_13808_(GsonHelper.java:463) ~[server-1.20.1-20230612.114412-srg.jar%23209!/:?]
	at net.minecraft.util.GsonHelper.m_13836_(GsonHelper.java:471) ~[server-1.20.1-20230612.114412-srg.jar%23209!/:?]
	at net.minecraft.world.level.storage.loot.LootPool$Serializer.deserialize(LootPool.java:192) ~[server-1.20.1-20230612.114412-srg.jar%23209!/:?]
	at net.minecraft.world.level.storage.loot.LootPool$Serializer.deserialize(LootPool.java:189) ~[server-1.20.1-20230612.114412-srg.jar%23209!/:?]
	at com.google.gson.internal.bind.TreeTypeAdapter.read(TreeTypeAdapter.java:76) ~[gson-2.10.jar%2372!/:?]
	at com.google.gson.internal.bind.TypeAdapterRuntimeTypeWrapper.read(TypeAdapterRuntimeTypeWrapper.java:40) ~[gson-2.10.jar%2372!/:?]
	at com.google.gson.internal.bind.ArrayTypeAdapter.read(ArrayTypeAdapter.java:72) ~[gson-2.10.jar%2372!/:?]
	at com.google.gson.Gson.fromJson(Gson.java:1214) ~[gson-2.10.jar%2372!/:?]
	at com.google.gson.Gson.fromJson(Gson.java:1319) ~[gson-2.10.jar%2372!/:?]
	at com.google.gson.Gson.fromJson(Gson.java:1290) ~[gson-2.10.jar%2372!/:?]
	at com.google.gson.internal.bind.TreeTypeAdapter$GsonContextImpl.deserialize(TreeTypeAdapter.java:179) ~[gson-2.10.jar%2372!/:?]
	at net.minecraft.util.GsonHelper.m_13808_(GsonHelper.java:463) ~[server-1.20.1-20230612.114412-srg.jar%23209!/:?]
	at net.minecraft.util.GsonHelper.m_13845_(GsonHelper.java:481) ~[server-1.20.1-20230612.114412-srg.jar%23209!/:?]
	at net.minecraft.world.level.storage.loot.LootTable$Serializer.deserialize(LootTable.java:294) ~[server-1.20.1-20230612.114412-srg.jar%23209!/:?]
	at net.minecraft.world.level.storage.loot.LootTable$Serializer.deserialize(LootTable.java:291) ~[server-1.20.1-20230612.114412-srg.jar%23209!/:?]
	at com.google.gson.internal.bind.TreeTypeAdapter.read(TreeTypeAdapter.java:76) ~[gson-2.10.jar%2372!/:?]
	at com.google.gson.Gson.fromJson(Gson.java:1214) ~[gson-2.10.jar%2372!/:?]
	at com.google.gson.Gson.fromJson(Gson.java:1319) ~[gson-2.10.jar%2372!/:?]
	at com.google.gson.Gson.fromJson(Gson.java:1261) ~[gson-2.10.jar%2372!/:?]
	at net.minecraftforge.common.ForgeHooks.loadLootTable(ForgeHooks.java:871) ~[forge-1.20.1-47.3.7-universal.jar%23214!/:?]
	at net.minecraftforge.common.ForgeHooks.lambda$getLootTableDeserializer$3(ForgeHooks.java:848) ~[forge-1.20.1-47.3.7-universal.jar%23214!/:?]
	at net.minecraft.world.level.storage.loot.LootDataType.deserialize(LootDataType.java:45) ~[server-1.20.1-20230612.114412-srg.jar%23209!/:?]
	at net.minecraft.world.level.storage.loot.LootDataManager.lambda$scheduleElementParse$4(LootDataManager.java:56) ~[server-1.20.1-20230612.114412-srg.jar%23209!/:?]
	at java.util.HashMap.forEach(HashMap.java:1421) ~[?:?]
	at net.minecraft.world.level.storage.loot.LootDataManager.m_278660_(LootDataManager.java:55) ~[server-1.20.1-20230612.114412-srg.jar%23209!/:?]
	at java.util.concurrent.CompletableFuture$AsyncRun.run(CompletableFuture.java:1804) ~[?:?]
	at java.util.concurrent.CompletableFuture$AsyncRun.exec(CompletableFuture.java:1796) ~[?:?]
	at java.util.concurrent.ForkJoinTask.doExec(ForkJoinTask.java:373) ~[?:?]
	at java.util.concurrent.ForkJoinPool$WorkQueue.topLevelExec(ForkJoinPool.java:1182) ~[?:?]
	at java.util.concurrent.ForkJoinPool.scan(ForkJoinPool.java:1655) ~[?:?]
	at java.util.concurrent.ForkJoinPool.runWorker(ForkJoinPool.java:1622) ~[?:?]
	at java.util.concurrent.ForkJoinWorkerThread.run(ForkJoinWorkerThread.java:165) ~[?:?]
[27May2025 18:40:35.738] [Worker-Main-2/DEBUG] [tombstone/]: Updating LootTables
[27May2025 18:40:36.907] [Worker-Main-1/INFO] [epicfight/]: Register animations from efiscompat
[27May2025 18:40:36.938] [Worker-Main-1/INFO] [epicfight/]: Register animations from epicfight
[27May2025 18:40:37.174] [Worker-Main-1/INFO] [epicfight/]: Register animations from wom
[27May2025 18:40:38.460] [main/WARN] [net.minecraft.world.level.storage.loot.LootDataManager/]: Found loot table element validation problem in {loot_tables:mofus_better_end_:entities/bloodworm}.pools[0].entries[1].functions[1]: Parameters [<parameter minecraft:tool>] are not provided in this context
[27May2025 18:40:38.460] [main/WARN] [net.minecraft.world.level.storage.loot.LootDataManager/]: Found loot table element validation problem in {loot_tables:mofus_better_end_:entities/bloodworm}.pools[0].entries[0].functions[1]: Parameters [<parameter minecraft:tool>] are not provided in this context
[27May2025 18:40:38.462] [main/WARN] [net.minecraft.world.level.storage.loot.LootDataManager/]: Found loot table element validation problem in {loot_tables:mofus_better_end_:entities/crown_squid}.pools[0].entries[1].functions[1]: Parameters [<parameter minecraft:tool>] are not provided in this context
[27May2025 18:40:38.488] [main/ERROR] [net.minecraft.world.item.crafting.RecipeManager/]: Parsing error loading recipe dungeons_and_combat:light_upgrade_molten_bone_greatsword: com.google.gson.JsonSyntaxException: Unknown item 'dungeons_and_combat:deleted_mod_element'
[27May2025 18:40:38.500] [main/ERROR] [net.minecraft.world.item.crafting.RecipeManager/]: Parsing error loading recipe traveloptics:augment_bruteforce_legendary: com.google.gson.JsonSyntaxException: Unknown item 'traveloptics:augment_bruteforce_epic'
[27May2025 18:40:38.512] [main/ERROR] [net.minecraft.world.item.crafting.RecipeManager/]: Parsing error loading recipe mofus_better_end_:end_engine_recipe: com.google.gson.JsonSyntaxException: Unknown item 'mofus_better_end_:deleted_mod_element'
[27May2025 18:40:38.516] [main/ERROR] [net.minecraft.world.item.crafting.RecipeManager/]: Parsing error loading recipe traveloptics:amethyst_bless/augment_bruteforce_blessed: com.google.gson.JsonSyntaxException: Unknown item 'traveloptics:augment_bruteforce_mythic'
[27May2025 18:40:38.524] [main/ERROR] [net.minecraft.world.item.crafting.RecipeManager/]: Parsing error loading recipe legendary_monsters:ancient_dripstone_brick_stairs_left: com.google.gson.JsonSyntaxException: Unknown item 'legendary_monsters:ancient_dripstone_brick'
[27May2025 18:40:38.526] [main/ERROR] [net.minecraft.world.item.crafting.RecipeManager/]: Parsing error loading recipe legendary_monsters:purified_soul: com.google.gson.JsonSyntaxException: Invalid or unsupported recipe type 'minecraft:brewing'
[27May2025 18:40:38.528] [main/ERROR] [net.minecraft.world.item.crafting.RecipeManager/]: Parsing error loading recipe traveloptics:augment_infusion/augment_bruteforce_wild: com.google.gson.JsonSyntaxException: Unknown item 'traveloptics:augment_bruteforce_legendary'
[27May2025 18:40:38.530] [main/ERROR] [net.minecraft.world.item.crafting.RecipeManager/]: Parsing error loading recipe legendary_monsters:dinosaur_bone_meal: com.google.gson.JsonSyntaxException: Unknown item 'legendary_monsters:dinosaur_bone_meal'
[27May2025 18:40:38.543] [main/ERROR] [net.minecraft.world.item.crafting.RecipeManager/]: Parsing error loading recipe dungeons_and_combat:light_upgrade_blazing_halberd: com.google.gson.JsonSyntaxException: Unknown item 'dungeons_and_combat:deleted_mod_element'
[27May2025 18:40:38.548] [main/INFO] [net.minecraft.world.item.crafting.RecipeManager/]: Loaded 9 recipes
[27May2025 18:40:38.711] [main/INFO] [net.minecraft.advancements.AdvancementList/]: Loaded 2228 advancements
[27May2025 18:40:38.721] [main/INFO] [placebo/]: Registered 0 additional recipes.
[27May2025 18:40:39.100] [main/INFO] [top.theillusivec4.curios.Curios/]: Loaded 16 curio slots
[27May2025 18:40:39.106] [main/ERROR] [top.theillusivec4.curios.Curios/]: talisman is not a registered slot type!
[27May2025 18:40:39.107] [main/INFO] [top.theillusivec4.curios.Curios/]: Loaded 1 curio entities
[27May2025 18:40:39.110] [main/WARN] [epicfight/]: Skill cdmoveset:fatalslash doesn't exist in the registry.
[27May2025 18:40:39.111] [main/WARN] [epicfight/]: Skill cdmoveset:sstep doesn't exist in the registry.
[27May2025 18:40:39.152] [main/INFO] [placebo/]: Registered 0 gear_sets.
[27May2025 18:40:39.302] [main/DEBUG] [net.minecraftforge.common.ForgeHooks/WP]: Gathering id map for writing to world save world
[27May2025 18:40:39.347] [main/DEBUG] [net.minecraftforge.common.ForgeHooks/WP]: ID Map collection complete world
[27May2025 18:40:39.416] [main/DEBUG] [mixin/]: Mixing DataFixPlayerDataStorageMixin from mixins.irons_spellbooks.json into net.minecraft.world.level.storage.PlayerDataStorage
[27May2025 18:40:39.423] [Server thread/INFO] [net.minecraft.server.dedicated.DedicatedServer/]: Starting minecraft server version 1.20.1
[27May2025 18:40:39.424] [Server thread/INFO] [net.minecraft.server.dedicated.DedicatedServer/]: Loading properties
[27May2025 18:40:39.424] [Server thread/INFO] [net.minecraft.server.dedicated.DedicatedServer/]: Default game type: SURVIVAL
[27May2025 18:40:39.424] [Server thread/INFO] [net.minecraft.server.MinecraftServer/]: Generating keypair
[27May2025 18:40:39.581] [Server thread/INFO] [net.minecraft.server.dedicated.DedicatedServer/]: Starting Minecraft server on *:25565
[27May2025 18:40:39.582] [Server thread/DEBUG] [net.minecraftforge.network.DualStackUtils/]: Detected IPv6 address: "0:0:0:0:0:0:0:0"
[27May2025 18:40:39.589] [Server thread/DEBUG] [io.netty.util.internal.NativeLibraryLoader/]: -Dio.netty.native.workdir: /tmp (io.netty.tmpdir)
[27May2025 18:40:39.589] [Server thread/DEBUG] [io.netty.util.internal.NativeLibraryLoader/]: -Dio.netty.native.deleteLibAfterLoading: true
[27May2025 18:40:39.589] [Server thread/DEBUG] [io.netty.util.internal.NativeLibraryLoader/]: -Dio.netty.native.tryPatchShadedId: true
[27May2025 18:40:39.589] [Server thread/DEBUG] [io.netty.util.internal.NativeLibraryLoader/]: -Dio.netty.native.detectNativeLibraryDuplicates: true
[27May2025 18:40:39.595] [Server thread/DEBUG] [io.netty.util.internal.NativeLibraryLoader/]: Successfully loaded the library /tmp/libnetty_transport_native_epoll_x86_6415257380269259208603.so
[27May2025 18:40:39.598] [Server thread/DEBUG] [io.netty.util.NetUtil/]: -Djava.net.preferIPv4Stack: false
[27May2025 18:40:39.598] [Server thread/DEBUG] [io.netty.util.NetUtil/]: -Djava.net.preferIPv6Addresses: true
[27May2025 18:40:39.599] [Server thread/DEBUG] [io.netty.util.NetUtilInitializations/]: Loopback interface: lo (lo, 0:0:0:0:0:0:0:1%lo)
[27May2025 18:40:39.599] [Server thread/DEBUG] [io.netty.util.NetUtil/]: /proc/sys/net/core/somaxconn: 4096
[27May2025 18:40:39.603] [Server thread/INFO] [net.minecraft.server.network.ServerConnectionListener/]: Using epoll channel type
[27May2025 18:40:39.616] [Server thread/DEBUG] [io.netty.channel.MultithreadEventLoopGroup/]: -Dio.netty.eventLoopThreads: 8
[27May2025 18:40:39.638] [Server thread/DEBUG] [io.netty.util.internal.PlatformDependent/]: org.jctools-core.MpscChunkedArrayQueue: available
[27May2025 18:40:39.647] [Server thread/DEBUG] [io.netty.channel.DefaultChannelId/]: -Dio.netty.processId: 10270 (auto-detected)
[27May2025 18:40:39.648] [Server thread/DEBUG] [io.netty.channel.DefaultChannelId/]: -Dio.netty.machineId: 60:45:bd:ff:fe:c0:bc:87 (auto-detected)
[27May2025 18:40:39.668] [Server thread/DEBUG] [io.netty.buffer.PooledByteBufAllocator/]: -Dio.netty.allocator.numHeapArenas: 8
[27May2025 18:40:39.668] [Server thread/DEBUG] [io.netty.buffer.PooledByteBufAllocator/]: -Dio.netty.allocator.numDirectArenas: 8
[27May2025 18:40:39.668] [Server thread/DEBUG] [io.netty.buffer.PooledByteBufAllocator/]: -Dio.netty.allocator.pageSize: 8192
[27May2025 18:40:39.668] [Server thread/DEBUG] [io.netty.buffer.PooledByteBufAllocator/]: -Dio.netty.allocator.maxOrder: 9
[27May2025 18:40:39.668] [Server thread/DEBUG] [io.netty.buffer.PooledByteBufAllocator/]: -Dio.netty.allocator.chunkSize: 4194304
[27May2025 18:40:39.668] [Server thread/DEBUG] [io.netty.buffer.PooledByteBufAllocator/]: -Dio.netty.allocator.smallCacheSize: 256
[27May2025 18:40:39.668] [Server thread/DEBUG] [io.netty.buffer.PooledByteBufAllocator/]: -Dio.netty.allocator.normalCacheSize: 64
[27May2025 18:40:39.669] [Server thread/DEBUG] [io.netty.buffer.PooledByteBufAllocator/]: -Dio.netty.allocator.maxCachedBufferCapacity: 32768
[27May2025 18:40:39.669] [Server thread/DEBUG] [io.netty.buffer.PooledByteBufAllocator/]: -Dio.netty.allocator.cacheTrimInterval: 8192
[27May2025 18:40:39.669] [Server thread/DEBUG] [io.netty.buffer.PooledByteBufAllocator/]: -Dio.netty.allocator.cacheTrimIntervalMillis: 0
[27May2025 18:40:39.669] [Server thread/DEBUG] [io.netty.buffer.PooledByteBufAllocator/]: -Dio.netty.allocator.useCacheForAllThreads: false
[27May2025 18:40:39.669] [Server thread/DEBUG] [io.netty.buffer.PooledByteBufAllocator/]: -Dio.netty.allocator.maxCachedByteBuffersPerChunk: 1023
[27May2025 18:40:39.675] [Server thread/DEBUG] [io.netty.buffer.ByteBufUtil/]: -Dio.netty.allocator.type: pooled
[27May2025 18:40:39.675] [Server thread/DEBUG] [io.netty.buffer.ByteBufUtil/]: -Dio.netty.threadLocalDirectBufferSize: 0
[27May2025 18:40:39.675] [Server thread/DEBUG] [io.netty.buffer.ByteBufUtil/]: -Dio.netty.maxThreadLocalCharBufferSize: 16384
[27May2025 18:40:39.682] [Server thread/WARN] [net.minecraft.server.dedicated.DedicatedServer/]: **** SERVER IS RUNNING IN OFFLINE/INSECURE MODE!
[27May2025 18:40:39.682] [Server thread/WARN] [net.minecraft.server.dedicated.DedicatedServer/]: The server will make no attempt to authenticate usernames. Beware.
[27May2025 18:40:39.683] [Server thread/WARN] [net.minecraft.server.dedicated.DedicatedServer/]: While this makes the game possible to play without internet access, it also opens up the ability for hackers to connect with any username they choose.
[27May2025 18:40:39.683] [Server thread/WARN] [net.minecraft.server.dedicated.DedicatedServer/]: To change this, set "online-mode" to "true" in the server.properties file.
[27May2025 18:40:39.693] [Server thread/DEBUG] [mixin/]: Mixing ClientboundSetChunkCacheRadiusPacketMixin from dynview.mixins.json into net.minecraft.network.protocol.game.ClientboundSetChunkCacheRadiusPacket
[27May2025 18:40:39.695] [Server thread/INFO] [com.cupboard.Cupboard/]: Loaded config for: dynamicview.json
[27May2025 18:40:39.698] [Server thread/DEBUG] [net.minecraftforge.fml.config.ConfigTracker/CONFIG]: Loading configs type SERVER
[27May2025 18:40:39.698] [Server thread/DEBUG] [net.minecraftforge.fml.config.ConfigFileTypeHandler/CONFIG]: Built TOML config for ./world/serverconfig/journeymap-server.toml
[27May2025 18:40:39.698] [Server thread/DEBUG] [net.minecraftforge.fml.config.ConfigFileTypeHandler/CONFIG]: Loaded TOML config file ./world/serverconfig/journeymap-server.toml
[27May2025 18:40:39.699] [Server thread/DEBUG] [net.minecraftforge.fml.config.ConfigFileTypeHandler/CONFIG]: Watching TOML config file ./world/serverconfig/journeymap-server.toml for changes
[27May2025 18:40:39.699] [Server thread/INFO] [journeymap/]: Loading JourneyMap Forge Configs
[27May2025 18:40:39.700] [Server thread/DEBUG] [net.minecraftforge.fml.config.ConfigFileTypeHandler/CONFIG]: Built TOML config for ./world/serverconfig/jei-server.toml
[27May2025 18:40:39.700] [Server thread/DEBUG] [net.minecraftforge.fml.config.ConfigFileTypeHandler/CONFIG]: Loaded TOML config file ./world/serverconfig/jei-server.toml
[27May2025 18:40:39.700] [Server thread/DEBUG] [net.minecraftforge.fml.config.ConfigFileTypeHandler/CONFIG]: Watching TOML config file ./world/serverconfig/jei-server.toml for changes
[27May2025 18:40:39.701] [Server thread/DEBUG] [net.minecraftforge.fml.config.ConfigFileTypeHandler/CONFIG]: Built TOML config for ./world/serverconfig/travelersbackpack-server.toml
[27May2025 18:40:39.702] [Server thread/DEBUG] [net.minecraftforge.fml.config.ConfigFileTypeHandler/CONFIG]: Loaded TOML config file ./world/serverconfig/travelersbackpack-server.toml
[27May2025 18:40:39.702] [Server thread/DEBUG] [net.minecraftforge.fml.config.ConfigFileTypeHandler/CONFIG]: Watching TOML config file ./world/serverconfig/travelersbackpack-server.toml for changes
[27May2025 18:40:39.712] [Server thread/DEBUG] [net.minecraftforge.fml.config.ConfigFileTypeHandler/CONFIG]: Built TOML config for ./world/serverconfig/forge-server.toml
[27May2025 18:40:39.712] [Server thread/DEBUG] [net.minecraftforge.fml.config.ConfigFileTypeHandler/CONFIG]: Loaded TOML config file ./world/serverconfig/forge-server.toml
[27May2025 18:40:39.712] [Server thread/DEBUG] [net.minecraftforge.fml.config.ConfigFileTypeHandler/CONFIG]: Watching TOML config file ./world/serverconfig/forge-server.toml for changes
[27May2025 18:40:39.712] [Server thread/DEBUG] [net.minecraftforge.common.ForgeConfig/FORGEMOD]: Loaded forge config file forge-server.toml
[27May2025 18:40:39.713] [Server thread/DEBUG] [net.minecraftforge.fml.config.ConfigFileTypeHandler/CONFIG]: Built TOML config for ./world/serverconfig/curios-server.toml
[27May2025 18:40:39.713] [Server thread/DEBUG] [net.minecraftforge.fml.config.ConfigFileTypeHandler/CONFIG]: Loaded TOML config file ./world/serverconfig/curios-server.toml
[27May2025 18:40:39.714] [Server thread/DEBUG] [net.minecraftforge.fml.config.ConfigFileTypeHandler/CONFIG]: Watching TOML config file ./world/serverconfig/curios-server.toml for changes
[27May2025 18:40:39.714] [Server thread/DEBUG] [net.minecraftforge.fml.config.ConfigFileTypeHandler/CONFIG]: Built TOML config for /workspaces/Minecraft/servidor_minecraft/config/tombstone-server.toml
[27May2025 18:40:39.715] [Server thread/DEBUG] [net.minecraftforge.fml.config.ConfigFileTypeHandler/CONFIG]: Loaded TOML config file /workspaces/Minecraft/servidor_minecraft/config/tombstone-server.toml
[27May2025 18:40:39.715] [Server thread/DEBUG] [net.minecraftforge.fml.config.ConfigFileTypeHandler/CONFIG]: Watching TOML config file /workspaces/Minecraft/servidor_minecraft/config/tombstone-server.toml for changes
[27May2025 18:40:39.716] [Server thread/DEBUG] [net.minecraftforge.fml.config.ConfigFileTypeHandler/CONFIG]: Built TOML config for ./world/serverconfig/irons_spellbooks-server.toml
[27May2025 18:40:39.719] [Server thread/DEBUG] [net.minecraftforge.fml.config.ConfigFileTypeHandler/CONFIG]: Loaded TOML config file ./world/serverconfig/irons_spellbooks-server.toml
[27May2025 18:40:39.719] [Server thread/DEBUG] [net.minecraftforge.fml.config.ConfigFileTypeHandler/CONFIG]: Watching TOML config file ./world/serverconfig/irons_spellbooks-server.toml for changes
[27May2025 18:40:39.721] [Server thread/DEBUG] [io.redspace.ironsspellbooks.IronsSpellbooks/]: ServerConfigs load item blacklists:
[27May2025 18:40:39.806] [Server thread/INFO] [net.jadenxgamer.elysium_api.Elysium/]: ElysiumBiomeSource successfully initialized for minecraft:overworld
[27May2025 18:40:39.807] [Server thread/INFO] [net.jadenxgamer.elysium_api.Elysium/]: ElysiumBiomeSource successfully initialized for minecraft:the_nether
[27May2025 18:40:39.809] [Server thread/INFO] [net.minecraft.server.dedicated.DedicatedServer/]: Preparing level "world"
[27May2025 18:40:39.809] [Server thread/DEBUG] [mixin/]: Mixing feature.branding.BrandingControlMixin from modernfix-forge.mixins.json into net.minecraftforge.internal.BrandingControl
[27May2025 18:40:39.817] [Server thread/DEBUG] [net.minecraftforge.coremod.transformer.CoreModBaseTransformer/COREMOD]: Transforming net/minecraft/world/level/levelgen/PhantomSpawner
[27May2025 18:40:39.822] [Server thread/DEBUG] [net.minecraftforge.coremod.transformer.CoreModBaseTransformer/COREMOD]: Transforming net/minecraft/world/level/levelgen/PatrolSpawner
[27May2025 18:40:39.825] [Server thread/DEBUG] [net.minecraftforge.coremod.transformer.CoreModBaseTransformer/COREMOD]: Transforming net/minecraft/world/entity/npc/CatSpawner
[27May2025 18:40:39.828] [Server thread/DEBUG] [net.minecraftforge.coremod.transformer.CoreModBaseTransformer/COREMOD]: Transforming net/minecraft/world/entity/ai/village/VillageSiege
[27May2025 18:40:39.835] [Server thread/DEBUG] [mixin/]: Mixing optimizations.misc.MapItemSavedDataMixin from servercore.common.mixins.json into net.minecraft.world.level.saveddata.maps.MapItemSavedData
[27May2025 18:40:39.835] [Server thread/DEBUG] [mixin/]: servercore.common.mixins.json:optimizations.misc.MapItemSavedDataMixin: Class version 61 required is higher than the class version supported by the current version of Mixin (JAVA_16 supports class version 60)
[27May2025 18:40:39.840] [Server thread/DEBUG] [mixin/]: Mixing ChunkLoadDebug from cupboard.mixins.json into net.minecraft.server.level.ServerChunkCache
[27May2025 18:40:39.841] [Server thread/DEBUG] [mixin/]: Mixing optimizations.ticking.chunk.broadcast.ServerChunkCacheMixin from servercore.common.mixins.json into net.minecraft.server.level.ServerChunkCache
[27May2025 18:40:39.841] [Server thread/DEBUG] [mixin/]: servercore.common.mixins.json:optimizations.ticking.chunk.broadcast.ServerChunkCacheMixin: Class version 61 required is higher than the class version supported by the current version of Mixin (JAVA_16 supports class version 60)
[27May2025 18:40:39.843] [Server thread/DEBUG] [mixin/]: Mixing optimizations.ticking.chunk.cache.ServerChunkCacheMixin from servercore.common.mixins.json into net.minecraft.server.level.ServerChunkCache
[27May2025 18:40:39.843] [Server thread/DEBUG] [mixin/]: servercore.common.mixins.json:optimizations.ticking.chunk.cache.ServerChunkCacheMixin: Class version 61 required is higher than the class version supported by the current version of Mixin (JAVA_16 supports class version 60)
[27May2025 18:40:39.843] [Server thread/DEBUG] [mixin/]: Mixing optimizations.ticking.chunk.random.ServerChunkCacheMixin from servercore.common.mixins.json into net.minecraft.server.level.ServerChunkCache
[27May2025 18:40:39.843] [Server thread/DEBUG] [mixin/]: servercore.common.mixins.json:optimizations.ticking.chunk.random.ServerChunkCacheMixin: Class version 61 required is higher than the class version supported by the current version of Mixin (JAVA_16 supports class version 60)
[27May2025 18:40:39.844] [Server thread/DEBUG] [mixin/]: Mixing alloc.chunk_ticking.ServerChunkCacheMixin from canary.mixins.json into net.minecraft.server.level.ServerChunkCache
[27May2025 18:40:39.844] [Server thread/DEBUG] [mixin/]: Mixing world.chunk_access.ServerChunkCacheMixin from canary.mixins.json into net.minecraft.server.level.ServerChunkCache
[27May2025 18:40:39.844] [Server thread/DEBUG] [mixin/]: Renaming synthetic method lambda$getChunkOffThread$0(IILnet/minecraft/world/level/chunk/ChunkStatus;Z)Lnet/minecraft/world/level/chunk/ChunkAccess; to md9c0b19$lambda$getChunkOffThread$0$0 in canary.mixins.json:world.chunk_access.ServerChunkCacheMixin
[27May2025 18:40:39.848] [Server thread/DEBUG] [mixin/]: Mixing bugfix.chunk_deadlock.ServerChunkCache_CurrentLoadingMixin from modernfix-forge.mixins.json into net.minecraft.server.level.ServerChunkCache
[27May2025 18:40:39.860] [Server thread/WARN] [mixin/]: @Redirect conflict. Skipping servercore.common.mixins.json:optimizations.ticking.chunk.cache.ServerChunkCacheMixin->@Redirect::servercore$noList(I)Ljava/util/ArrayList; with priority 900, already redirected by canary.mixins.json:alloc.chunk_ticking.ServerChunkCacheMixin->@Redirect::redirectChunksListClone(I)Ljava/util/ArrayList; with priority 1000
[27May2025 18:40:39.876] [Server thread/DEBUG] [mixin/]: Mixing DamageSourcesMixin from tombstone.mixins.json into net.minecraft.world.damagesource.DamageSources
[27May2025 18:40:39.880] [Server thread/DEBUG] [mixin/]: Mixing collections.entity_ticking.EntityTickListMixin from canary.mixins.json into net.minecraft.world.level.entity.EntityTickList
[27May2025 18:40:39.883] [Server thread/DEBUG] [mixin/]: Mixing world.tick_scheduler.LevelChunkTicksMixin from canary.mixins.json into net.minecraft.world.ticks.LevelChunkTicks
[27May2025 18:40:39.883] [Server thread/DEBUG] [mixin/]: Renaming synthetic method lambda$queueTick$0(J)Lcom/abdelaziz/canary/common/world/scheduler/OrderedTickQueue; to md9c0b19$lambda$queueTick$0$0 in canary.mixins.json:world.tick_scheduler.LevelChunkTicksMixin
[27May2025 18:40:39.912] [Server thread/DEBUG] [mixin/]: Mixing ai.replace_streams.storage.PersistentEntitySectionManagerMixin from canary.mixins.json into net.minecraft.world.level.entity.PersistentEntitySectionManager
[27May2025 18:40:39.913] [Server thread/DEBUG] [mixin/]: Renaming synthetic method lambda$processChunkUnload$0(Lnet/minecraft/world/level/entity/EntityAccess;)V to md9c0b19$lambda$processChunkUnload$0$0 in canary.mixins.json:ai.replace_streams.storage.PersistentEntitySectionManagerMixin
[27May2025 18:40:39.918] [Server thread/DEBUG] [mixin/]: Mixing util.accessors.PersistentEntitySectionManagerAccessor from canary.mixins.json into net.minecraft.world.level.entity.PersistentEntitySectionManager
[27May2025 18:40:39.925] [Server thread/DEBUG] [mixin/]: Mixing entity.inactive_navigations.EntityCallbacksMixin from canary.mixins.json into net.minecraft.server.level.ServerLevel$EntityCallbacks
[27May2025 18:40:39.930] [Server thread/DEBUG] [mixin/]: Mixing entity.fast_retrieval.EntitySectionStorageMixin from canary.mixins.json into net.minecraft.world.level.entity.EntitySectionStorage
[27May2025 18:40:39.931] [Server thread/DEBUG] [mixin/]: Mixing util.entity_movement_tracking.EntitySectionStorageMixin from canary.mixins.json into net.minecraft.world.level.entity.EntitySectionStorage
[27May2025 18:40:39.934] [Server thread/DEBUG] [mixin/]: Mixing util.entity_section_position.EntitySectionStorageMixin from canary.mixins.json into net.minecraft.world.level.entity.EntitySectionStorage
[27May2025 18:40:39.945] [Server thread/DEBUG] [mixin/]: Mixing perf.ticking_chunk_alloc.ChunkHolderMixin from modernfix-common.mixins.json into net.minecraft.server.level.ChunkHolder
[27May2025 18:40:39.945] [Server thread/DEBUG] [mixin/]: Mixing optimizations.ticking.chunk.broadcast.ChunkHolderMixin from servercore.common.mixins.json into net.minecraft.server.level.ChunkHolder
[27May2025 18:40:39.945] [Server thread/DEBUG] [mixin/]: servercore.common.mixins.json:optimizations.ticking.chunk.broadcast.ChunkHolderMixin: Class version 61 required is higher than the class version supported by the current version of Mixin (JAVA_16 supports class version 60)
[27May2025 18:40:39.946] [Server thread/DEBUG] [mixin/]: Mixing chunk.replace_streams.ChunkHolderMixin from canary.mixins.json into net.minecraft.server.level.ChunkHolder
[27May2025 18:40:39.946] [Server thread/DEBUG] [mixin/]: Mixing world.chunk_access.ChunkHolderMixin from canary.mixins.json into net.minecraft.server.level.ChunkHolder
[27May2025 18:40:39.960] [Server thread/DEBUG] [mixin/]: Mixing bugfix.paper_chunk_patches.ChunkMapMixin from modernfix-common.mixins.json into net.minecraft.server.level.ChunkMap
[27May2025 18:40:39.961] [Server thread/DEBUG] [mixin/]: Renaming synthetic method lambda$useLegacySchedulingLogic$1(Lnet/minecraft/world/level/chunk/ChunkStatus;Lnet/minecraft/world/level/ChunkPos;Lnet/minecraft/server/level/ChunkHolder;Lcom/mojang/datafixers/util/Either;)Ljava/util/concurrent/CompletionStage; to md9c0b19$lambda$useLegacySchedulingLogic$1$0 in modernfix-common.mixins.json:bugfix.paper_chunk_patches.ChunkMapMixin
[27May2025 18:40:39.961] [Server thread/DEBUG] [mixin/]: Renaming synthetic method lambda$useLegacySchedulingLogic$0(Lnet/minecraft/server/level/ChunkHolder;Lnet/minecraft/world/level/chunk/ChunkAccess;)Ljava/util/concurrent/CompletableFuture; to md9c0b19$lambda$useLegacySchedulingLogic$0$1 in modernfix-common.mixins.json:bugfix.paper_chunk_patches.ChunkMapMixin
[27May2025 18:40:39.962] [Server thread/DEBUG] [mixin/]: Mixing bugfix.chunk_deadlock.ChunkMapLoadMixin from modernfix-forge.mixins.json into net.minecraft.server.level.ChunkMap
[27May2025 18:40:39.963] [Server thread/DEBUG] [mixin/]: Mixing features.dynamic.ChunkMapMixin from servercore.common.mixins.json into net.minecraft.server.level.ChunkMap
[27May2025 18:40:39.963] [Server thread/DEBUG] [mixin/]: servercore.common.mixins.json:features.dynamic.ChunkMapMixin: Class version 61 required is higher than the class version supported by the current version of Mixin (JAVA_16 supports class version 60)
[27May2025 18:40:39.980] [Server thread/DEBUG] [mixin/]: Mixing chunk.replace_streams.DistanceManagerMixin from canary.mixins.json into net.minecraft.server.level.DistanceManager
[27May2025 18:40:39.988] [Server thread/DEBUG] [mixin/]: Mixing NoiseConfigMixin from mixins.mofus_better_end_.json into net.minecraft.world.level.levelgen.RandomState
[27May2025 18:40:40.204] [Server thread/DEBUG] [mixin/]: Mixing ClimateSamplerMixin from mixins.mofus_better_end_.json into net.minecraft.world.level.biome.Climate$Sampler
[27May2025 18:40:40.215] [Server thread/DEBUG] [mixin/]: Mixing perf.cache_strongholds.ChunkGeneratorMixin from modernfix-common.mixins.json into net.minecraft.world.level.chunk.ChunkGeneratorStructureState
[27May2025 18:40:40.215] [Server thread/DEBUG] [mixin/]: Renaming synthetic method lambda$saveCachedData$0(Ljava/util/List;)Ljava/util/List; to md9c0b19$lambda$saveCachedData$0$0 in modernfix-common.mixins.json:perf.cache_strongholds.ChunkGeneratorMixin
[27May2025 18:40:40.242] [Server thread/DEBUG] [mixin/]: Mixing chunk.no_validation.SimpleBitStorageMixin from canary.mixins.json into net.minecraft.util.SimpleBitStorage
[27May2025 18:40:40.242] [Server thread/DEBUG] [mixin/]: Mixing chunk.serialization.SimpleBitStorageMixin from canary.mixins.json into net.minecraft.util.SimpleBitStorage
[27May2025 18:40:40.257] [Server thread/DEBUG] [mixin/]: Mixing ai.poi.PoiManagerMixin from canary.mixins.json into net.minecraft.world.entity.ai.village.poi.PoiManager
[27May2025 18:40:40.257] [Server thread/DEBUG] [mixin/]: Renaming synthetic method lambda$withinSphereChunkSectionSorted$6(Lnet/minecraft/core/BlockPos;DLjava/util/ArrayList;Lnet/minecraft/world/entity/ai/village/poi/PoiRecord;)V to md9c0b19$lambda$withinSphereChunkSectionSorted$6$0 in canary.mixins.json:ai.poi.PoiManagerMixin
[27May2025 18:40:40.257] [Server thread/DEBUG] [mixin/]: Renaming synthetic method lambda$withinSphereChunkSectionSortedStream$5(Ljava/util/function/Predicate;Lnet/minecraft/world/entity/ai/village/poi/PoiManager$Occupancy;Lnet/minecraft/core/BlockPos;DLjava/util/stream/Stream;)Ljava/util/stream/Stream; to md9c0b19$lambda$withinSphereChunkSectionSortedStream$5$1 in canary.mixins.json:ai.poi.PoiManagerMixin
[27May2025 18:40:40.257] [Server thread/DEBUG] [mixin/]: Renaming synthetic method lambda$withinSphereChunkSectionSortedStream$4(Ljava/util/function/Predicate;Lnet/minecraft/world/entity/ai/village/poi/PoiManager$Occupancy;Lnet/minecraft/core/BlockPos;DLnet/minecraft/world/entity/ai/village/poi/PoiSection;)Ljava/util/stream/Stream; to md9c0b19$lambda$withinSphereChunkSectionSortedStream$4$2 in canary.mixins.json:ai.poi.PoiManagerMixin
[27May2025 18:40:40.257] [Server thread/DEBUG] [mixin/]: Renaming synthetic method lambda$withinSphereChunkSectionSortedStream$3(Lnet/minecraft/core/BlockPos;DLnet/minecraft/world/entity/ai/village/poi/PoiRecord;)Z to md9c0b19$lambda$withinSphereChunkSectionSortedStream$3$3 in canary.mixins.json:ai.poi.PoiManagerMixin
[27May2025 18:40:40.258] [Server thread/DEBUG] [mixin/]: Renaming synthetic method lambda$findNearestForPortalLogic$2(Lnet/minecraft/world/level/border/WorldBorder;Ljava/util/function/Predicate;Lnet/minecraft/world/entity/ai/village/poi/PoiRecord;)Z to md9c0b19$lambda$findNearestForPortalLogic$2$4 in canary.mixins.json:ai.poi.PoiManagerMixin
[27May2025 18:40:40.258] [Server thread/DEBUG] [mixin/]: Renaming synthetic method lambda$findClosest$1(Ljava/util/function/Predicate;Lnet/minecraft/world/entity/ai/village/poi/PoiRecord;)Z to md9c0b19$lambda$findClosest$1$5 in canary.mixins.json:ai.poi.PoiManagerMixin
[27May2025 18:40:40.258] [Server thread/DEBUG] [mixin/]: Renaming synthetic method lambda$getInChunk$0(Ljava/util/function/Predicate;Lnet/minecraft/world/entity/ai/village/poi/PoiManager$Occupancy;Lnet/minecraft/world/entity/ai/village/poi/PoiSection;)Ljava/util/stream/Stream; to md9c0b19$lambda$getInChunk$0$6 in canary.mixins.json:ai.poi.PoiManagerMixin
[27May2025 18:40:40.260] [Server thread/DEBUG] [mixin/]: Mixing ai.poi.fast_portals.PoiManagerMixin from canary.mixins.json into net.minecraft.world.entity.ai.village.poi.PoiManager
[27May2025 18:40:40.269] [Server thread/DEBUG] [mixin/]: Mixing ai.poi.SectionStorageMixin from canary.mixins.json into net.minecraft.world.level.chunk.storage.SectionStorage
[27May2025 18:40:40.270] [Server thread/DEBUG] [mixin/]: Renaming synthetic method lambda$getInChunkColumn$0(Ljava/util/BitSet;Lit/unimi/dsi/fastutil/longs/Long2ObjectMap;ILnet/minecraft/world/level/LevelHeightAccessor;I)Ljava/util/Iterator; to md9c0b19$lambda$getInChunkColumn$0$0 in canary.mixins.json:ai.poi.SectionStorageMixin
[27May2025 18:40:40.278] [Server thread/DEBUG] [mixin/]: Mixing ai.poi.PoiSectionMixin from canary.mixins.json into net.minecraft.world.entity.ai.village.poi.PoiSection
[27May2025 18:40:40.278] [Server thread/DEBUG] [mixin/]: Renaming synthetic method lambda$computeIfAbsent$0(Ljava/lang/Object;)Ljava/lang/Object; to md9c0b19$lambda$computeIfAbsent$0$0 in canary.mixins.json:ai.poi.PoiSectionMixin
[27May2025 18:40:40.286] [Server thread/DEBUG] [mixin/]: Mixing ai.poi.fast_portals.PortalForcerMixin from canary.mixins.json into net.minecraft.world.level.portal.PortalForcer
[27May2025 18:40:40.286] [Server thread/DEBUG] [mixin/]: Renaming synthetic method lambda$findPortalAround$2(Lnet/minecraft/world/entity/ai/village/poi/PoiRecord;)Lnet/minecraft/BlockUtil$FoundRectangle; to md9c0b19$lambda$findPortalAround$2$0 in canary.mixins.json:ai.poi.fast_portals.PortalForcerMixin
[27May2025 18:40:40.286] [Server thread/DEBUG] [mixin/]: Renaming synthetic method lambda$findPortalAround$1(Lnet/minecraft/world/level/block/state/BlockState;Lnet/minecraft/core/BlockPos;)Z to md9c0b19$lambda$findPortalAround$1$1 in canary.mixins.json:ai.poi.fast_portals.PortalForcerMixin
[27May2025 18:40:40.286] [Server thread/DEBUG] [mixin/]: Renaming synthetic method lambda$findPortalAround$0(Lnet/minecraft/world/entity/ai/village/poi/PoiRecord;)Z to md9c0b19$lambda$findPortalAround$0$2 in canary.mixins.json:ai.poi.fast_portals.PortalForcerMixin
[27May2025 18:40:40.301] [Server thread/DEBUG] [mixin/]: Mixing perf.faster_structure_location.StructureCheckMixin from modernfix-common.mixins.json into net.minecraft.world.level.levelgen.structure.StructureCheck
[27May2025 18:40:40.301] [Server thread/DEBUG] [mixin/]: Mixing optimizations.sync_loads.StructureCheckMixin from servercore.common.mixins.json into net.minecraft.world.level.levelgen.structure.StructureCheck
[27May2025 18:40:40.301] [Server thread/DEBUG] [mixin/]: servercore.common.mixins.json:optimizations.sync_loads.StructureCheckMixin: Class version 61 required is higher than the class version supported by the current version of Mixin (JAVA_16 supports class version 60)
[27May2025 18:40:40.306] [Server thread/DEBUG] [mixin/]: Mixing StructureManagerAccessor from cataclysm.mixins.json into net.minecraft.world.level.StructureManager
[27May2025 18:40:40.321] [Server thread/DEBUG] [ModernFix/]: Loaded stronghold cache for dimension minecraft:overworld with 128 positions
[27May2025 18:40:40.391] [Server thread/DEBUG] [mixin/]: Mixing features.activation_range.inactive_ticks.GoalSelectorMixin from servercore.common.mixins.json into net.minecraft.world.entity.ai.goal.GoalSelector
[27May2025 18:40:40.391] [Server thread/DEBUG] [mixin/]: servercore.common.mixins.json:features.activation_range.inactive_ticks.GoalSelectorMixin: Class version 61 required is higher than the class version supported by the current version of Mixin (JAVA_16 supports class version 60)
[27May2025 18:40:40.392] [Server thread/DEBUG] [mixin/]: Mixing collections.goals.GoalSelectorMixin from canary.mixins.json into net.minecraft.world.entity.ai.goal.GoalSelector
[27May2025 18:40:40.397] [Server thread/DEBUG] [mixin/]: Mixing ai.pathing.WalkNodeEvaluatorMixin from canary.mixins.json into net.minecraft.world.level.pathfinder.WalkNodeEvaluator
[27May2025 18:40:40.401] [Server thread/DEBUG] [mixin/]: Mixing ai.pathing.FlyNodeEvaluatorMixin from canary.mixins.json into net.minecraft.world.level.pathfinder.FlyNodeEvaluator
[27May2025 18:40:40.407] [Server thread/DEBUG] [mixin/]: Mixing optimizations.misc.PathFinderMixin from servercore.common.mixins.json into net.minecraft.world.level.pathfinder.PathFinder
[27May2025 18:40:40.407] [Server thread/DEBUG] [mixin/]: servercore.common.mixins.json:optimizations.misc.PathFinderMixin: Class version 61 required is higher than the class version supported by the current version of Mixin (JAVA_16 supports class version 60)
[27May2025 18:40:40.461] [Server thread/DEBUG] [mixin/]: Mixing alloc.explosion_behavior.EntityBasedExplosionDamageCalculatorMixin from canary.mixins.json into net.minecraft.world.level.EntityBasedExplosionDamageCalculator
[27May2025 18:40:40.556] [Thread-0/INFO] [ModernFix/]: Please use /mfsrc to reload any changed mod config files
[27May2025 18:40:40.561] [Server thread/DEBUG] [mixin/]: Mixing optimizations.sync_loads.DynamicGameEventListenerMixin from servercore.common.mixins.json into net.minecraft.world.level.gameevent.DynamicGameEventListener
[27May2025 18:40:40.561] [Server thread/DEBUG] [mixin/]: servercore.common.mixins.json:optimizations.sync_loads.DynamicGameEventListenerMixin: Class version 61 required is higher than the class version supported by the current version of Mixin (JAVA_16 supports class version 60)
[27May2025 18:40:40.625] [Server thread/DEBUG] [mixin/]: Mixing ai.task.memory_change_counting.BehaviorMixin from canary.mixins.json into net.minecraft.world.entity.ai.behavior.Behavior
[27May2025 18:40:40.649] [Server thread/DEBUG] [mixin/]: Mixing ai.task.replace_streams.GateBehaviorMixin from canary.mixins.json into net.minecraft.world.entity.ai.behavior.GateBehavior
[27May2025 18:40:40.656] [Server thread/DEBUG] [mixin/]: Mixing ai.task.replace_streams.ShufflingListMixin from canary.mixins.json into net.minecraft.world.entity.ai.behavior.ShufflingList
[27May2025 18:40:40.669] [Server thread/DEBUG] [mixin/]: Mixing features.breeding_cap.tasks.AnimalMakeLoveMixin from servercore.common.mixins.json into net.minecraft.world.entity.ai.behavior.AnimalMakeLove
[27May2025 18:40:40.669] [Server thread/DEBUG] [mixin/]: servercore.common.mixins.json:features.breeding_cap.tasks.AnimalMakeLoveMixin: Class version 61 required is higher than the class version supported by the current version of Mixin (JAVA_16 supports class version 60)
[27May2025 18:40:40.758] [Server thread/DEBUG] [mixin/]: Mixing entity.PiglinAiMixin from mixins.elysium_api.json into net.minecraft.world.entity.monster.piglin.PiglinAi
[27May2025 18:40:40.758] [Server thread/DEBUG] [mixin/]: Mixing PiglinAiMixin from relics.mixins.json into net.minecraft.world.entity.monster.piglin.PiglinAi
[27May2025 18:40:40.758] [Server thread/DEBUG] [mixin/]: relics.mixins.json:PiglinAiMixin: Class version 61 required is higher than the class version supported by the current version of Mixin (JAVA_8 supports class version 52)
[27May2025 18:40:40.760] [Server thread/DEBUG] [mixin/]: Mixing MixinPiglinAi from curios.mixins.json into net.minecraft.world.entity.monster.piglin.PiglinAi
[27May2025 18:40:40.818] [Server thread/DEBUG] [epicfight/]: Cannot find the joint named Knee_R in yesman.epicfight.model.armature.VexArmature
[27May2025 18:40:40.818] [Server thread/DEBUG] [epicfight/]: Cannot find the joint named Knee_L in yesman.epicfight.model.armature.VexArmature
[27May2025 18:40:40.818] [Server thread/DEBUG] [epicfight/]: Cannot find the joint named Elbow_R in yesman.epicfight.model.armature.VexArmature
[27May2025 18:40:40.818] [Server thread/DEBUG] [epicfight/]: Cannot find the joint named Elbow_L in yesman.epicfight.model.armature.VexArmature
[27May2025 18:40:40.818] [Server thread/DEBUG] [epicfight/]: Cannot find the joint named Knee_R in yesman.epicfight.model.armature.VexArmature
[27May2025 18:40:40.818] [Server thread/DEBUG] [epicfight/]: Cannot find the joint named Knee_L in yesman.epicfight.model.armature.VexArmature
[27May2025 18:40:40.818] [Server thread/DEBUG] [epicfight/]: Cannot find the joint named Elbow_R in yesman.epicfight.model.armature.VexArmature
[27May2025 18:40:40.818] [Server thread/DEBUG] [epicfight/]: Cannot find the joint named Elbow_L in yesman.epicfight.model.armature.VexArmature
[27May2025 18:40:40.842] [Server thread/DEBUG] [mixin/]: Mixing optimizations.sync_loads.SleepInBedMixin from servercore.common.mixins.json into net.minecraft.world.entity.ai.behavior.SleepInBed
[27May2025 18:40:40.843] [Server thread/DEBUG] [mixin/]: servercore.common.mixins.json:optimizations.sync_loads.SleepInBedMixin: Class version 61 required is higher than the class version supported by the current version of Mixin (JAVA_16 supports class version 60)
[27May2025 18:40:40.851] [Server thread/DEBUG] [mixin/]: Mixing features.breeding_cap.tasks.VillagerMakeLoveMixin from servercore.common.mixins.json into net.minecraft.world.entity.ai.behavior.VillagerMakeLove
[27May2025 18:40:40.851] [Server thread/DEBUG] [mixin/]: servercore.common.mixins.json:features.breeding_cap.tasks.VillagerMakeLoveMixin: Class version 61 required is higher than the class version supported by the current version of Mixin (JAVA_16 supports class version 60)
[27May2025 18:40:40.857] [Server thread/DEBUG] [mixin/]: Mixing ai.poi.tasks.LocateHidingPlaceMixin from canary.mixins.json into net.minecraft.world.entity.ai.behavior.LocateHidingPlace
[27May2025 18:40:40.959] [Server thread/ERROR] [net.minecraftforge.fml.loading.RuntimeDistCleaner/DISTXFORM]: Attempted to load class net/minecraft/client/resources/sounds/SoundInstance for invalid dist DEDICATED_SERVER
[27May2025 18:40:40.976] [Server thread/DEBUG] [ModernFix/]: Loaded stronghold cache for dimension minecraft:the_nether with 256 positions
[27May2025 18:40:40.994] [Server thread/INFO] [net.minecraft.server.MinecraftServer/]: Preparing start region for dimension minecraft:overworld
[27May2025 18:40:40.996] [Server thread/DEBUG] [mixin/]: Mixing bugfix.paper_chunk_patches.SortedArraySetMixin from modernfix-common.mixins.json into net.minecraft.util.SortedArraySet
[27May2025 18:40:40.996] [Server thread/DEBUG] [mixin/]: Mixing world.chunk_tickets.SortedArraySetMixin from canary.mixins.json into net.minecraft.util.SortedArraySet
[27May2025 18:40:40.997] [Server thread/WARN] [mixin/]: Method overwrite conflict for removeIf in canary.mixins.json:world.chunk_tickets.SortedArraySetMixin, previously written by org.embeddedt.modernfix.common.mixin.bugfix.paper_chunk_patches.SortedArraySetMixin. Skipping method.
[27May2025 18:40:40.997] [Server thread/DEBUG] [mixin/]: Unexpected: Registered method removeIf(Ljava/util/function/Predicate;)Z in net.minecraft.util.SortedArraySet was not merged
[27May2025 18:40:41.122] [Server thread/DEBUG] [mixin/]: Mixing MixinChunkSerializer from architectury.mixins.json into net.minecraft.world.level.chunk.storage.ChunkSerializer
[27May2025 18:40:41.132] [Server thread/DEBUG] [mixin/]: Mixing chunk.palette.PalettedContainerMixin from canary.mixins.json into net.minecraft.world.level.chunk.PalettedContainer$Strategy
[27May2025 18:40:41.136] [Server thread/DEBUG] [mixin/]: Generating mapped inner class net/minecraft/world/level/chunk/PalettedContainer$Strategy$Anonymous$ba7a22d5b8f846078f87919d93084055 (originally com/abdelaziz/canary/mixin/chunk/palette/PalettedContainerMixin$1)
[27May2025 18:40:41.140] [Server thread/DEBUG] [mixin/]: Generating mapped inner class net/minecraft/world/level/chunk/PalettedContainer$Strategy$Anonymous$a5a3ba4ec9b84214b2ad78f617a1fc44 (originally com/abdelaziz/canary/mixin/chunk/palette/PalettedContainerMixin$2)
[27May2025 18:40:41.143] [Server thread/DEBUG] [mixin/]: Mixing perf.compact_bit_storage.PalettedContainerMixin from modernfix-common.mixins.json into net.minecraft.world.level.chunk.PalettedContainer
[27May2025 18:40:41.144] [Server thread/DEBUG] [mixin/]: Mixing chunk.serialization.PalettedContainerMixin from canary.mixins.json into net.minecraft.world.level.chunk.PalettedContainer
[27May2025 18:40:41.145] [Server thread/DEBUG] [mixin/]: Renaming synthetic method lambda$count$2([SI)V to md9c0b19$lambda$count$2$0 in canary.mixins.json:chunk.serialization.PalettedContainerMixin
[27May2025 18:40:41.145] [Server thread/DEBUG] [mixin/]: Renaming synthetic method lambda$static$1()[S to md9c0b19$lambda$static$1$1 in canary.mixins.json:chunk.serialization.PalettedContainerMixin
[27May2025 18:40:41.145] [Server thread/DEBUG] [mixin/]: Renaming synthetic method lambda$static$0()[S to md9c0b19$lambda$static$0$2 in canary.mixins.json:chunk.serialization.PalettedContainerMixin
[27May2025 18:40:41.172] [Server thread/DEBUG] [mixin/]: Mixing ThreadingDetectorMixin from cupboard.mixins.json into net.minecraft.util.ThreadingDetector
[27May2025 18:40:41.177] [Server thread/DEBUG] [mixin/]: Mixing chunk.no_validation.ZeroBitStorageMixin from canary.mixins.json into net.minecraft.util.ZeroBitStorage
[27May2025 18:40:41.461] [Server thread/DEBUG] [mixin/]: Mixing accessor.BoundingBoxAccessor from cataclysm.mixins.json into net.minecraft.world.level.levelgen.structure.BoundingBox
[27May2025 18:40:41.646] [Server thread/DEBUG] [net.minecraftforge.coremod.transformer.CoreModBaseTransformer/COREMOD]: Transforming net/minecraft/world/level/levelgen/structure/templatesystem/StructureTemplate
[27May2025 18:40:41.668] [Server thread/DEBUG] [mixin/]: Mixing StructureTemplateMixin from cataclysm.mixins.json into net.minecraft.world.level.levelgen.structure.templatesystem.StructureTemplate
[27May2025 18:40:41.668] [Server thread/DEBUG] [mixin/]: Renaming synthetic method lambda$repurposedstructures_preventAutoWaterlogging$0(Lnet/minecraft/world/level/levelgen/structure/templatesystem/StructureProcessor;)Z to md9c0b19$lambda$repurposedstructures_preventAutoWaterlogging$0$0 in cataclysm.mixins.json:StructureTemplateMixin
[27May2025 18:40:41.669] [Server thread/DEBUG] [mixin/]: Mixing StructureTemplateMixin from legendary_monsters.mixins.json into net.minecraft.world.level.levelgen.structure.templatesystem.StructureTemplate
[27May2025 18:40:41.669] [Server thread/DEBUG] [mixin/]: Renaming synthetic method lambda$repurposedstructures_preventAutoWaterlogging$0(Lnet/minecraft/world/level/levelgen/structure/templatesystem/StructureProcessor;)Z to md9c0b19$lambda$repurposedstructures_preventAutoWaterlogging$0$1 in legendary_monsters.mixins.json:StructureTemplateMixin
[27May2025 18:40:41.700] [Server thread/DEBUG] [ModernFix/]: Using cached upgraded version of dungeons_arise:greenwood_pub/greenwood_pub_0
[27May2025 18:40:41.707] [Server thread/DEBUG] [mixin/]: Mixing perf.cache_blockstate_cache_arrays.AbstractBlockStateCacheMixin from modernfix-common.mixins.json into net.minecraft.world.level.block.state.BlockBehaviour$BlockStateBase$Cache
[27May2025 18:40:41.708] [Server thread/DEBUG] [mixin/]: Mixing BlockStateCacheMixin from ferritecore.blockstatecache.mixin.json into net.minecraft.world.level.block.state.BlockBehaviour$BlockStateBase$Cache
[27May2025 18:40:41.741] [Server thread/DEBUG] [mixin/]: Mixing SubShapeAccess from ferritecore.blockstatecache.mixin.json into net.minecraft.world.phys.shapes.SubShape
[27May2025 18:40:41.830] [Server thread/DEBUG] [ModernFix/]: Using cached upgraded version of dungeons_arise:greenwood_pub/greenwood_pub_furniture_5
[27May2025 18:40:41.831] [Server thread/DEBUG] [ModernFix/]: Using cached upgraded version of dungeons_arise:greenwood_pub/greenwood_pub_furniture_16
[27May2025 18:40:41.833] [Server thread/DEBUG] [ModernFix/]: Using cached upgraded version of dungeons_arise:greenwood_pub/greenwood_pub_stairs_2
[27May2025 18:40:41.836] [Server thread/DEBUG] [ModernFix/]: Using cached upgraded version of dungeons_arise:greenwood_pub/greenwood_pub_furniture_0
[27May2025 18:40:41.836] [Server thread/DEBUG] [ModernFix/]: Using cached upgraded version of dungeons_arise:greenwood_pub/greenwood_pub_hallway_5
[27May2025 18:40:41.837] [Server thread/DEBUG] [ModernFix/]: Using cached upgraded version of dungeons_arise:greenwood_pub/greenwood_pub_furniture_10
[27May2025 18:40:41.838] [Server thread/DEBUG] [ModernFix/]: Using cached upgraded version of dungeons_arise:greenwood_pub/greenwood_pub_furniture_6
[27May2025 18:40:41.839] [Server thread/DEBUG] [ModernFix/]: Using cached upgraded version of dungeons_arise:greenwood_pub/greenwood_pub_furniture_8
[27May2025 18:40:41.839] [Server thread/DEBUG] [ModernFix/]: Using cached upgraded version of dungeons_arise:greenwood_pub/greenwood_pub_room_2
[27May2025 18:40:41.840] [Server thread/DEBUG] [ModernFix/]: Using cached upgraded version of dungeons_arise:greenwood_pub/greenwood_pub_terminator_0
[27May2025 18:40:41.841] [Server thread/DEBUG] [ModernFix/]: Using cached upgraded version of dungeons_arise:greenwood_pub/greenwood_pub_furniture_7
[27May2025 18:40:41.841] [Server thread/DEBUG] [ModernFix/]: Using cached upgraded version of dungeons_arise:greenwood_pub/greenwood_pub_hallway_4
[27May2025 18:40:41.842] [Server thread/DEBUG] [ModernFix/]: Using cached upgraded version of dungeons_arise:greenwood_pub/greenwood_pub_room_3
[27May2025 18:40:41.845] [Server thread/DEBUG] [ModernFix/]: Using cached upgraded version of dungeons_arise:greenwood_pub/greenwood_pub_spawner_1
[27May2025 18:40:41.845] [Server thread/DEBUG] [ModernFix/]: Using cached upgraded version of dungeons_arise:greenwood_pub/greenwood_pub_furniture_2
[27May2025 18:40:41.845] [Server thread/DEBUG] [ModernFix/]: Using cached upgraded version of dungeons_arise:greenwood_pub/greenwood_pub_furniture_11
[27May2025 18:40:41.846] [Server thread/DEBUG] [ModernFix/]: Using cached upgraded version of dungeons_arise:greenwood_pub/greenwood_pub_hallway_6
[27May2025 18:40:41.848] [Server thread/DEBUG] [ModernFix/]: Using cached upgraded version of dungeons_arise:greenwood_pub/greenwood_pub_hallway_0
[27May2025 18:40:41.850] [Server thread/DEBUG] [ModernFix/]: Using cached upgraded version of dungeons_arise:greenwood_pub/greenwood_pub_stairs_1
[27May2025 18:40:41.851] [Server thread/DEBUG] [ModernFix/]: Using cached upgraded version of dungeons_arise:greenwood_pub/greenwood_pub_furniture_15
[27May2025 18:40:41.851] [Server thread/DEBUG] [ModernFix/]: Using cached upgraded version of dungeons_arise:greenwood_pub/greenwood_pub_furniture_4
[27May2025 18:40:41.852] [Server thread/DEBUG] [ModernFix/]: Using cached upgraded version of dungeons_arise:greenwood_pub/greenwood_pub_stairs_0
[27May2025 18:40:41.853] [Server thread/DEBUG] [ModernFix/]: Using cached upgraded version of dungeons_arise:greenwood_pub/greenwood_pub_spawner_0
[27May2025 18:40:41.854] [Server thread/DEBUG] [ModernFix/]: Using cached upgraded version of dungeons_arise:greenwood_pub/greenwood_pub_room_1
[27May2025 18:40:41.856] [Server thread/DEBUG] [ModernFix/]: Using cached upgraded version of dungeons_arise:greenwood_pub/greenwood_pub_furniture_14
[27May2025 18:40:41.857] [Server thread/DEBUG] [ModernFix/]: Using cached upgraded version of dungeons_arise:greenwood_pub/greenwood_pub_furniture_13
[27May2025 18:40:41.858] [Server thread/DEBUG] [ModernFix/]: Using cached upgraded version of dungeons_arise:greenwood_pub/greenwood_pub_room_4
[27May2025 18:40:41.861] [Server thread/DEBUG] [ModernFix/]: Using cached upgraded version of dungeons_arise:greenwood_pub/greenwood_pub_hallway_2
[27May2025 18:40:42.323] [Server thread/DEBUG] [ModernFix/]: Using cached upgraded version of irons_spellbooks:pyromancer_tower/tower
[27May2025 18:40:42.330] [Server thread/DEBUG] [ModernFix/]: Using cached upgraded version of irons_spellbooks:pyromancer_tower/staircase
[27May2025 18:40:42.334] [Server thread/DEBUG] [ModernFix/]: Using cached upgraded version of irons_spellbooks:pyromancer_tower/basement
[27May2025 18:40:42.341] [Server thread/DEBUG] [ModernFix/]: Using cached upgraded version of irons_spellbooks:pyromancer_tower/cellar_dungeon/stairway
[27May2025 18:40:42.341] [Server thread/DEBUG] [ModernFix/]: Using cached upgraded version of irons_spellbooks:pyromancer_tower/cellar_dungeon/junction
[27May2025 18:40:42.342] [Server thread/DEBUG] [ModernFix/]: Using cached upgraded version of irons_spellbooks:pyromancer_tower/cellar_dungeon/junction_cramped
[27May2025 18:40:42.343] [Server thread/DEBUG] [ModernFix/]: Using cached upgraded version of irons_spellbooks:pyromancer_tower/cellar_dungeon/dual_storage_secret
[27May2025 18:40:42.343] [Server thread/DEBUG] [ModernFix/]: Using cached upgraded version of irons_spellbooks:pyromancer_tower/cellar_dungeon/cask_rack
[27May2025 18:40:42.345] [Server thread/DEBUG] [ModernFix/]: Using cached upgraded version of irons_spellbooks:pyromancer_tower/cellar_dungeon/dual_storage
[27May2025 18:40:42.346] [Server thread/DEBUG] [ModernFix/]: Using cached upgraded version of irons_spellbooks:pyromancer_tower/cellar_dungeon/cracked_wall_opening
[27May2025 18:40:42.347] [Server thread/DEBUG] [ModernFix/]: Using cached upgraded version of irons_spellbooks:pyromancer_tower/cellar_dungeon/shelf_storage
[27May2025 18:40:42.348] [Server thread/DEBUG] [ModernFix/]: Using cached upgraded version of irons_spellbooks:pyromancer_tower/cellar_dungeon/rubble_dead_end_2
[27May2025 18:40:42.653] [Server thread/DEBUG] [ModernFix/]: Using cached upgraded version of alexscaves:underground_cabin_0
[27May2025 18:40:42.730] [Server thread/DEBUG] [ModernFix/]: Using cached upgraded version of terralith:underground/old_refinery
[27May2025 18:40:42.766] [Server thread/DEBUG] [ModernFix/]: Using cached upgraded version of mowziesmobs:wroughtnaut_chamber
[27May2025 18:40:42.770] [Server thread/DEBUG] [ModernFix/]: Using cached upgraded version of alexscaves:underground_cabin_1
[27May2025 18:40:42.801] [Server thread/DEBUG] [ModernFix/]: Using cached upgraded version of irons_spellbooks:evoker_fort/tower
[27May2025 18:40:42.811] [Server thread/DEBUG] [ModernFix/]: Using cached upgraded version of irons_spellbooks:evoker_fort/camp_south
[27May2025 18:40:42.814] [Server thread/DEBUG] [ModernFix/]: Using cached upgraded version of irons_spellbooks:evoker_fort/camp_north
[27May2025 18:40:42.818] [Server thread/DEBUG] [ModernFix/]: Using cached upgraded version of irons_spellbooks:evoker_fort/halves/medium_decorations
[27May2025 18:40:42.822] [Server thread/DEBUG] [ModernFix/]: Using cached upgraded version of irons_spellbooks:evoker_fort/halves/small_decorations
[27May2025 18:40:42.823] [Server thread/DEBUG] [ModernFix/]: Using cached upgraded version of irons_spellbooks:evoker_fort/decorations/tower
[27May2025 18:40:42.824] [Server thread/DEBUG] [ModernFix/]: Using cached upgraded version of irons_spellbooks:evoker_fort/decorations/targets
[27May2025 18:40:42.825] [Server thread/DEBUG] [ModernFix/]: Using cached upgraded version of irons_spellbooks:evoker_fort/decorations/rock_1
[27May2025 18:40:42.826] [Server thread/DEBUG] [ModernFix/]: Using cached upgraded version of irons_spellbooks:evoker_fort/decorations/potato
[27May2025 18:40:42.827] [Server thread/DEBUG] [ModernFix/]: Using cached upgraded version of irons_spellbooks:evoker_fort/decorations/barrels
[27May2025 18:40:43.044] [Server thread/INFO] [net.minecraft.server.level.progress.LoggerChunkProgressListener/]: Preparing spawn area: 0%
[27May2025 18:40:43.045] [Server thread/INFO] [net.minecraft.server.level.progress.LoggerChunkProgressListener/]: Preparing spawn area: 0%
[27May2025 18:40:43.045] [Server thread/INFO] [net.minecraft.server.level.progress.LoggerChunkProgressListener/]: Preparing spawn area: 0%
[27May2025 18:40:43.045] [Server thread/INFO] [net.minecraft.server.level.progress.LoggerChunkProgressListener/]: Preparing spawn area: 0%
[27May2025 18:40:43.046] [Server thread/INFO] [net.minecraft.server.level.progress.LoggerChunkProgressListener/]: Preparing spawn area: 0%
[27May2025 18:40:43.354] [Server thread/DEBUG] [mixin/]: Mixing world.block_entity_ticking.sleeping.RebindableTickingBlockEntityWrapperAccessor from canary.mixins.json into net.minecraft.world.level.chunk.LevelChunk$RebindableTickingBlockEntityWrapper
[27May2025 18:40:43.356] [Server thread/DEBUG] [mixin/]: Mixing world.block_entity_ticking.world_border.BoundTickingBlockEntityMixin from canary.mixins.json into net.minecraft.world.level.chunk.LevelChunk$BoundTickingBlockEntity
[27May2025 18:40:43.380] [Server thread/DEBUG] [mixin/]: Mixing entity.collisions.unpushable_cramming.EntitySectionMixin from canary.mixins.json into net.minecraft.world.level.entity.EntitySection
[27May2025 18:40:43.381] [Server thread/DEBUG] [mixin/]: Mixing util.accessors.EntitySectionAccessor from canary.mixins.json into net.minecraft.world.level.entity.EntitySection
[27May2025 18:40:43.382] [Server thread/DEBUG] [mixin/]: Mixing util.entity_movement_tracking.EntitySectionMixin from canary.mixins.json into net.minecraft.world.level.entity.EntitySection
[27May2025 18:40:43.383] [Server thread/DEBUG] [mixin/]: Mixing util.entity_section_position.EntitySectionMixin from canary.mixins.json into net.minecraft.world.level.entity.EntitySection
[27May2025 18:40:43.638] [Server thread/INFO] [net.minecraft.server.level.progress.LoggerChunkProgressListener/]: Time elapsed: 2644 ms
[27May2025 18:40:43.639] [Server thread/INFO] [net.minecraft.server.dedicated.DedicatedServer/]: Done (3.941s)! For help, type "help"
[27May2025 18:40:43.653] [Server thread/DEBUG] [net.minecraftforge.network.DualStackUtils/]: Detected IPv6 address: "0:0:0:0:0:0:0:0"
[27May2025 18:40:43.692] [Server thread/DEBUG] [net.minecraftforge.common.ForgeI18n/CORE]: Loading I18N data entries: 12791
[27May2025 18:40:43.695] [Server thread/INFO] [net.minecraftforge.server.permission.PermissionAPI/]: Successfully initialized permission handler forge:default_handler
[27May2025 18:40:43.759] [Server thread/WARN] [ModernFix/]: Dedicated server took 36.097 seconds to load
[27May2025 18:40:43.779] [Server thread/DEBUG] [io.netty.buffer.AbstractByteBuf/]: -Dio.netty.buffer.checkAccessible: true
[27May2025 18:40:43.779] [Server thread/DEBUG] [io.netty.buffer.AbstractByteBuf/]: -Dio.netty.buffer.checkBounds: true
[27May2025 18:40:43.779] [Server thread/DEBUG] [io.netty.util.ResourceLeakDetectorFactory/]: Loaded default ResourceLeakDetector: io.netty.util.ResourceLeakDetector@5996b89a
[27May2025 18:40:43.808] [Server thread/DEBUG] [mixin/]: Mixing chunk.entity_class_groups.ClassInstanceMultiMapMixin from canary.mixins.json into net.minecraft.util.ClassInstanceMultiMap
[27May2025 18:40:43.810] [Server thread/DEBUG] [mixin/]: Mixing collections.entity_by_type.ClassInstanceMultiMapMixin from canary.mixins.json into net.minecraft.util.ClassInstanceMultiMap
[27May2025 18:40:43.810] [Server thread/DEBUG] [mixin/]: Mixing collections.entity_filtering.ClassInstanceMultiMapMixin from canary.mixins.json into net.minecraft.util.ClassInstanceMultiMap
[27May2025 18:40:43.814] [Server thread/DEBUG] [mixin/]: Mixing util.entity_movement_tracking.PersistentEntitySectionManagerMixin from canary.mixins.json into net.minecraft.world.level.entity.PersistentEntitySectionManager$Callback
[27May2025 18:40:43.849] [Server thread/DEBUG] [net.minecraftforge.coremod.transformer.CoreModBaseTransformer/COREMOD]: Transforming net/minecraft/world/level/NaturalSpawner
[27May2025 18:40:43.869] [Server thread/DEBUG] [mixin/]: Mixing features.mob_spawning.NaturalSpawnerMixin from servercore.common.mixins.json into net.minecraft.world.level.NaturalSpawner
[27May2025 18:40:43.869] [Server thread/DEBUG] [mixin/]: servercore.common.mixins.json:features.mob_spawning.NaturalSpawnerMixin: Class version 61 required is higher than the class version supported by the current version of Mixin (JAVA_16 supports class version 60)
[27May2025 18:40:43.869] [Server thread/DEBUG] [mixin/]: Mixing NaturalSpawnerMixin from alexscaves.mixins.json into net.minecraft.world.level.NaturalSpawner
[27May2025 18:40:43.875] [Server thread/DEBUG] [mixin/]: Mixing optimizations.tickets.NaturalSpawnerMixin from servercore.common.mixins.json into net.minecraft.world.level.NaturalSpawner
[27May2025 18:40:43.875] [Server thread/DEBUG] [mixin/]: servercore.common.mixins.json:optimizations.tickets.NaturalSpawnerMixin: Class version 61 required is higher than the class version supported by the current version of Mixin (JAVA_16 supports class version 60)
[27May2025 18:40:43.895] [Server thread/DEBUG] [mixin/]: Mixing alloc.entity_tracker.TrackedEntityMixin from canary.mixins.json into net.minecraft.server.level.ChunkMap$TrackedEntity
[27May2025 18:40:43.896] [Server thread/DEBUG] [mixin/]: Mixing chunk.replace_streams.ServerEntityMixin from canary.mixins.json into net.minecraft.server.level.ServerEntity
[27May2025 18:40:43.949] [Server thread/DEBUG] [mixin/]: Mixing cached_hashcode.BlockStatePairKeyMixin from canary.mixins.json into net.minecraft.world.level.block.Block$BlockStatePairKey
[27May2025 18:40:44.067] [Server thread/DEBUG] [mixin/]: Mixing ai.pathing.PathNavigationRegionMixin from canary.mixins.json into net.minecraft.world.level.PathNavigationRegion
[27May2025 18:40:44.068] [Server thread/DEBUG] [mixin/]: Mixing util.chunk_access.PathNavigationRegionMixin from canary.mixins.json into net.minecraft.world.level.PathNavigationRegion
[27May2025 18:40:44.255] [Server thread/DEBUG] [mixin/]: Generating mapped inner class net/minecraft/world/level/chunk/storage/SectionStorage$Anonymous$e9c4a08fda194b3089d85003716fe102 (originally com/abdelaziz/canary/mixin/ai/poi/SectionStorageMixin$1)
[27May2025 18:42:02.300] [Netty Epoll Server IO #1/DEBUG] [io.netty.util.Recycler/]: -Dio.netty.recycler.maxCapacityPerThread: 4096
[27May2025 18:42:02.300] [Netty Epoll Server IO #1/DEBUG] [io.netty.util.Recycler/]: -Dio.netty.recycler.ratio: 8
[27May2025 18:42:02.300] [Netty Epoll Server IO #1/DEBUG] [io.netty.util.Recycler/]: -Dio.netty.recycler.chunkSize: 32
[27May2025 18:42:02.300] [Netty Epoll Server IO #1/DEBUG] [io.netty.util.Recycler/]: -Dio.netty.recycler.blocking: false
[27May2025 18:42:34.186] [Netty Epoll Server IO #3/DEBUG] [mixin/]: Mixing core.NetworkHooksMixin from modernfix-forge.mixins.json into net.minecraftforge.network.NetworkHooks
[27May2025 18:43:16.212] [Netty Epoll Server IO #6/DEBUG] [net.minecraftforge.network.HandshakeHandler/FMLHANDSHAKE]: Starting new modded impl connection. Found 34 messages to dispatch.
[27May2025 18:43:16.266] [Server thread/DEBUG] [net.minecraftforge.network.HandshakeHandler/FMLHANDSHAKE]: Sending ticking packet info 'net.minecraftforge.network.HandshakeMessages$S2CModData' to 'fml:handshake' sequence 0
[27May2025 18:43:16.313] [Server thread/DEBUG] [net.minecraftforge.network.HandshakeHandler/FMLHANDSHAKE]: Sending ticking packet info 'net.minecraftforge.network.HandshakeMessages$S2CModList' to 'fml:handshake' sequence 1
[27May2025 18:43:16.365] [Server thread/DEBUG] [net.minecraftforge.network.HandshakeHandler/FMLHANDSHAKE]: Sending ticking packet info 'Registry minecraft:command_argument_type' to 'fml:handshake' sequence 2
[27May2025 18:43:16.414] [Server thread/DEBUG] [net.minecraftforge.network.HandshakeHandler/FMLHANDSHAKE]: Sending ticking packet info 'Registry irons_spellbooks:schools' to 'fml:handshake' sequence 3
[27May2025 18:43:16.464] [Server thread/DEBUG] [net.minecraftforge.network.HandshakeHandler/FMLHANDSHAKE]: Sending ticking packet info 'Registry minecraft:villager_profession' to 'fml:handshake' sequence 4
[27May2025 18:43:16.514] [Server thread/DEBUG] [net.minecraftforge.network.HandshakeHandler/FMLHANDSHAKE]: Sending ticking packet info 'Registry minecraft:item' to 'fml:handshake' sequence 5
[27May2025 18:43:16.565] [Server thread/DEBUG] [net.minecraftforge.network.HandshakeHandler/FMLHANDSHAKE]: Sending ticking packet info 'Registry minecraft:potion' to 'fml:handshake' sequence 6
[27May2025 18:43:16.615] [Server thread/DEBUG] [net.minecraftforge.network.HandshakeHandler/FMLHANDSHAKE]: Sending ticking packet info 'Registry minecraft:block_entity_type' to 'fml:handshake' sequence 7
[27May2025 18:43:16.665] [Server thread/DEBUG] [net.minecraftforge.network.HandshakeHandler/FMLHANDSHAKE]: Sending ticking packet info 'Registry forge:display_contexts' to 'fml:handshake' sequence 8
[27May2025 18:43:16.715] [Server thread/DEBUG] [net.minecraftforge.network.HandshakeHandler/FMLHANDSHAKE]: Sending ticking packet info 'Registry irons_spellbooks:spells' to 'fml:handshake' sequence 9
[27May2025 18:43:16.764] [Server thread/DEBUG] [net.minecraftforge.network.HandshakeHandler/FMLHANDSHAKE]: Sending ticking packet info 'Registry minecraft:stat_type' to 'fml:handshake' sequence 10
[27May2025 18:43:16.802] [Netty Epoll Server IO #6/DEBUG] [net.minecraftforge.network.LoginWrapper/FMLHANDSHAKE]: Recieved login wrapper packet event for channel fml:handshake with index 1
[27May2025 18:43:16.804] [Netty Epoll Server IO #6/DEBUG] [net.minecraftforge.network.HandshakeHandler/FMLHANDSHAKE]: Received client indexed reply 1 of type net.minecraftforge.network.HandshakeMessages$C2SModListReply
[27May2025 18:43:16.804] [Netty Epoll Server IO #6/DEBUG] [net.minecraftforge.network.HandshakeHandler/FMLHANDSHAKE]: Received client connection with modlist [mowziesmobs, netherexp, efiscompat, geckolib, playeranimator, elysium_api, mowzies_cataclysm, caelus, incendium, journeymap, placebo, modernfix, jei, citadel, travelersbackpack, mixinextras, relics, terralith, dynview, memoryleakfix, jeresources, dungeons_arise_seven_seas, forge, tlskincape, embeddium, rubidium, dungeons_arise, minecraft, dungeons_and_combat, alexscaves, nightmareesm, mofus_better_end_, creativecore, eeeabsmobs, lionfishapi, traveloptics, cataclysm, curios, legendary_monsters, irons_spellbooks, attributeslib, entityculling, canary, tombstone, architectury, octolib, nerb, ferritecore, aiimprovements, embeddium_extra, cupboard, playerrevive, cdmoveset, epicfight, wom]
[27May2025 18:43:16.805] [Netty Epoll Server IO #6/DEBUG] [net.minecraftforge.network.NetworkRegistry/NETREGISTRY]: Channel 'dungeons_and_combat:dungeons_and_combat' : Version test of '1' from client : ACCEPTED
[27May2025 18:43:16.805] [Netty Epoll Server IO #6/DEBUG] [net.minecraftforge.network.NetworkRegistry/NETREGISTRY]: Channel 'alexscaves:main_channel' : Version test of '1' from client : ACCEPTED
[27May2025 18:43:16.805] [Netty Epoll Server IO #6/DEBUG] [net.minecraftforge.network.NetworkRegistry/NETREGISTRY]: Channel 'architectury:network' : Version test of '1' from client : ACCEPTED
[27May2025 18:43:16.805] [Netty Epoll Server IO #6/DEBUG] [net.minecraftforge.network.NetworkRegistry/NETREGISTRY]: Channel 'eeeabsmobs:net' : Version test of '1.0' from client : ACCEPTED
[27May2025 18:43:16.805] [Netty Epoll Server IO #6/DEBUG] [net.minecraftforge.network.NetworkRegistry/NETREGISTRY]: Channel 'jei:channel' : Version test of '1.0.0' from client : ACCEPTED
[27May2025 18:43:16.805] [Netty Epoll Server IO #6/DEBUG] [net.minecraftforge.network.NetworkRegistry/NETREGISTRY]: Channel 'legendary_monsters:main_channel' : Version test of '1' from client : ACCEPTED
[27May2025 18:43:16.805] [Netty Epoll Server IO #6/DEBUG] [net.minecraftforge.network.NetworkRegistry/NETREGISTRY]: Channel 'minecraft:unregister' : Version test of 'FML3' from client : ACCEPTED
[27May2025 18:43:16.805] [Netty Epoll Server IO #6/DEBUG] [net.minecraftforge.network.NetworkRegistry/NETREGISTRY]: Channel 'citadel:main_channel' : Version test of '1' from client : ACCEPTED
[27May2025 18:43:16.805] [Netty Epoll Server IO #6/DEBUG] [net.minecraftforge.network.NetworkRegistry/NETREGISTRY]: Channel 'journeymap:version' : Version test of '1' from client : ACCEPTED
[27May2025 18:43:16.805] [Netty Epoll Server IO #6/DEBUG] [net.minecraftforge.network.NetworkRegistry/NETREGISTRY]: Channel 'travelersbackpack:network' : Version test of 'travelersbackpack:1' from client : ACCEPTED
[27May2025 18:43:16.805] [Netty Epoll Server IO #6/DEBUG] [net.minecraftforge.network.NetworkRegistry/NETREGISTRY]: Channel 'modernfix:main' : Version test of '1' from client : ACCEPTED
[27May2025 18:43:16.805] [Netty Epoll Server IO #6/DEBUG] [net.minecraftforge.network.NetworkRegistry/NETREGISTRY]: Channel 'curios:main' : Version test of '1' from client : ACCEPTED
[27May2025 18:43:16.805] [Netty Epoll Server IO #6/DEBUG] [net.minecraftforge.network.NetworkRegistry/NETREGISTRY]: Channel 'placebo:placebo' : Version test of '1.0.0' from client : ACCEPTED
[27May2025 18:43:16.805] [Netty Epoll Server IO #6/DEBUG] [net.minecraftforge.network.NetworkRegistry/NETREGISTRY]: Channel 'worldinfo:world_id' : Version test of '1' from client : ACCEPTED
[27May2025 18:43:16.805] [Netty Epoll Server IO #6/DEBUG] [net.minecraftforge.network.NetworkRegistry/NETREGISTRY]: Channel 'attributeslib:attributeslib' : Version test of '1.0.0' from client : ACCEPTED
[27May2025 18:43:16.805] [Netty Epoll Server IO #6/DEBUG] [net.minecraftforge.network.NetworkRegistry/NETREGISTRY]: Channel 'journeymap:admin_req' : Version test of '1' from client : ACCEPTED
[27May2025 18:43:16.805] [Netty Epoll Server IO #6/DEBUG] [net.minecraftforge.network.NetworkRegistry/NETREGISTRY]: Channel 'cataclysm:main_channel' : Version test of '1' from client : ACCEPTED
[27May2025 18:43:16.805] [Netty Epoll Server IO #6/DEBUG] [net.minecraftforge.network.NetworkRegistry/NETREGISTRY]: Channel 'journeymap:waypoint' : Version test of '1' from client : ACCEPTED
[27May2025 18:43:16.805] [Netty Epoll Server IO #6/DEBUG] [net.minecraftforge.network.NetworkRegistry/NETREGISTRY]: Channel 'journeymap:mp_options_req' : Version test of '1' from client : ACCEPTED
[27May2025 18:43:16.805] [Netty Epoll Server IO #6/DEBUG] [net.minecraftforge.network.NetworkRegistry/NETREGISTRY]: Channel 'lionfishapi:main_channel' : Version test of '1' from client : ACCEPTED
[27May2025 18:43:16.805] [Netty Epoll Server IO #6/DEBUG] [net.minecraftforge.network.NetworkRegistry/NETREGISTRY]: Channel 'irons_spellbooks:messages' : Version test of '1.0' from client : ACCEPTED
[27May2025 18:43:16.806] [Netty Epoll Server IO #6/DEBUG] [net.minecraftforge.network.NetworkRegistry/NETREGISTRY]: Channel 'fml:loginwrapper' : Version test of 'FML3' from client : ACCEPTED
[27May2025 18:43:16.806] [Netty Epoll Server IO #6/DEBUG] [net.minecraftforge.network.NetworkRegistry/NETREGISTRY]: Channel 'forge:tier_sorting' : Version test of '1.0' from client : ACCEPTED
[27May2025 18:43:16.806] [Netty Epoll Server IO #6/DEBUG] [net.minecraftforge.network.NetworkRegistry/NETREGISTRY]: Channel 'tombstone:tombstone_channel' : Version test of 'tombstone-8.9.4' from client : ACCEPTED
[27May2025 18:43:16.806] [Netty Epoll Server IO #6/DEBUG] [net.minecraftforge.network.NetworkRegistry/NETREGISTRY]: Channel 'playerrevive:main' : Version test of '1' from client : ACCEPTED
[27May2025 18:43:16.806] [Netty Epoll Server IO #6/DEBUG] [net.minecraftforge.network.NetworkRegistry/NETREGISTRY]: Channel 'mowziesmobs:net' : Version test of '1' from client : ACCEPTED
[27May2025 18:43:16.806] [Netty Epoll Server IO #6/DEBUG] [net.minecraftforge.network.NetworkRegistry/NETREGISTRY]: Channel 'relics:network' : Version test of '1.0' from client : ACCEPTED
[27May2025 18:43:16.806] [Netty Epoll Server IO #6/DEBUG] [net.minecraftforge.network.NetworkRegistry/NETREGISTRY]: Channel 'mofus_better_end_:mofus_better_end_' : Version test of '1' from client : ACCEPTED
[27May2025 18:43:16.806] [Netty Epoll Server IO #6/DEBUG] [net.minecraftforge.network.NetworkRegistry/NETREGISTRY]: Channel 'fml:play' : Version test of 'FML3' from client : ACCEPTED
[27May2025 18:43:16.806] [Netty Epoll Server IO #6/DEBUG] [net.minecraftforge.network.NetworkRegistry/NETREGISTRY]: Channel 'journeymap:player_loc' : Version test of '1' from client : ACCEPTED
[27May2025 18:43:16.806] [Netty Epoll Server IO #6/DEBUG] [net.minecraftforge.network.NetworkRegistry/NETREGISTRY]: Channel 'journeymap:admin_save' : Version test of '1' from client : ACCEPTED
[27May2025 18:43:16.806] [Netty Epoll Server IO #6/DEBUG] [net.minecraftforge.network.NetworkRegistry/NETREGISTRY]: Channel 'creativecore:main' : Version test of '1' from client : ACCEPTED
[27May2025 18:43:16.806] [Netty Epoll Server IO #6/DEBUG] [net.minecraftforge.network.NetworkRegistry/NETREGISTRY]: Channel 'cdmoveset:network_manager' : Version test of '1' from client : ACCEPTED
[27May2025 18:43:16.806] [Netty Epoll Server IO #6/DEBUG] [net.minecraftforge.network.NetworkRegistry/NETREGISTRY]: Channel 'journeymap:teleport_req' : Version test of '1' from client : ACCEPTED
[27May2025 18:43:16.806] [Netty Epoll Server IO #6/DEBUG] [net.minecraftforge.network.NetworkRegistry/NETREGISTRY]: Channel 'epicfight:network_manager' : Version test of '1' from client : ACCEPTED
[27May2025 18:43:16.806] [Netty Epoll Server IO #6/DEBUG] [net.minecraftforge.network.NetworkRegistry/NETREGISTRY]: Channel 'caelus:main' : Version test of '1' from client : ACCEPTED
[27May2025 18:43:16.806] [Netty Epoll Server IO #6/DEBUG] [net.minecraftforge.network.NetworkRegistry/NETREGISTRY]: Channel 'traveloptics:main_channel' : Version test of '1' from client : ACCEPTED
[27May2025 18:43:16.806] [Netty Epoll Server IO #6/DEBUG] [net.minecraftforge.network.NetworkRegistry/NETREGISTRY]: Channel 'fml:handshake' : Version test of 'FML3' from client : ACCEPTED
[27May2025 18:43:16.806] [Netty Epoll Server IO #6/DEBUG] [net.minecraftforge.network.NetworkRegistry/NETREGISTRY]: Channel 'journeymap:common' : Version test of '1' from client : ACCEPTED
[27May2025 18:43:16.806] [Netty Epoll Server IO #6/DEBUG] [net.minecraftforge.network.NetworkRegistry/NETREGISTRY]: Channel 'traveloptics:traveloptics' : Version test of '1' from client : ACCEPTED
[27May2025 18:43:16.806] [Netty Epoll Server IO #6/DEBUG] [net.minecraftforge.network.NetworkRegistry/NETREGISTRY]: Channel 'minecraft:register' : Version test of 'FML3' from client : ACCEPTED
[27May2025 18:43:16.806] [Netty Epoll Server IO #6/DEBUG] [net.minecraftforge.network.NetworkRegistry/NETREGISTRY]: Channel 'forge:split' : Version test of '1.1' from client : ACCEPTED
[27May2025 18:43:16.806] [Netty Epoll Server IO #6/DEBUG] [net.minecraftforge.network.NetworkRegistry/NETREGISTRY]: Channel 'journeymap:perm_req' : Version test of '1' from client : ACCEPTED
[27May2025 18:43:16.806] [Netty Epoll Server IO #6/DEBUG] [net.minecraftforge.network.NetworkRegistry/NETREGISTRY]: Channel 'geckolib:main' : Version test of '1' from client : ACCEPTED
[27May2025 18:43:16.806] [Netty Epoll Server IO #6/DEBUG] [net.minecraftforge.network.NetworkRegistry/NETREGISTRY]: Accepting channel list from client
[27May2025 18:43:16.807] [Netty Epoll Server IO #6/DEBUG] [net.minecraftforge.network.HandshakeHandler/FMLHANDSHAKE]: Accepted client connection mod list
[27May2025 18:43:16.807] [Netty Epoll Server IO #6/DEBUG] [net.minecraftforge.network.LoginWrapper/FMLHANDSHAKE]: Recieved login wrapper packet event for channel fml:handshake with index 2
[27May2025 18:43:16.807] [Netty Epoll Server IO #6/DEBUG] [net.minecraftforge.network.HandshakeHandler/FMLHANDSHAKE]: Received client indexed reply 2 of type net.minecraftforge.network.HandshakeMessages$C2SAcknowledge
[27May2025 18:43:16.807] [Netty Epoll Server IO #6/DEBUG] [net.minecraftforge.network.HandshakeHandler/FMLHANDSHAKE]: Received acknowledgement from client
[27May2025 18:43:16.807] [Netty Epoll Server IO #6/DEBUG] [net.minecraftforge.network.LoginWrapper/FMLHANDSHAKE]: Recieved login wrapper packet event for channel fml:handshake with index 3
[27May2025 18:43:16.808] [Netty Epoll Server IO #6/DEBUG] [net.minecraftforge.network.HandshakeHandler/FMLHANDSHAKE]: Received client indexed reply 3 of type net.minecraftforge.network.HandshakeMessages$C2SAcknowledge
[27May2025 18:43:16.808] [Netty Epoll Server IO #6/DEBUG] [net.minecraftforge.network.HandshakeHandler/FMLHANDSHAKE]: Received acknowledgement from client
[27May2025 18:43:16.808] [Netty Epoll Server IO #6/DEBUG] [net.minecraftforge.network.LoginWrapper/FMLHANDSHAKE]: Recieved login wrapper packet event for channel fml:handshake with index 4
[27May2025 18:43:16.808] [Netty Epoll Server IO #6/DEBUG] [net.minecraftforge.network.HandshakeHandler/FMLHANDSHAKE]: Received client indexed reply 4 of type net.minecraftforge.network.HandshakeMessages$C2SAcknowledge
[27May2025 18:43:16.808] [Netty Epoll Server IO #6/DEBUG] [net.minecraftforge.network.HandshakeHandler/FMLHANDSHAKE]: Received acknowledgement from client
[27May2025 18:43:16.814] [Server thread/DEBUG] [net.minecraftforge.network.HandshakeHandler/FMLHANDSHAKE]: Sending ticking packet info 'Registry minecraft:menu' to 'fml:handshake' sequence 11
[27May2025 18:43:16.865] [Server thread/DEBUG] [net.minecraftforge.network.HandshakeHandler/FMLHANDSHAKE]: Sending ticking packet info 'Registry minecraft:fluid' to 'fml:handshake' sequence 12
[27May2025 18:43:16.915] [Server thread/DEBUG] [net.minecraftforge.network.HandshakeHandler/FMLHANDSHAKE]: Sending ticking packet info 'Registry epicfight:skill' to 'fml:handshake' sequence 13
[27May2025 18:43:16.964] [Server thread/DEBUG] [net.minecraftforge.network.HandshakeHandler/FMLHANDSHAKE]: Sending ticking packet info 'Registry minecraft:recipe_serializer' to 'fml:handshake' sequence 14
[27May2025 18:43:17.018] [Server thread/DEBUG] [net.minecraftforge.network.HandshakeHandler/FMLHANDSHAKE]: Sending ticking packet info 'Registry minecraft:sound_event' to 'fml:handshake' sequence 15
[27May2025 18:43:17.065] [Server thread/DEBUG] [net.minecraftforge.network.HandshakeHandler/FMLHANDSHAKE]: Sending ticking packet info 'Registry minecraft:particle_type' to 'fml:handshake' sequence 16
[27May2025 18:43:17.114] [Server thread/DEBUG] [net.minecraftforge.network.HandshakeHandler/FMLHANDSHAKE]: Sending ticking packet info 'Registry minecraft:painting_variant' to 'fml:handshake' sequence 17
[27May2025 18:43:17.163] [Server thread/DEBUG] [net.minecraftforge.network.HandshakeHandler/FMLHANDSHAKE]: Sending ticking packet info 'Registry forge:fluid_type' to 'fml:handshake' sequence 18
[27May2025 18:43:17.214] [Server thread/DEBUG] [net.minecraftforge.network.HandshakeHandler/FMLHANDSHAKE]: Sending ticking packet info 'Registry epicfight:skill_data_keys' to 'fml:handshake' sequence 19
[27May2025 18:43:17.264] [Server thread/DEBUG] [net.minecraftforge.network.HandshakeHandler/FMLHANDSHAKE]: Sending ticking packet info 'Registry minecraft:block' to 'fml:handshake' sequence 20
[27May2025 18:43:17.315] [Server thread/DEBUG] [net.minecraftforge.network.HandshakeHandler/FMLHANDSHAKE]: Sending ticking packet info 'Registry forge:entity_data_serializers' to 'fml:handshake' sequence 21
[27May2025 18:43:17.364] [Server thread/DEBUG] [net.minecraftforge.network.HandshakeHandler/FMLHANDSHAKE]: Sending ticking packet info 'Registry minecraft:mob_effect' to 'fml:handshake' sequence 22
[27May2025 18:43:17.385] [Netty Epoll Server IO #6/DEBUG] [net.minecraftforge.network.LoginWrapper/FMLHANDSHAKE]: Recieved login wrapper packet event for channel fml:handshake with index 5
[27May2025 18:43:17.385] [Netty Epoll Server IO #6/DEBUG] [net.minecraftforge.network.HandshakeHandler/FMLHANDSHAKE]: Received client indexed reply 5 of type net.minecraftforge.network.HandshakeMessages$C2SAcknowledge
[27May2025 18:43:17.385] [Netty Epoll Server IO #6/DEBUG] [net.minecraftforge.network.HandshakeHandler/FMLHANDSHAKE]: Received acknowledgement from client
[27May2025 18:43:17.385] [Netty Epoll Server IO #6/DEBUG] [net.minecraftforge.network.LoginWrapper/FMLHANDSHAKE]: Recieved login wrapper packet event for channel fml:handshake with index 6
[27May2025 18:43:17.385] [Netty Epoll Server IO #6/DEBUG] [net.minecraftforge.network.HandshakeHandler/FMLHANDSHAKE]: Received client indexed reply 6 of type net.minecraftforge.network.HandshakeMessages$C2SAcknowledge
[27May2025 18:43:17.385] [Netty Epoll Server IO #6/DEBUG] [net.minecraftforge.network.HandshakeHandler/FMLHANDSHAKE]: Received acknowledgement from client
[27May2025 18:43:17.386] [Netty Epoll Server IO #6/DEBUG] [net.minecraftforge.network.LoginWrapper/FMLHANDSHAKE]: Recieved login wrapper packet event for channel fml:handshake with index 7
[27May2025 18:43:17.386] [Netty Epoll Server IO #6/DEBUG] [net.minecraftforge.network.HandshakeHandler/FMLHANDSHAKE]: Received client indexed reply 7 of type net.minecraftforge.network.HandshakeMessages$C2SAcknowledge
[27May2025 18:43:17.386] [Netty Epoll Server IO #6/DEBUG] [net.minecraftforge.network.HandshakeHandler/FMLHANDSHAKE]: Received acknowledgement from client
[27May2025 18:43:17.386] [Netty Epoll Server IO #6/DEBUG] [net.minecraftforge.network.LoginWrapper/FMLHANDSHAKE]: Recieved login wrapper packet event for channel fml:handshake with index 8
[27May2025 18:43:17.386] [Netty Epoll Server IO #6/DEBUG] [net.minecraftforge.network.HandshakeHandler/FMLHANDSHAKE]: Received client indexed reply 8 of type net.minecraftforge.network.HandshakeMessages$C2SAcknowledge
[27May2025 18:43:17.386] [Netty Epoll Server IO #6/DEBUG] [net.minecraftforge.network.HandshakeHandler/FMLHANDSHAKE]: Received acknowledgement from client
[27May2025 18:43:17.387] [Netty Epoll Server IO #6/DEBUG] [net.minecraftforge.network.LoginWrapper/FMLHANDSHAKE]: Recieved login wrapper packet event for channel fml:handshake with index 9
[27May2025 18:43:17.387] [Netty Epoll Server IO #6/DEBUG] [net.minecraftforge.network.HandshakeHandler/FMLHANDSHAKE]: Received client indexed reply 9 of type net.minecraftforge.network.HandshakeMessages$C2SAcknowledge
[27May2025 18:43:17.387] [Netty Epoll Server IO #6/DEBUG] [net.minecraftforge.network.HandshakeHandler/FMLHANDSHAKE]: Received acknowledgement from client
[27May2025 18:43:17.388] [Netty Epoll Server IO #6/DEBUG] [net.minecraftforge.network.LoginWrapper/FMLHANDSHAKE]: Recieved login wrapper packet event for channel fml:handshake with index 10
[27May2025 18:43:17.388] [Netty Epoll Server IO #6/DEBUG] [net.minecraftforge.network.HandshakeHandler/FMLHANDSHAKE]: Received client indexed reply 10 of type net.minecraftforge.network.HandshakeMessages$C2SAcknowledge
[27May2025 18:43:17.388] [Netty Epoll Server IO #6/DEBUG] [net.minecraftforge.network.HandshakeHandler/FMLHANDSHAKE]: Received acknowledgement from client
[27May2025 18:43:17.388] [Netty Epoll Server IO #6/DEBUG] [net.minecraftforge.network.LoginWrapper/FMLHANDSHAKE]: Recieved login wrapper packet event for channel fml:handshake with index 11
[27May2025 18:43:17.388] [Netty Epoll Server IO #6/DEBUG] [net.minecraftforge.network.HandshakeHandler/FMLHANDSHAKE]: Received client indexed reply 11 of type net.minecraftforge.network.HandshakeMessages$C2SAcknowledge
[27May2025 18:43:17.388] [Netty Epoll Server IO #6/DEBUG] [net.minecraftforge.network.HandshakeHandler/FMLHANDSHAKE]: Received acknowledgement from client
[27May2025 18:43:17.388] [Netty Epoll Server IO #6/DEBUG] [net.minecraftforge.network.LoginWrapper/FMLHANDSHAKE]: Recieved login wrapper packet event for channel fml:handshake with index 12
[27May2025 18:43:17.389] [Netty Epoll Server IO #6/DEBUG] [net.minecraftforge.network.HandshakeHandler/FMLHANDSHAKE]: Received client indexed reply 12 of type net.minecraftforge.network.HandshakeMessages$C2SAcknowledge
[27May2025 18:43:17.389] [Netty Epoll Server IO #6/DEBUG] [net.minecraftforge.network.HandshakeHandler/FMLHANDSHAKE]: Received acknowledgement from client
[27May2025 18:43:17.389] [Netty Epoll Server IO #6/DEBUG] [net.minecraftforge.network.LoginWrapper/FMLHANDSHAKE]: Recieved login wrapper packet event for channel fml:handshake with index 13
[27May2025 18:43:17.389] [Netty Epoll Server IO #6/DEBUG] [net.minecraftforge.network.HandshakeHandler/FMLHANDSHAKE]: Received client indexed reply 13 of type net.minecraftforge.network.HandshakeMessages$C2SAcknowledge
[27May2025 18:43:17.389] [Netty Epoll Server IO #6/DEBUG] [net.minecraftforge.network.HandshakeHandler/FMLHANDSHAKE]: Received acknowledgement from client
[27May2025 18:43:17.389] [Netty Epoll Server IO #6/DEBUG] [net.minecraftforge.network.LoginWrapper/FMLHANDSHAKE]: Recieved login wrapper packet event for channel fml:handshake with index 14
[27May2025 18:43:17.389] [Netty Epoll Server IO #6/DEBUG] [net.minecraftforge.network.HandshakeHandler/FMLHANDSHAKE]: Received client indexed reply 14 of type net.minecraftforge.network.HandshakeMessages$C2SAcknowledge
[27May2025 18:43:17.389] [Netty Epoll Server IO #6/DEBUG] [net.minecraftforge.network.HandshakeHandler/FMLHANDSHAKE]: Received acknowledgement from client
[27May2025 18:43:17.414] [Server thread/DEBUG] [net.minecraftforge.network.HandshakeHandler/FMLHANDSHAKE]: Sending ticking packet info 'Registry tombstone:perks' to 'fml:handshake' sequence 23
[27May2025 18:43:17.463] [Server thread/DEBUG] [net.minecraftforge.network.HandshakeHandler/FMLHANDSHAKE]: Sending ticking packet info 'Registry epicfight:conditions' to 'fml:handshake' sequence 24
[27May2025 18:43:17.515] [Server thread/DEBUG] [net.minecraftforge.network.HandshakeHandler/FMLHANDSHAKE]: Sending ticking packet info 'Registry minecraft:enchantment' to 'fml:handshake' sequence 25
[27May2025 18:43:17.564] [Server thread/DEBUG] [net.minecraftforge.network.HandshakeHandler/FMLHANDSHAKE]: Sending ticking packet info 'Registry minecraft:entity_type' to 'fml:handshake' sequence 26
[27May2025 18:43:17.614] [Server thread/DEBUG] [net.minecraftforge.network.HandshakeHandler/FMLHANDSHAKE]: Sending ticking packet info 'Config journeymap-server.toml' to 'fml:handshake' sequence 27
[27May2025 18:43:17.663] [Server thread/DEBUG] [net.minecraftforge.network.HandshakeHandler/FMLHANDSHAKE]: Sending ticking packet info 'Config curios-server.toml' to 'fml:handshake' sequence 28
[27May2025 18:43:17.715] [Server thread/DEBUG] [net.minecraftforge.network.HandshakeHandler/FMLHANDSHAKE]: Sending ticking packet info 'Config irons_spellbooks-server.toml' to 'fml:handshake' sequence 29
[27May2025 18:43:17.763] [Netty Epoll Server IO #6/DEBUG] [net.minecraftforge.network.LoginWrapper/FMLHANDSHAKE]: Recieved login wrapper packet event for channel fml:handshake with index 15
[27May2025 18:43:17.763] [Netty Epoll Server IO #6/DEBUG] [net.minecraftforge.network.HandshakeHandler/FMLHANDSHAKE]: Received client indexed reply 15 of type net.minecraftforge.network.HandshakeMessages$C2SAcknowledge
[27May2025 18:43:17.763] [Netty Epoll Server IO #6/DEBUG] [net.minecraftforge.network.HandshakeHandler/FMLHANDSHAKE]: Received acknowledgement from client
[27May2025 18:43:17.764] [Server thread/DEBUG] [net.minecraftforge.network.HandshakeHandler/FMLHANDSHAKE]: Sending ticking packet info 'Config tombstone-server.toml' to 'fml:handshake' sequence 30
[27May2025 18:43:17.804] [Netty Epoll Server IO #6/DEBUG] [net.minecraftforge.network.LoginWrapper/FMLHANDSHAKE]: Recieved login wrapper packet event for channel fml:handshake with index 16
[27May2025 18:43:17.804] [Netty Epoll Server IO #6/DEBUG] [net.minecraftforge.network.HandshakeHandler/FMLHANDSHAKE]: Received client indexed reply 16 of type net.minecraftforge.network.HandshakeMessages$C2SAcknowledge
[27May2025 18:43:17.804] [Netty Epoll Server IO #6/DEBUG] [net.minecraftforge.network.HandshakeHandler/FMLHANDSHAKE]: Received acknowledgement from client
[27May2025 18:43:17.804] [Netty Epoll Server IO #6/DEBUG] [net.minecraftforge.network.LoginWrapper/FMLHANDSHAKE]: Recieved login wrapper packet event for channel fml:handshake with index 17
[27May2025 18:43:17.804] [Netty Epoll Server IO #6/DEBUG] [net.minecraftforge.network.HandshakeHandler/FMLHANDSHAKE]: Received client indexed reply 17 of type net.minecraftforge.network.HandshakeMessages$C2SAcknowledge
[27May2025 18:43:17.804] [Netty Epoll Server IO #6/DEBUG] [net.minecraftforge.network.HandshakeHandler/FMLHANDSHAKE]: Received acknowledgement from client
[27May2025 18:43:17.813] [Server thread/DEBUG] [net.minecraftforge.network.HandshakeHandler/FMLHANDSHAKE]: Sending ticking packet info 'Config travelersbackpack-server.toml' to 'fml:handshake' sequence 31
[27May2025 18:43:17.814] [Netty Epoll Server IO #6/DEBUG] [net.minecraftforge.network.LoginWrapper/FMLHANDSHAKE]: Recieved login wrapper packet event for channel fml:handshake with index 18
[27May2025 18:43:17.814] [Netty Epoll Server IO #6/DEBUG] [net.minecraftforge.network.HandshakeHandler/FMLHANDSHAKE]: Received client indexed reply 18 of type net.minecraftforge.network.HandshakeMessages$C2SAcknowledge
[27May2025 18:43:17.814] [Netty Epoll Server IO #6/DEBUG] [net.minecraftforge.network.HandshakeHandler/FMLHANDSHAKE]: Received acknowledgement from client
[27May2025 18:43:17.814] [Netty Epoll Server IO #6/DEBUG] [net.minecraftforge.network.LoginWrapper/FMLHANDSHAKE]: Recieved login wrapper packet event for channel fml:handshake with index 19
[27May2025 18:43:17.814] [Netty Epoll Server IO #6/DEBUG] [net.minecraftforge.network.HandshakeHandler/FMLHANDSHAKE]: Received client indexed reply 19 of type net.minecraftforge.network.HandshakeMessages$C2SAcknowledge
[27May2025 18:43:17.814] [Netty Epoll Server IO #6/DEBUG] [net.minecraftforge.network.HandshakeHandler/FMLHANDSHAKE]: Received acknowledgement from client
[27May2025 18:43:17.865] [Server thread/DEBUG] [net.minecraftforge.network.HandshakeHandler/FMLHANDSHAKE]: Sending ticking packet info 'Config jei-server.toml' to 'fml:handshake' sequence 32
[27May2025 18:43:17.914] [Server thread/DEBUG] [net.minecraftforge.network.HandshakeHandler/FMLHANDSHAKE]: Sending ticking packet info 'Config forge-server.toml' to 'fml:handshake' sequence 33
[27May2025 18:43:18.023] [Netty Epoll Server IO #6/DEBUG] [net.minecraftforge.network.LoginWrapper/FMLHANDSHAKE]: Recieved login wrapper packet event for channel fml:handshake with index 20
[27May2025 18:43:18.023] [Netty Epoll Server IO #6/DEBUG] [net.minecraftforge.network.HandshakeHandler/FMLHANDSHAKE]: Received client indexed reply 20 of type net.minecraftforge.network.HandshakeMessages$C2SAcknowledge
[27May2025 18:43:18.023] [Netty Epoll Server IO #6/DEBUG] [net.minecraftforge.network.HandshakeHandler/FMLHANDSHAKE]: Received acknowledgement from client
[27May2025 18:43:18.024] [Netty Epoll Server IO #6/DEBUG] [net.minecraftforge.network.LoginWrapper/FMLHANDSHAKE]: Recieved login wrapper packet event for channel fml:handshake with index 21
[27May2025 18:43:18.024] [Netty Epoll Server IO #6/DEBUG] [net.minecraftforge.network.HandshakeHandler/FMLHANDSHAKE]: Received client indexed reply 21 of type net.minecraftforge.network.HandshakeMessages$C2SAcknowledge
[27May2025 18:43:18.024] [Netty Epoll Server IO #6/DEBUG] [net.minecraftforge.network.HandshakeHandler/FMLHANDSHAKE]: Received acknowledgement from client
[27May2025 18:43:18.024] [Netty Epoll Server IO #6/DEBUG] [net.minecraftforge.network.LoginWrapper/FMLHANDSHAKE]: Recieved login wrapper packet event for channel fml:handshake with index 22
[27May2025 18:43:18.024] [Netty Epoll Server IO #6/DEBUG] [net.minecraftforge.network.HandshakeHandler/FMLHANDSHAKE]: Received client indexed reply 22 of type net.minecraftforge.network.HandshakeMessages$C2SAcknowledge
[27May2025 18:43:18.024] [Netty Epoll Server IO #6/DEBUG] [net.minecraftforge.network.HandshakeHandler/FMLHANDSHAKE]: Received acknowledgement from client
[27May2025 18:43:18.024] [Netty Epoll Server IO #6/DEBUG] [net.minecraftforge.network.LoginWrapper/FMLHANDSHAKE]: Recieved login wrapper packet event for channel fml:handshake with index 23
[27May2025 18:43:18.024] [Netty Epoll Server IO #6/DEBUG] [net.minecraftforge.network.HandshakeHandler/FMLHANDSHAKE]: Received client indexed reply 23 of type net.minecraftforge.network.HandshakeMessages$C2SAcknowledge
[27May2025 18:43:18.024] [Netty Epoll Server IO #6/DEBUG] [net.minecraftforge.network.HandshakeHandler/FMLHANDSHAKE]: Received acknowledgement from client
[27May2025 18:43:18.025] [Netty Epoll Server IO #6/DEBUG] [net.minecraftforge.network.LoginWrapper/FMLHANDSHAKE]: Recieved login wrapper packet event for channel fml:handshake with index 24
[27May2025 18:43:18.025] [Netty Epoll Server IO #6/DEBUG] [net.minecraftforge.network.HandshakeHandler/FMLHANDSHAKE]: Received client indexed reply 24 of type net.minecraftforge.network.HandshakeMessages$C2SAcknowledge
[27May2025 18:43:18.025] [Netty Epoll Server IO #6/DEBUG] [net.minecraftforge.network.HandshakeHandler/FMLHANDSHAKE]: Received acknowledgement from client
[27May2025 18:43:18.025] [Netty Epoll Server IO #6/DEBUG] [net.minecraftforge.network.LoginWrapper/FMLHANDSHAKE]: Recieved login wrapper packet event for channel fml:handshake with index 25
[27May2025 18:43:18.025] [Netty Epoll Server IO #6/DEBUG] [net.minecraftforge.network.HandshakeHandler/FMLHANDSHAKE]: Received client indexed reply 25 of type net.minecraftforge.network.HandshakeMessages$C2SAcknowledge
[27May2025 18:43:18.025] [Netty Epoll Server IO #6/DEBUG] [net.minecraftforge.network.HandshakeHandler/FMLHANDSHAKE]: Received acknowledgement from client
[27May2025 18:43:18.150] [Netty Epoll Server IO #6/DEBUG] [net.minecraftforge.network.LoginWrapper/FMLHANDSHAKE]: Recieved login wrapper packet event for channel fml:handshake with index 26
[27May2025 18:43:18.150] [Netty Epoll Server IO #6/DEBUG] [net.minecraftforge.network.HandshakeHandler/FMLHANDSHAKE]: Received client indexed reply 26 of type net.minecraftforge.network.HandshakeMessages$C2SAcknowledge
[27May2025 18:43:18.150] [Netty Epoll Server IO #6/DEBUG] [net.minecraftforge.network.HandshakeHandler/FMLHANDSHAKE]: Received acknowledgement from client
[27May2025 18:43:18.151] [Netty Epoll Server IO #6/DEBUG] [net.minecraftforge.network.LoginWrapper/FMLHANDSHAKE]: Recieved login wrapper packet event for channel fml:handshake with index 27
[27May2025 18:43:18.151] [Netty Epoll Server IO #6/DEBUG] [net.minecraftforge.network.HandshakeHandler/FMLHANDSHAKE]: Received client indexed reply 27 of type net.minecraftforge.network.HandshakeMessages$C2SAcknowledge
[27May2025 18:43:18.152] [Netty Epoll Server IO #6/DEBUG] [net.minecraftforge.network.HandshakeHandler/FMLHANDSHAKE]: Received acknowledgement from client
[27May2025 18:43:18.152] [Netty Epoll Server IO #6/DEBUG] [net.minecraftforge.network.LoginWrapper/FMLHANDSHAKE]: Recieved login wrapper packet event for channel fml:handshake with index 28
[27May2025 18:43:18.152] [Netty Epoll Server IO #6/DEBUG] [net.minecraftforge.network.HandshakeHandler/FMLHANDSHAKE]: Received client indexed reply 28 of type net.minecraftforge.network.HandshakeMessages$C2SAcknowledge
[27May2025 18:43:18.152] [Netty Epoll Server IO #6/DEBUG] [net.minecraftforge.network.HandshakeHandler/FMLHANDSHAKE]: Received acknowledgement from client
[27May2025 18:43:18.240] [Netty Epoll Server IO #6/DEBUG] [net.minecraftforge.network.LoginWrapper/FMLHANDSHAKE]: Recieved login wrapper packet event for channel fml:handshake with index 29
[27May2025 18:43:18.240] [Netty Epoll Server IO #6/DEBUG] [net.minecraftforge.network.HandshakeHandler/FMLHANDSHAKE]: Received client indexed reply 29 of type net.minecraftforge.network.HandshakeMessages$C2SAcknowledge
[27May2025 18:43:18.240] [Netty Epoll Server IO #6/DEBUG] [net.minecraftforge.network.HandshakeHandler/FMLHANDSHAKE]: Received acknowledgement from client
[27May2025 18:43:18.247] [Netty Epoll Server IO #6/DEBUG] [net.minecraftforge.network.LoginWrapper/FMLHANDSHAKE]: Recieved login wrapper packet event for channel fml:handshake with index 30
[27May2025 18:43:18.247] [Netty Epoll Server IO #6/DEBUG] [net.minecraftforge.network.HandshakeHandler/FMLHANDSHAKE]: Received client indexed reply 30 of type net.minecraftforge.network.HandshakeMessages$C2SAcknowledge
[27May2025 18:43:18.247] [Netty Epoll Server IO #6/DEBUG] [net.minecraftforge.network.HandshakeHandler/FMLHANDSHAKE]: Received acknowledgement from client
[27May2025 18:43:18.311] [Netty Epoll Server IO #6/DEBUG] [net.minecraftforge.network.LoginWrapper/FMLHANDSHAKE]: Recieved login wrapper packet event for channel fml:handshake with index 31
[27May2025 18:43:18.311] [Netty Epoll Server IO #6/DEBUG] [net.minecraftforge.network.HandshakeHandler/FMLHANDSHAKE]: Received client indexed reply 31 of type net.minecraftforge.network.HandshakeMessages$C2SAcknowledge
[27May2025 18:43:18.311] [Netty Epoll Server IO #6/DEBUG] [net.minecraftforge.network.HandshakeHandler/FMLHANDSHAKE]: Received acknowledgement from client
[27May2025 18:43:18.312] [Netty Epoll Server IO #6/DEBUG] [net.minecraftforge.network.LoginWrapper/FMLHANDSHAKE]: Recieved login wrapper packet event for channel fml:handshake with index 32
[27May2025 18:43:18.312] [Netty Epoll Server IO #6/DEBUG] [net.minecraftforge.network.HandshakeHandler/FMLHANDSHAKE]: Received client indexed reply 32 of type net.minecraftforge.network.HandshakeMessages$C2SAcknowledge
[27May2025 18:43:18.312] [Netty Epoll Server IO #6/DEBUG] [net.minecraftforge.network.HandshakeHandler/FMLHANDSHAKE]: Received acknowledgement from client
[27May2025 18:43:18.312] [Netty Epoll Server IO #6/DEBUG] [net.minecraftforge.network.LoginWrapper/FMLHANDSHAKE]: Recieved login wrapper packet event for channel fml:handshake with index 33
[27May2025 18:43:18.312] [Netty Epoll Server IO #6/DEBUG] [net.minecraftforge.network.HandshakeHandler/FMLHANDSHAKE]: Received client indexed reply 33 of type net.minecraftforge.network.HandshakeMessages$C2SAcknowledge
[27May2025 18:43:18.312] [Netty Epoll Server IO #6/DEBUG] [net.minecraftforge.network.HandshakeHandler/FMLHANDSHAKE]: Received acknowledgement from client
[27May2025 18:43:18.315] [Server thread/DEBUG] [net.minecraftforge.network.HandshakeHandler/FMLHANDSHAKE]: Handshake complete!
[27May2025 18:43:18.390] [Server thread/DEBUG] [mixin/]: Mixing FoodDataMixin from alexscaves.mixins.json into net.minecraft.world.food.FoodData
[27May2025 18:43:18.392] [Server thread/DEBUG] [mixin/]: Mixing AbilitiesMixin from attributeslib.mixins.json into net.minecraft.world.entity.player.Abilities
[27May2025 18:43:18.472] [Server thread/INFO] [net.minecraft.server.players.PlayerList/]: Jhonxd592[/127.33.255.94:33035] logged in with entity id 1039 at (62.427849399018605, 291.0, 5823.076850536395)
[27May2025 18:43:18.481] [Server thread/DEBUG] [net.minecraftforge.network.filters.NetworkFilters/]: Injected net.minecraftforge.network.filters.ForgeConnectionNetworkFilter@73755f93 into net.minecraft.network.Connection@722c2708
[27May2025 18:43:18.508] [Server thread/DEBUG] [ModernFix/]: Sending ID correction packet to client with 489 classes
[27May2025 18:43:18.551] [Server thread/INFO] [net.minecraft.server.MinecraftServer/]: Jhonxd592 joined the game
[27May2025 18:43:18.937] [Server thread/DEBUG] [ModernFix/]: Using cached upgraded version of dungeons_arise:mechanical_nest/mechanical_nest_start_0
[27May2025 18:43:18.948] [Server thread/DEBUG] [ModernFix/]: Using cached upgraded version of dungeons_arise:mechanical_nest/mechanical_nest_bridge_terminator_2
[27May2025 18:43:18.952] [Server thread/DEBUG] [ModernFix/]: Using cached upgraded version of dungeons_arise:mechanical_nest/mechanical_nest_bridge_7
[27May2025 18:43:18.954] [Server thread/DEBUG] [ModernFix/]: Using cached upgraded version of dungeons_arise:mechanical_nest/mechanical_nest_spawner_3
[27May2025 18:43:18.955] [Server thread/DEBUG] [ModernFix/]: Using cached upgraded version of dungeons_arise:mechanical_nest/mechanical_nest_deco_library_18
[27May2025 18:43:18.969] [Server thread/DEBUG] [ModernFix/]: Using cached upgraded version of dungeons_arise:mechanical_nest/mechanical_nest_crossing_8
[27May2025 18:43:18.974] [Server thread/DEBUG] [ModernFix/]: Using cached upgraded version of dungeons_arise:mechanical_nest/mechanical_nest_deco_library_20
[27May2025 18:43:18.975] [Server thread/DEBUG] [ModernFix/]: Using cached upgraded version of dungeons_arise:mechanical_nest/mechanical_nest_deco_library_11
[27May2025 18:43:18.976] [Server thread/DEBUG] [ModernFix/]: Using cached upgraded version of dungeons_arise:mechanical_nest/mechanical_nest_deco_machines_9
[27May2025 18:43:18.987] [Server thread/DEBUG] [ModernFix/]: Using cached upgraded version of dungeons_arise:mechanical_nest/mechanical_nest_towers_3
[27May2025 18:43:18.993] [Server thread/DEBUG] [ModernFix/]: Using cached upgraded version of dungeons_arise:mechanical_nest/mechanical_nest_spawner_2
[27May2025 18:43:18.996] [Server thread/DEBUG] [ModernFix/]: Using cached upgraded version of dungeons_arise:mechanical_nest/mechanical_nest_bridge_3
[27May2025 18:43:19.001] [Server thread/DEBUG] [ModernFix/]: Using cached upgraded version of dungeons_arise:mechanical_nest/mechanical_nest_bridge_5
[27May2025 18:43:19.003] [Server thread/DEBUG] [ModernFix/]: Using cached upgraded version of dungeons_arise:mechanical_nest/mechanical_nest_deco_machines_0
[27May2025 18:43:19.004] [Server thread/DEBUG] [ModernFix/]: Using cached upgraded version of dungeons_arise:mechanical_nest/mechanical_nest_deco_garden_7
[27May2025 18:43:19.008] [Server thread/DEBUG] [ModernFix/]: Using cached upgraded version of dungeons_arise:mechanical_nest/mechanical_nest_rooms_3
[27May2025 18:43:19.010] [Server thread/DEBUG] [ModernFix/]: Using cached upgraded version of dungeons_arise:mechanical_nest/mechanical_nest_deco_machines_8
[27May2025 18:43:19.011] [Server thread/DEBUG] [ModernFix/]: Using cached upgraded version of dungeons_arise:mechanical_nest/mechanical_nest_deco_garden_17
[27May2025 18:43:19.012] [Server thread/DEBUG] [ModernFix/]: Using cached upgraded version of dungeons_arise:mechanical_nest/mechanical_nest_deco_machines_3
[27May2025 18:43:19.021] [Server thread/DEBUG] [ModernFix/]: Using cached upgraded version of dungeons_arise:mechanical_nest/mechanical_nest_towers_1
[27May2025 18:43:19.025] [Server thread/DEBUG] [ModernFix/]: Using cached upgraded version of dungeons_arise:mechanical_nest/mechanical_nest_deco_library_2
[27May2025 18:43:19.026] [Server thread/DEBUG] [ModernFix/]: Using cached upgraded version of dungeons_arise:mechanical_nest/mechanical_nest_spawner_1
[27May2025 18:43:19.036] [Server thread/DEBUG] [ModernFix/]: Using cached upgraded version of dungeons_arise:mechanical_nest/mechanical_nest_crossing_3
[27May2025 18:43:19.048] [Server thread/DEBUG] [ModernFix/]: Using cached upgraded version of dungeons_arise:mechanical_nest/mechanical_nest_crossing_0
[27May2025 18:43:19.052] [Server thread/DEBUG] [ModernFix/]: Using cached upgraded version of dungeons_arise:mechanical_nest/mechanical_nest_deco_library_19
[27May2025 18:43:19.053] [Server thread/DEBUG] [ModernFix/]: Using cached upgraded version of dungeons_arise:mechanical_nest/mechanical_nest_deco_library_12
[27May2025 18:43:19.054] [Server thread/DEBUG] [ModernFix/]: Using cached upgraded version of dungeons_arise:mechanical_nest/mechanical_nest_deco_library_8
[27May2025 18:43:19.054] [Server thread/DEBUG] [ModernFix/]: Using cached upgraded version of dungeons_arise:mechanical_nest/mechanical_nest_deco_library_9
[27May2025 18:43:19.055] [Server thread/DEBUG] [ModernFix/]: Using cached upgraded version of dungeons_arise:mechanical_nest/mechanical_nest_deco_library_7
[27May2025 18:43:19.056] [Server thread/DEBUG] [ModernFix/]: Using cached upgraded version of dungeons_arise:mechanical_nest/mechanical_nest_deco_library_1
[27May2025 18:43:19.056] [Server thread/DEBUG] [ModernFix/]: Using cached upgraded version of dungeons_arise:mechanical_nest/mechanical_nest_deco_library_13
[27May2025 18:43:19.077] [Server thread/DEBUG] [ModernFix/]: Using cached upgraded version of dungeons_arise:mechanical_nest/mechanical_nest_towers_7_special
[27May2025 18:43:19.084] [Server thread/DEBUG] [ModernFix/]: Using cached upgraded version of dungeons_arise:mechanical_nest/mechanical_nest_deco_machines_17
[27May2025 18:43:19.089] [Server thread/DEBUG] [ModernFix/]: Using cached upgraded version of dungeons_arise:mechanical_nest/mechanical_nest_rooms_5
[27May2025 18:43:19.093] [Server thread/DEBUG] [ModernFix/]: Using cached upgraded version of dungeons_arise:mechanical_nest/mechanical_nest_deco_machines_21
[27May2025 18:43:19.094] [Server thread/DEBUG] [ModernFix/]: Using cached upgraded version of dungeons_arise:mechanical_nest/mechanical_nest_deco_garden_10
[27May2025 18:43:19.095] [Server thread/DEBUG] [ModernFix/]: Using cached upgraded version of dungeons_arise:mechanical_nest/mechanical_nest_deco_library_5
[27May2025 18:43:19.095] [Server thread/DEBUG] [ModernFix/]: Using cached upgraded version of dungeons_arise:mechanical_nest/mechanical_nest_deco_garden_20
[27May2025 18:43:19.096] [Server thread/DEBUG] [ModernFix/]: Using cached upgraded version of dungeons_arise:mechanical_nest/mechanical_nest_deco_machines_11
[27May2025 18:43:19.097] [Server thread/DEBUG] [ModernFix/]: Using cached upgraded version of dungeons_arise:mechanical_nest/mechanical_nest_bridge_9
[27May2025 18:43:19.106] [Server thread/DEBUG] [ModernFix/]: Using cached upgraded version of dungeons_arise:mechanical_nest/mechanical_nest_towers_0
[27May2025 18:43:19.111] [Server thread/DEBUG] [ModernFix/]: Using cached upgraded version of dungeons_arise:mechanical_nest/mechanical_nest_bridge_4
[27May2025 18:43:19.122] [Server thread/DEBUG] [ModernFix/]: Using cached upgraded version of dungeons_arise:mechanical_nest/mechanical_nest_towers_6_special
[27May2025 18:43:19.143] [Server thread/DEBUG] [ModernFix/]: Using cached upgraded version of dungeons_arise:mechanical_nest/mechanical_nest_towers_8_special
[27May2025 18:43:19.154] [Server thread/DEBUG] [ModernFix/]: Using cached upgraded version of dungeons_arise:mechanical_nest/mechanical_nest_rooms_2
[27May2025 18:43:19.159] [Server thread/DEBUG] [ModernFix/]: Using cached upgraded version of dungeons_arise:mechanical_nest/mechanical_nest_rooms_0
[27May2025 18:43:19.161] [Server thread/DEBUG] [ModernFix/]: Using cached upgraded version of dungeons_arise:mechanical_nest/mechanical_nest_spawner_4
[27May2025 18:43:19.162] [Server thread/DEBUG] [ModernFix/]: Using cached upgraded version of dungeons_arise:mechanical_nest/mechanical_nest_deco_garden_3
[27May2025 18:43:19.163] [Server thread/DEBUG] [ModernFix/]: Using cached upgraded version of dungeons_arise:mechanical_nest/mechanical_nest_deco_garden_13
[27May2025 18:43:19.163] [Server thread/DEBUG] [ModernFix/]: Using cached upgraded version of dungeons_arise:mechanical_nest/mechanical_nest_deco_garden_0
[27May2025 18:43:19.164] [Server thread/DEBUG] [ModernFix/]: Using cached upgraded version of dungeons_arise:mechanical_nest/mechanical_nest_mecha_2
[27May2025 18:43:19.165] [Server thread/DEBUG] [ModernFix/]: Using cached upgraded version of dungeons_arise:mechanical_nest/mechanical_nest_deco_garden_18
[27May2025 18:43:19.165] [Server thread/DEBUG] [ModernFix/]: Using cached upgraded version of dungeons_arise:mechanical_nest/mechanical_nest_deco_garden_8
[27May2025 18:43:19.166] [Server thread/DEBUG] [ModernFix/]: Using cached upgraded version of dungeons_arise:mechanical_nest/mechanical_nest_deco_garden_12
[27May2025 18:43:19.166] [Server thread/DEBUG] [ModernFix/]: Using cached upgraded version of dungeons_arise:mechanical_nest/mechanical_nest_spawner_5
[27May2025 18:43:19.178] [Server thread/DEBUG] [ModernFix/]: Using cached upgraded version of dungeons_arise:mechanical_nest/mechanical_nest_crossing_4
[27May2025 18:43:19.184] [Server thread/DEBUG] [ModernFix/]: Using cached upgraded version of dungeons_arise:mechanical_nest/mechanical_nest_deco_machines_10
[27May2025 18:43:19.184] [Server thread/DEBUG] [ModernFix/]: Using cached upgraded version of dungeons_arise:mechanical_nest/mechanical_nest_deco_machines_2
[27May2025 18:43:19.185] [Server thread/DEBUG] [ModernFix/]: Using cached upgraded version of dungeons_arise:mechanical_nest/mechanical_nest_deco_machines_12
[27May2025 18:43:19.186] [Server thread/DEBUG] [ModernFix/]: Using cached upgraded version of dungeons_arise:mechanical_nest/mechanical_nest_deco_machines_20
[27May2025 18:43:19.198] [Server thread/DEBUG] [ModernFix/]: Using cached upgraded version of dungeons_arise:mechanical_nest/mechanical_nest_crossing_1
[27May2025 18:43:19.204] [Server thread/DEBUG] [ModernFix/]: Using cached upgraded version of dungeons_arise:mechanical_nest/mechanical_nest_small_room_3
[27May2025 18:43:19.206] [Server thread/DEBUG] [ModernFix/]: Using cached upgraded version of dungeons_arise:mechanical_nest/mechanical_nest_small_room_6
[27May2025 18:43:19.208] [Server thread/DEBUG] [ModernFix/]: Using cached upgraded version of dungeons_arise:mechanical_nest/mechanical_nest_small_room_1
[27May2025 18:43:19.209] [Server thread/DEBUG] [ModernFix/]: Using cached upgraded version of dungeons_arise:mechanical_nest/mechanical_nest_small_room_7
[27May2025 18:43:19.214] [Server thread/DEBUG] [ModernFix/]: Using cached upgraded version of dungeons_arise:mechanical_nest/mechanical_nest_rooms_4
[27May2025 18:43:19.217] [Server thread/DEBUG] [ModernFix/]: Using cached upgraded version of dungeons_arise:mechanical_nest/mechanical_nest_deco_library_17
[27May2025 18:43:19.217] [Server thread/DEBUG] [ModernFix/]: Using cached upgraded version of dungeons_arise:mechanical_nest/mechanical_nest_deco_library_3
[27May2025 18:43:19.218] [Server thread/DEBUG] [ModernFix/]: Using cached upgraded version of dungeons_arise:mechanical_nest/mechanical_nest_deco_library_10
[27May2025 18:43:19.219] [Server thread/DEBUG] [ModernFix/]: Using cached upgraded version of dungeons_arise:mechanical_nest/mechanical_nest_deco_machines_16
[27May2025 18:43:19.220] [Server thread/DEBUG] [ModernFix/]: Using cached upgraded version of dungeons_arise:mechanical_nest/mechanical_nest_mecha_6
[27May2025 18:43:19.221] [Server thread/DEBUG] [ModernFix/]: Using cached upgraded version of dungeons_arise:mechanical_nest/mechanical_nest_deco_machines_1
[27May2025 18:43:19.221] [Server thread/DEBUG] [ModernFix/]: Using cached upgraded version of dungeons_arise:mechanical_nest/mechanical_nest_deco_machines_5
[27May2025 18:43:19.222] [Server thread/DEBUG] [ModernFix/]: Using cached upgraded version of dungeons_arise:mechanical_nest/mechanical_nest_deco_machines_18
[27May2025 18:43:19.223] [Server thread/DEBUG] [ModernFix/]: Using cached upgraded version of dungeons_arise:mechanical_nest/mechanical_nest_mecha_8
[27May2025 18:43:19.224] [Server thread/DEBUG] [ModernFix/]: Using cached upgraded version of dungeons_arise:mechanical_nest/mechanical_nest_deco_machines_14
[27May2025 18:43:19.225] [Server thread/DEBUG] [ModernFix/]: Using cached upgraded version of dungeons_arise:mechanical_nest/mechanical_nest_deco_library_15
[27May2025 18:43:19.225] [Server thread/DEBUG] [ModernFix/]: Using cached upgraded version of dungeons_arise:mechanical_nest/mechanical_nest_deco_machines_7
[27May2025 18:43:19.226] [Server thread/DEBUG] [ModernFix/]: Using cached upgraded version of dungeons_arise:mechanical_nest/mechanical_nest_deco_garden_9
[27May2025 18:43:19.226] [Server thread/DEBUG] [ModernFix/]: Using cached upgraded version of dungeons_arise:mechanical_nest/mechanical_nest_bridge_terminator_0
[27May2025 18:43:19.227] [Server thread/DEBUG] [ModernFix/]: Using cached upgraded version of dungeons_arise:mechanical_nest/mechanical_nest_spawner_0
[27May2025 18:43:19.228] [Server thread/DEBUG] [ModernFix/]: Using cached upgraded version of dungeons_arise:mechanical_nest/mechanical_nest_mecha_16
[27May2025 18:43:19.229] [Server thread/DEBUG] [ModernFix/]: Using cached upgraded version of dungeons_arise:mechanical_nest/mechanical_nest_deco_library_0
[27May2025 18:43:19.230] [Server thread/DEBUG] [ModernFix/]: Using cached upgraded version of dungeons_arise:mechanical_nest/mechanical_nest_deco_library_14
[27May2025 18:43:19.238] [Server thread/DEBUG] [ModernFix/]: Using cached upgraded version of dungeons_arise:mechanical_nest/mechanical_nest_towers_4
[27May2025 18:43:19.245] [Server thread/DEBUG] [ModernFix/]: Using cached upgraded version of dungeons_arise:mechanical_nest/mechanical_nest_rooms_1
[27May2025 18:43:19.256] [Server thread/DEBUG] [ModernFix/]: Using cached upgraded version of dungeons_arise:mechanical_nest/mechanical_nest_towers_2
[27May2025 18:43:19.261] [Server thread/DEBUG] [ModernFix/]: Using cached upgraded version of dungeons_arise:mechanical_nest/mechanical_nest_bridge_2
[27May2025 18:43:19.270] [Server thread/DEBUG] [ModernFix/]: Using cached upgraded version of dungeons_arise:mechanical_nest/mechanical_nest_towers_5
[27May2025 18:43:19.274] [Server thread/DEBUG] [ModernFix/]: Using cached upgraded version of dungeons_arise:mechanical_nest/mechanical_nest_deco_machines_4
[27May2025 18:43:19.277] [Server thread/DEBUG] [ModernFix/]: Using cached upgraded version of dungeons_arise:mechanical_nest/mechanical_nest_rooms_7
[27May2025 18:43:19.279] [Server thread/DEBUG] [ModernFix/]: Using cached upgraded version of dungeons_arise:mechanical_nest/mechanical_nest_deco_garden_15
[27May2025 18:43:19.280] [Server thread/DEBUG] [ModernFix/]: Using cached upgraded version of dungeons_arise:mechanical_nest/mechanical_nest_deco_library_4
[27May2025 18:43:19.283] [Server thread/DEBUG] [ModernFix/]: Using cached upgraded version of dungeons_arise:mechanical_nest/mechanical_nest_rooms_9
[27May2025 18:43:19.285] [Server thread/DEBUG] [ModernFix/]: Using cached upgraded version of dungeons_arise:mechanical_nest/mechanical_nest_deco_garden_5
[27May2025 18:43:19.286] [Server thread/DEBUG] [ModernFix/]: Using cached upgraded version of dungeons_arise:mechanical_nest/mechanical_nest_mecha_10
[27May2025 18:43:19.287] [Server thread/DEBUG] [ModernFix/]: Using cached upgraded version of dungeons_arise:mechanical_nest/mechanical_nest_deco_machines_19
[27May2025 18:43:19.287] [Server thread/DEBUG] [ModernFix/]: Using cached upgraded version of dungeons_arise:mechanical_nest/mechanical_nest_deco_machines_6
[27May2025 18:43:19.288] [Server thread/DEBUG] [ModernFix/]: Using cached upgraded version of dungeons_arise:mechanical_nest/mechanical_nest_mecha_13
[27May2025 18:43:19.292] [Server thread/DEBUG] [ModernFix/]: Using cached upgraded version of dungeons_arise:mechanical_nest/mechanical_nest_bottom_0
[27May2025 18:43:19.294] [Server thread/DEBUG] [ModernFix/]: Using cached upgraded version of dungeons_arise:mechanical_nest/mechanical_nest_deco_garden_11
[27May2025 18:43:19.294] [Server thread/DEBUG] [ModernFix/]: Using cached upgraded version of dungeons_arise:mechanical_nest/mechanical_nest_deco_garden_6
[27May2025 18:43:19.295] [Server thread/DEBUG] [ModernFix/]: Using cached upgraded version of dungeons_arise:mechanical_nest/mechanical_nest_deco_garden_16
[27May2025 18:43:19.295] [Server thread/DEBUG] [ModernFix/]: Using cached upgraded version of dungeons_arise:mechanical_nest/mechanical_nest_mecha_3
[27May2025 18:43:19.299] [Server thread/DEBUG] [ModernFix/]: Using cached upgraded version of dungeons_arise:mechanical_nest/mechanical_nest_bottom_1
[27May2025 18:43:19.300] [Server thread/DEBUG] [ModernFix/]: Using cached upgraded version of dungeons_arise:mechanical_nest/mechanical_nest_deco_library_6
[27May2025 18:43:19.301] [Server thread/DEBUG] [ModernFix/]: Using cached upgraded version of dungeons_arise:mechanical_nest/mechanical_nest_mecha_5
[27May2025 18:43:19.315] [Server thread/DEBUG] [ModernFix/]: Using cached upgraded version of dungeons_arise:mechanical_nest/mechanical_nest_roof_2
[27May2025 18:43:19.323] [Server thread/DEBUG] [ModernFix/]: Using cached upgraded version of dungeons_arise:mechanical_nest/mechanical_nest_bridge_terminator_5
[27May2025 18:43:19.324] [Server thread/DEBUG] [ModernFix/]: Using cached upgraded version of dungeons_arise:mechanical_nest/mechanical_nest_deco_garden_4
[27May2025 18:43:19.326] [Server thread/DEBUG] [ModernFix/]: Using cached upgraded version of dungeons_arise:mechanical_nest/mechanical_nest_deco_garden_2
[27May2025 18:43:19.327] [Server thread/DEBUG] [ModernFix/]: Using cached upgraded version of dungeons_arise:mechanical_nest/mechanical_nest_deco_garden_19
[27May2025 18:43:19.332] [Server thread/DEBUG] [ModernFix/]: Using cached upgraded version of dungeons_arise:mechanical_nest/mechanical_nest_roof_0_terminator
[27May2025 18:43:19.335] [Server thread/DEBUG] [ModernFix/]: Using cached upgraded version of dungeons_arise:mechanical_nest/mechanical_nest_deco_machines_13
[27May2025 18:43:19.335] [Server thread/DEBUG] [ModernFix/]: Using cached upgraded version of dungeons_arise:mechanical_nest/mechanical_nest_deco_machines_15
[27May2025 18:43:19.350] [Server thread/DEBUG] [ModernFix/]: Using cached upgraded version of dungeons_arise:mechanical_nest/mechanical_nest_roof_1
[27May2025 18:43:19.357] [Server thread/DEBUG] [ModernFix/]: Using cached upgraded version of dungeons_arise:mechanical_nest/mechanical_nest_mecha_14
[27May2025 18:43:19.358] [Server thread/DEBUG] [ModernFix/]: Using cached upgraded version of dungeons_arise:mechanical_nest/mechanical_nest_deco_garden_14
[27May2025 18:43:19.359] [Server thread/DEBUG] [ModernFix/]: Using cached upgraded version of dungeons_arise:mechanical_nest/mechanical_nest_bridge_terminator_3
[27May2025 18:43:19.360] [Server thread/DEBUG] [ModernFix/]: Using cached upgraded version of dungeons_arise:mechanical_nest/mechanical_nest_small_room_5
[27May2025 18:43:19.361] [Server thread/DEBUG] [ModernFix/]: Using cached upgraded version of dungeons_arise:mechanical_nest/mechanical_nest_small_room_2
[27May2025 18:43:19.362] [Server thread/DEBUG] [ModernFix/]: Using cached upgraded version of dungeons_arise:mechanical_nest/mechanical_nest_small_room_8
[27May2025 18:43:19.363] [Server thread/DEBUG] [ModernFix/]: Using cached upgraded version of dungeons_arise:mechanical_nest/mechanical_nest_small_room_0
[27May2025 18:43:19.519] [Server thread/DEBUG] [mixin/]: Mixing MapDecorationMixin from alexscaves.mixins.json into net.minecraft.world.level.saveddata.maps.MapDecoration
[27May2025 18:43:21.339] [Server thread/DEBUG] [ModernFix/]: Using cached upgraded version of alexscaves:underground_cabin_2
[27May2025 18:43:22.738] [Server thread/DEBUG] [mixin/]: Mixing alloc.enum_values.piston_structure.PistonStructureResolverMixin from canary.mixins.json into net.minecraft.world.level.block.piston.PistonStructureResolver
[27May2025 18:43:23.887] [Server thread/DEBUG] [ModernFix/]: Using cached upgraded version of irons_spellbooks:pyromancer_tower/cellar_dungeon/rubble_dead_end
[27May2025 18:43:23.888] [Server thread/DEBUG] [ModernFix/]: Using cached upgraded version of irons_spellbooks:pyromancer_tower/cellar_dungeon/ledge_casks
[27May2025 18:43:23.888] [Server thread/DEBUG] [ModernFix/]: Using cached upgraded version of irons_spellbooks:pyromancer_tower/cellar_dungeon/jail_cell
[27May2025 18:43:23.889] [Server thread/DEBUG] [ModernFix/]: Using cached upgraded version of irons_spellbooks:pyromancer_tower/cellar_dungeon/wall
[27May2025 18:43:23.890] [Server thread/DEBUG] [ModernFix/]: Using cached upgraded version of irons_spellbooks:pyromancer_tower/cellar_dungeon/rubble_turn
[27May2025 18:44:11.516] [Server thread/INFO] [com.esm.nightmare.MobBehavs.SpawnRideableMob/]: ESM - Init Rideable EntityEntity_Type and Jockey Lists...
[27May2025 18:44:11.517] [Server thread/INFO] [com.esm.nightmare.MobBehavs.SpawnRideableMob/]: RideListLength = 7
[27May2025 18:44:11.517] [Server thread/INFO] [com.esm.nightmare.MobBehavs.SpawnRideableMob/]: RideList = creeper,spider,skeleton,chicken,pig,skeleton horse,zombie horse,
[27May2025 18:44:11.517] [Server thread/INFO] [com.esm.nightmare.MobBehavs.SpawnRideableMob/]: Jockey List Length = 7
[27May2025 18:44:11.518] [Server thread/INFO] [com.esm.nightmare.MobBehavs.SpawnRideableMob/]: JockeyList = creeper,skeleton,zombie,pillager,vindicator,witch,zombified piglin,
[27May2025 18:44:11.519] [Server thread/INFO] [com.esm.nightmare.MobBehavs.SpawnRideableMob/]: Spawning Jockey at: BlockPos{x=71, y=224, z=5825}
[27May2025 18:44:24.715] [Server thread/INFO] [com.esm.nightmare.MobBehavs.SpawnRideableMob/]: ESM - Init Rideable EntityEntity_Type and Jockey Lists...
[27May2025 18:44:24.715] [Server thread/INFO] [com.esm.nightmare.MobBehavs.SpawnRideableMob/]: Spawning Jockey at: BlockPos{x=-33, y=235, z=5782}
[27May2025 18:44:52.013] [Server thread/INFO] [com.esm.nightmare.MobBehavs.SpawnRideableMob/]: ESM - Init Rideable EntityEntity_Type and Jockey Lists...
[27May2025 18:44:52.014] [Server thread/INFO] [com.esm.nightmare.MobBehavs.SpawnRideableMob/]: Spawning Jockey at: BlockPos{x=109, y=195, z=5817}
[27May2025 18:44:56.863] [Server thread/INFO] [com.esm.nightmare.MobBehavs.SpawnRideableMob/]: ESM - Init Rideable EntityEntity_Type and Jockey Lists...
[27May2025 18:44:56.863] [Server thread/INFO] [com.esm.nightmare.MobBehavs.SpawnRideableMob/]: Spawning Jockey at: BlockPos{x=73, y=251, z=5824}
[27May2025 18:44:59.112] [Server thread/INFO] [com.esm.nightmare.MobBehavs.SpawnRideableMob/]: ESM - Init Rideable EntityEntity_Type and Jockey Lists...
[27May2025 18:44:59.113] [Server thread/INFO] [com.esm.nightmare.MobBehavs.SpawnRideableMob/]: Spawning Jockey at: BlockPos{x=26, y=212, z=5872}
[27May2025 18:45:06.015] [Server thread/INFO] [com.esm.nightmare.MobBehavs.SpawnRideableMob/]: ESM - Init Rideable EntityEntity_Type and Jockey Lists...
[27May2025 18:45:06.015] [Server thread/INFO] [com.esm.nightmare.MobBehavs.SpawnRideableMob/]: Spawning Jockey at: BlockPos{x=123, y=212, z=5815}
[27May2025 18:45:08.246] [Server thread/DEBUG] [mixin/]: Mixing CombatRulesMixin from attributeslib.mixins.json into net.minecraft.world.damagesource.CombatRules
[27May2025 18:45:43.834] [Server thread/DEBUG] [net.minecraftforge.common.ForgeHooks/WP]: Gathering id map for writing to world save world
[27May2025 18:45:43.849] [Server thread/DEBUG] [net.minecraftforge.common.ForgeHooks/WP]: ID Map collection complete world
[27May2025 18:45:46.619] [Server thread/INFO] [net.minecraft.world.entity.npc.Villager/]: Villager Villager['Villager'/899, l='ServerLevel[world]', x=154.64, y=76.00, z=119.42] died, message: 'Villager hit the ground too hard'
[27May2025 18:45:57.801] [Server thread/DEBUG] [ModernFix/]: Using cached upgraded version of terralith:underground/smallminingoutpost
[27May2025 18:48:36.161] [Worker-Main-12/DEBUG] [mixin/]: Mixing ChunkNoiseSamplerMixin from mixins.mofus_better_end_.json into net.minecraft.world.level.levelgen.NoiseChunk
[27May2025 18:48:36.356] [Worker-Main-12/DEBUG] [ModernFix/]: Using cached upgraded version of irons_spellbooks:priest_house_taiga
[27May2025 18:48:38.621] [Worker-Main-11/DEBUG] [mixin/]: Mixing WorldGenRegionAccessor from cataclysm.mixins.json into net.minecraft.server.level.WorldGenRegion
[27May2025 18:48:38.621] [Worker-Main-11/DEBUG] [mixin/]: Mixing gen.chunk_region.WorldGenRegionMixin from canary.mixins.json into net.minecraft.server.level.WorldGenRegion
[27May2025 18:48:38.972] [Worker-Main-2/DEBUG] [mixin/]: Mixing accessor.BeardifierAccessor from cataclysm.mixins.json into net.minecraft.world.level.levelgen.Beardifier
[27May2025 18:48:38.972] [Worker-Main-2/DEBUG] [mixin/]: Mixing BeardifierMixin from mixins.irons_spellbooks.json into net.minecraft.world.level.levelgen.Beardifier
[27May2025 18:49:01.275] [Worker-Main-11/DEBUG] [ModernFix/]: Using cached upgraded version of terralith:regular/glacial/interior216
[27May2025 18:49:52.428] [Worker-Main-12/DEBUG] [ModernFix/]: Using cached upgraded version of irons_spellbooks:mangrove_hut
[27May2025 18:50:42.434] [Worker-Main-11/DEBUG] [ModernFix/]: Using cached upgraded version of dungeons_arise_seven_seas:corsair_corvette/corsair_corvette_0
[27May2025 18:50:42.461] [Worker-Main-11/DEBUG] [ModernFix/]: Using cached upgraded version of dungeons_arise_seven_seas:victory_frigate/victory_frigate_0
[27May2025 18:50:42.485] [Worker-Main-11/DEBUG] [ModernFix/]: Using cached upgraded version of dungeons_arise_seven_seas:pirate_junk/pirate_junk_0
[27May2025 18:50:42.503] [Worker-Main-11/DEBUG] [ModernFix/]: Using cached upgraded version of dungeons_arise_seven_seas:unicorn_galleon/unicorn_galleon_0
[27May2025 18:50:42.515] [Worker-Main-11/DEBUG] [ModernFix/]: Using cached upgraded version of dungeons_arise_seven_seas:small_yacht/small_yacht_0
[27May2025 18:50:43.785] [Server thread/DEBUG] [net.minecraftforge.common.ForgeHooks/WP]: Gathering id map for writing to world save world
[27May2025 18:50:43.801] [Server thread/DEBUG] [net.minecraftforge.common.ForgeHooks/WP]: ID Map collection complete world
[27May2025 18:50:49.379] [Worker-Main-2/DEBUG] [ModernFix/]: Using cached upgraded version of irons_spellbooks:mountain_tower
[27May2025 18:51:15.800] [Worker-Main-11/DEBUG] [ModernFix/]: Using cached upgraded version of terralith:regular/glacial/interior1
[27May2025 18:51:33.789] [Worker-Main-2/DEBUG] [ModernFix/]: Using cached upgraded version of dungeons_arise:abandoned_temple/abandoned_temple_0
[27May2025 18:51:33.803] [Worker-Main-2/DEBUG] [ModernFix/]: Using cached upgraded version of dungeons_arise:jungle_tree_house/jungle_tree_house_0_main
[27May2025 18:51:33.856] [Worker-Main-2/DEBUG] [ModernFix/]: Using cached upgraded version of dungeons_arise:fishing_hut/fishing_hut_main
[27May2025 18:51:33.886] [Worker-Main-2/DEBUG] [ModernFix/]: Using cached upgraded version of dungeons_arise:lighthouse/lighthouse_part_1
[27May2025 18:51:33.903] [Worker-Main-2/DEBUG] [ModernFix/]: Using cached upgraded version of dungeons_arise:bathhouse/bathhouse_base_0
[27May2025 18:51:33.917] [Worker-Main-2/DEBUG] [ModernFix/]: Using cached upgraded version of dungeons_arise:wishing_well/wishing_well_0
[27May2025 18:51:44.060] [Worker-Main-11/DEBUG] [ModernFix/]: Using cached upgraded version of terralith:village/fortified/start_castle
[27May2025 18:52:45.012] [Worker-Main-11/DEBUG] [ModernFix/]: Using cached upgraded version of irons_spellbooks:evoker_fort/decorations/iron_golem_cage
[27May2025 18:52:45.031] [Worker-Main-11/DEBUG] [ModernFix/]: Using cached upgraded version of irons_spellbooks:evoker_fort/halves/campsite
[27May2025 18:52:45.037] [Worker-Main-11/DEBUG] [ModernFix/]: Using cached upgraded version of irons_spellbooks:evoker_fort/halves/tree
[27May2025 18:52:45.040] [Worker-Main-11/DEBUG] [ModernFix/]: Using cached upgraded version of irons_spellbooks:evoker_fort/halves/gallows
[27May2025 18:52:45.044] [Worker-Main-11/DEBUG] [ModernFix/]: Using cached upgraded version of irons_spellbooks:evoker_fort/halves/villager_cage
[27May2025 18:52:45.045] [Worker-Main-11/DEBUG] [ModernFix/]: Using cached upgraded version of irons_spellbooks:evoker_fort/decorations/hay
[27May2025 18:52:45.072] [Worker-Main-11/DEBUG] [ModernFix/]: Using cached upgraded version of irons_spellbooks:evoker_fort/decorations/shack
[27May2025 18:52:45.082] [Worker-Main-11/DEBUG] [ModernFix/]: Using cached upgraded version of irons_spellbooks:evoker_fort/decorations/pumpkin
[27May2025 18:52:45.083] [Worker-Main-11/DEBUG] [ModernFix/]: Using cached upgraded version of irons_spellbooks:evoker_fort/decorations/mobs
[27May2025 18:52:45.083] [Worker-Main-11/DEBUG] [ModernFix/]: Using cached upgraded version of irons_spellbooks:evoker_fort/decorations/tent
[27May2025 18:52:45.084] [Worker-Main-11/DEBUG] [ModernFix/]: Using cached upgraded version of irons_spellbooks:evoker_fort/decorations/logs
[27May2025 18:52:45.084] [Worker-Main-11/DEBUG] [ModernFix/]: Using cached upgraded version of irons_spellbooks:evoker_fort/decorations/rock_2
[27May2025 18:52:51.070] [Worker-Main-27/DEBUG] [ModernFix/]: Using cached upgraded version of dungeons_arise:shiraz_palace/shiraz_palace_part_13
[27May2025 18:52:51.092] [Worker-Main-27/DEBUG] [ModernFix/]: Using cached upgraded version of dungeons_arise:ceryneian_hind/ceryneian_hind_part_1
[27May2025 18:52:51.101] [Worker-Main-27/DEBUG] [ModernFix/]: Using cached upgraded version of dungeons_arise:illager_galley/illager_galley_part_0
[27May2025 18:52:51.109] [Worker-Main-27/DEBUG] [ModernFix/]: Using cached upgraded version of dungeons_arise:monastery/monastery_start
[27May2025 18:52:51.121] [Worker-Main-27/DEBUG] [ModernFix/]: Using cached upgraded version of dungeons_arise:mushroom_mines/mushroom_mines_part_0
[27May2025 18:52:51.132] [Worker-Main-27/DEBUG] [ModernFix/]: Using cached upgraded version of dungeons_arise:illager_campsite/illager_campsite_street_6_main
[27May2025 18:52:51.152] [Worker-Main-27/DEBUG] [ModernFix/]: Using cached upgraded version of dungeons_arise:illager_windmill/illager_windmill_part_0
[27May2025 18:52:51.168] [Worker-Main-27/DEBUG] [ModernFix/]: Using cached upgraded version of dungeons_arise:thornborn_towers/thornborn_towers_part_0_main
[27May2025 18:52:51.173] [Worker-Main-27/DEBUG] [ModernFix/]: Using cached upgraded version of dungeons_arise:undead_pirate_ship/undead_pirate_ship_part_0
[27May2025 18:52:51.190] [Worker-Main-27/DEBUG] [ModernFix/]: Using cached upgraded version of dungeons_arise:coliseum/coliseum_part_0
[27May2025 18:52:51.207] [Worker-Main-27/DEBUG] [ModernFix/]: Using cached upgraded version of dungeons_arise:bandit_village/bandit_village_street_2
[27May2025 18:52:51.242] [Worker-Main-27/DEBUG] [ModernFix/]: Using cached upgraded version of dungeons_arise:heavenly_conqueror/heavenly_conqueror_part_0
[27May2025 18:52:51.254] [Worker-Main-27/DEBUG] [ModernFix/]: Using cached upgraded version of dungeons_arise:illager_fort/illager_fort_part_0
[27May2025 18:52:51.967] [Worker-Main-27/DEBUG] [ModernFix/]: Using cached upgraded version of dungeons_arise:keep_kayra/keep_kayra_main_0
[27May2025 18:52:52.940] [Worker-Main-27/DEBUG] [ModernFix/]: Using cached upgraded version of dungeons_arise:mining_system/mining_system_triple_0
[27May2025 18:52:52.948] [Worker-Main-27/DEBUG] [ModernFix/]: Using cached upgraded version of dungeons_arise:merchant_campsite/merchant_campsite_street_4_main
[27May2025 18:52:52.965] [Worker-Main-27/DEBUG] [ModernFix/]: Using cached upgraded version of dungeons_arise:mushroom_house/mushroom_house_bottom_0
[27May2025 18:52:52.979] [Worker-Main-27/DEBUG] [ModernFix/]: Using cached upgraded version of dungeons_arise:infested_temple/infested_temple_layout_part_1_middle
[27May2025 18:52:53.073] [Worker-Main-27/DEBUG] [ModernFix/]: Using cached upgraded version of dungeons_arise:mushroom_village/mushroom_village_house_big_0
[27May2025 18:52:53.106] [Worker-Main-27/DEBUG] [ModernFix/]: Using cached upgraded version of dungeons_arise:small_blimp/small_blimp_ladders_0
[27May2025 18:52:53.169] [Worker-Main-27/DEBUG] [ModernFix/]: Using cached upgraded version of dungeons_arise:foundry/foundry_crossing_start_0
[27May2025 18:52:53.196] [Worker-Main-27/DEBUG] [ModernFix/]: Using cached upgraded version of dungeons_arise:plague_asylum/plague_asylum_corridor_4_crossing_pit
[27May2025 18:52:53.199] [Worker-Main-27/DEBUG] [ModernFix/]: Using cached upgraded version of dungeons_arise:illager_corsair/illager_corsair_part_0
[27May2025 18:52:53.232] [Worker-Main-27/DEBUG] [ModernFix/]: Using cached upgraded version of dungeons_arise:bandit_towers/bandit_towers_crossing_2
[27May2025 18:52:53.266] [Worker-Main-27/DEBUG] [ModernFix/]: Using cached upgraded version of dungeons_arise:heavenly_rider/heavenly_rider_part_0
[27May2025 18:52:53.273] [Worker-Main-27/DEBUG] [ModernFix/]: Using cached upgraded version of dungeons_arise:scorched_mines/scorched_mines_well_0
[27May2025 18:52:53.289] [Worker-Main-27/DEBUG] [ModernFix/]: Using cached upgraded version of dungeons_arise:typhon/typhon_part_1
[27May2025 18:52:53.397] [Worker-Main-27/DEBUG] [ModernFix/]: Using cached upgraded version of dungeons_arise:heavenly_challenger/heavenly_challenger_part_2
[27May2025 18:52:53.446] [Worker-Main-27/DEBUG] [ModernFix/]: Using cached upgraded version of dungeons_arise:aviary/aviary_part_13
[27May2025 18:54:31.359] [Worker-Main-27/DEBUG] [ModernFix/]: Using cached upgraded version of irons_spellbooks:priest_house
[27May2025 18:54:39.127] [Server thread/DEBUG] [epicfight/]: [EpicFightMod] No joint named IK-Thigh_R in StaticAnimation efiscompat:animmodels/animations/biped/living/chanting_one_hand_front.json
[27May2025 18:54:39.127] [Server thread/DEBUG] [epicfight/]: [EpicFightMod] No joint named IK-Leg_R in StaticAnimation efiscompat:animmodels/animations/biped/living/chanting_one_hand_front.json
[27May2025 18:54:39.127] [Server thread/DEBUG] [epicfight/]: [EpicFightMod] No joint named IK-Thigh_L in StaticAnimation efiscompat:animmodels/animations/biped/living/chanting_one_hand_front.json
[27May2025 18:54:39.878] [Server thread/DEBUG] [epicfight/]: [EpicFightMod] No joint named IK-Thigh_R in StaticAnimation efiscompat:animmodels/animations/biped/living/casting_one_hand_below.json
[27May2025 18:54:39.878] [Server thread/DEBUG] [epicfight/]: [EpicFightMod] No joint named IK-Leg_R in StaticAnimation efiscompat:animmodels/animations/biped/living/casting_one_hand_below.json
[27May2025 18:54:39.878] [Server thread/DEBUG] [epicfight/]: [EpicFightMod] No joint named IK-Thigh_L in StaticAnimation efiscompat:animmodels/animations/biped/living/casting_one_hand_below.json
[27May2025 18:54:47.289] [Worker-Main-27/WARN] [net.minecraft.world.level.levelgen.structure.pools.JigsawPlacement/]: Empty or non-existent pool: minecraft:
[27May2025 18:54:47.289] [Worker-Main-27/WARN] [net.minecraft.world.level.levelgen.structure.pools.JigsawPlacement/]: Empty or non-existent pool: minecraft:
[27May2025 18:54:47.295] [Worker-Main-27/DEBUG] [ModernFix/]: Using cached upgraded version of irons_spellbooks:pyromancer_tower/cellar_dungeon/candle_storage
[27May2025 18:55:23.904] [Worker-Main-2/DEBUG] [ModernFix/]: Using cached upgraded version of irons_spellbooks:catacombs/catacombs_origin
[27May2025 18:55:43.769] [Server thread/DEBUG] [net.minecraftforge.common.ForgeHooks/WP]: Gathering id map for writing to world save world
[27May2025 18:55:43.781] [Server thread/DEBUG] [net.minecraftforge.common.ForgeHooks/WP]: ID Map collection complete world
[27May2025 18:59:23.282] [Worker-Main-12/DEBUG] [ModernFix/]: Using cached upgraded version of dungeons_arise:jungle_tree_house/jungle_tree_house_1_roots
[27May2025 18:59:23.335] [Worker-Main-12/DEBUG] [ModernFix/]: Using cached upgraded version of dungeons_arise:abandoned_temple/abandoned_temple_1
[27May2025 18:59:52.761] [Worker-Main-27/DEBUG] [ModernFix/]: Using cached upgraded version of dungeons_arise:bathhouse/bathhouse_base_2
[27May2025 18:59:58.533] [Worker-Main-11/DEBUG] [ModernFix/]: Using cached upgraded version of terralith:regular/glacial/interior2
[27May2025 19:00:43.760] [Server thread/DEBUG] [net.minecraftforge.common.ForgeHooks/WP]: Gathering id map for writing to world save world
[27May2025 19:00:43.770] [Server thread/DEBUG] [net.minecraftforge.common.ForgeHooks/WP]: ID Map collection complete world
[27May2025 19:04:46.160] [Worker-Main-12/DEBUG] [io.redspace.ironsspellbooks.IronsSpellbooks/]: IndividualTerrainStructurePoolElement.place: BlockPos{x=320, y=79, z=7072}
[27May2025 19:04:46.164] [Worker-Main-12/DEBUG] [io.redspace.ironsspellbooks.IronsSpellbooks/]: IndividualTerrainStructurePoolElement.place: BlockPos{x=283, y=67, z=7049}
[27May2025 19:04:46.192] [Worker-Main-2/DEBUG] [io.redspace.ironsspellbooks.IronsSpellbooks/]: IndividualTerrainStructurePoolElement.place: BlockPos{x=320, y=79, z=7072}
[27May2025 19:04:46.194] [Worker-Main-2/DEBUG] [io.redspace.ironsspellbooks.IronsSpellbooks/]: IndividualTerrainStructurePoolElement.place: BlockPos{x=283, y=67, z=7049}
[27May2025 19:04:46.209] [Worker-Main-2/DEBUG] [io.redspace.ironsspellbooks.IronsSpellbooks/]: IndividualTerrainStructurePoolElement.place: BlockPos{x=320, y=79, z=7072}
[27May2025 19:04:46.211] [Worker-Main-2/DEBUG] [io.redspace.ironsspellbooks.IronsSpellbooks/]: IndividualTerrainStructurePoolElement.place: BlockPos{x=283, y=67, z=7049}
[27May2025 19:04:50.066] [Worker-Main-12/DEBUG] [io.redspace.ironsspellbooks.IronsSpellbooks/]: IndividualTerrainStructurePoolElement.place: BlockPos{x=320, y=79, z=7072}
[27May2025 19:04:50.068] [Worker-Main-12/DEBUG] [io.redspace.ironsspellbooks.IronsSpellbooks/]: IndividualTerrainStructurePoolElement.place: BlockPos{x=283, y=67, z=7049}
[27May2025 19:04:50.086] [Worker-Main-2/DEBUG] [io.redspace.ironsspellbooks.IronsSpellbooks/]: IndividualTerrainStructurePoolElement.place: BlockPos{x=320, y=79, z=7072}
[27May2025 19:04:50.090] [Worker-Main-2/DEBUG] [io.redspace.ironsspellbooks.IronsSpellbooks/]: IndividualTerrainStructurePoolElement.place: BlockPos{x=288, y=74, z=7069}
[27May2025 19:04:50.090] [Worker-Main-2/DEBUG] [io.redspace.ironsspellbooks.IronsSpellbooks/]: IndividualTerrainStructurePoolElement.place: BlockPos{x=283, y=67, z=7049}
[27May2025 19:04:50.092] [Worker-Main-2/DEBUG] [io.redspace.ironsspellbooks.IronsSpellbooks/]: IndividualTerrainStructurePoolElement.place: BlockPos{x=300, y=60, z=7058}
[27May2025 19:04:50.092] [Worker-Main-2/DEBUG] [io.redspace.ironsspellbooks.IronsSpellbooks/]: IndividualTerrainStructurePoolElement.place: BlockPos{x=306, y=60, z=7071}
[27May2025 19:04:50.092] [Worker-Main-2/DEBUG] [io.redspace.ironsspellbooks.IronsSpellbooks/]: IndividualTerrainStructurePoolElement.place: BlockPos{x=299, y=60, z=7071}
[27May2025 19:04:50.665] [Worker-Main-27/DEBUG] [io.redspace.ironsspellbooks.IronsSpellbooks/]: IndividualTerrainStructurePoolElement.place: BlockPos{x=320, y=79, z=7072}
[27May2025 19:04:50.667] [Worker-Main-27/DEBUG] [io.redspace.ironsspellbooks.IronsSpellbooks/]: IndividualTerrainStructurePoolElement.place: BlockPos{x=283, y=67, z=7049}
[27May2025 19:04:50.669] [Worker-Main-27/DEBUG] [io.redspace.ironsspellbooks.IronsSpellbooks/]: IndividualTerrainStructurePoolElement.place: BlockPos{x=300, y=60, z=7072}
[27May2025 19:04:53.533] [Worker-Main-27/DEBUG] [io.redspace.ironsspellbooks.IronsSpellbooks/]: IndividualTerrainStructurePoolElement.place: BlockPos{x=320, y=79, z=7072}
[27May2025 19:04:53.551] [Worker-Main-27/DEBUG] [io.redspace.ironsspellbooks.IronsSpellbooks/]: IndividualTerrainStructurePoolElement.place: BlockPos{x=283, y=67, z=7049}
[27May2025 19:04:53.558] [Worker-Main-27/DEBUG] [io.redspace.ironsspellbooks.IronsSpellbooks/]: IndividualTerrainStructurePoolElement.place: BlockPos{x=300, y=60, z=7072}
[27May2025 19:04:54.346] [Worker-Main-11/DEBUG] [io.redspace.ironsspellbooks.IronsSpellbooks/]: IndividualTerrainStructurePoolElement.place: BlockPos{x=320, y=79, z=7072}
[27May2025 19:04:54.349] [Worker-Main-11/DEBUG] [io.redspace.ironsspellbooks.IronsSpellbooks/]: IndividualTerrainStructurePoolElement.place: BlockPos{x=283, y=67, z=7049}
[27May2025 19:04:54.350] [Worker-Main-11/DEBUG] [io.redspace.ironsspellbooks.IronsSpellbooks/]: IndividualTerrainStructurePoolElement.place: BlockPos{x=300, y=60, z=7058}
[27May2025 19:04:54.351] [Worker-Main-11/DEBUG] [io.redspace.ironsspellbooks.IronsSpellbooks/]: IndividualTerrainStructurePoolElement.place: BlockPos{x=306, y=60, z=7071}
[27May2025 19:04:54.351] [Worker-Main-11/DEBUG] [io.redspace.ironsspellbooks.IronsSpellbooks/]: IndividualTerrainStructurePoolElement.place: BlockPos{x=313, y=60, z=7065}
[27May2025 19:04:54.537] [Worker-Main-2/DEBUG] [io.redspace.ironsspellbooks.IronsSpellbooks/]: IndividualTerrainStructurePoolElement.place: BlockPos{x=320, y=79, z=7072}
[27May2025 19:04:54.539] [Worker-Main-2/DEBUG] [io.redspace.ironsspellbooks.IronsSpellbooks/]: IndividualTerrainStructurePoolElement.place: BlockPos{x=283, y=67, z=7049}
[27May2025 19:04:55.911] [Worker-Main-27/DEBUG] [io.redspace.ironsspellbooks.IronsSpellbooks/]: IndividualTerrainStructurePoolElement.place: BlockPos{x=320, y=79, z=7072}
[27May2025 19:04:56.245] [Worker-Main-27/DEBUG] [io.redspace.ironsspellbooks.IronsSpellbooks/]: IndividualTerrainStructurePoolElement.place: BlockPos{x=320, y=79, z=7072}
[27May2025 19:04:56.277] [Worker-Main-27/DEBUG] [io.redspace.ironsspellbooks.IronsSpellbooks/]: IndividualTerrainStructurePoolElement.place: BlockPos{x=320, y=79, z=7072}
[27May2025 19:05:26.139] [Worker-Main-2/DEBUG] [ModernFix/]: Using cached upgraded version of dungeons_arise:bathhouse/bathhouse_base_1
[27May2025 19:05:26.177] [Worker-Main-2/DEBUG] [ModernFix/]: Using cached upgraded version of dungeons_arise:abandoned_temple/skeleton_armored_1
[27May2025 19:05:26.178] [Worker-Main-2/DEBUG] [ModernFix/]: Using cached upgraded version of dungeons_arise:abandoned_temple/skeleton_armored_0
[27May2025 19:05:26.178] [Worker-Main-2/DEBUG] [ModernFix/]: Using cached upgraded version of dungeons_arise:abandoned_temple/abandoned_road_0
[27May2025 19:05:26.186] [Worker-Main-2/DEBUG] [ModernFix/]: Using cached upgraded version of dungeons_arise:abandoned_temple/abandoned_road_1
[27May2025 19:05:26.186] [Worker-Main-2/DEBUG] [ModernFix/]: Using cached upgraded version of dungeons_arise:abandoned_temple/abandoned_road_entrance
[27May2025 19:05:26.187] [Worker-Main-2/DEBUG] [ModernFix/]: Using cached upgraded version of dungeons_arise:abandoned_temple/illusioner_normal_0
[27May2025 19:05:26.219] [Worker-Main-2/DEBUG] [ModernFix/]: Using cached upgraded version of dungeons_arise:abandoned_temple/abandoned_temple_deco_0
[27May2025 19:05:26.227] [Worker-Main-2/DEBUG] [ModernFix/]: Using cached upgraded version of dungeons_arise:abandoned_temple/abandoned_temple_deco_1
[27May2025 19:05:26.227] [Worker-Main-2/DEBUG] [ModernFix/]: Using cached upgraded version of dungeons_arise:abandoned_temple/abandoned_temple_deco_2
[27May2025 19:05:43.768] [Server thread/DEBUG] [net.minecraftforge.common.ForgeHooks/WP]: Gathering id map for writing to world save world
[27May2025 19:05:43.778] [Server thread/DEBUG] [net.minecraftforge.common.ForgeHooks/WP]: ID Map collection complete world
[27May2025 19:07:46.575] [Server thread/INFO] [net.minecraft.world.entity.npc.Villager/]: Villager Villager['Villager'/9491, l='ServerLevel[world]', x=659.66, y=110.00, z=7328.83] died, message: 'Villager was shot by Skeleton'
[27May2025 19:07:52.675] [Server thread/INFO] [net.minecraft.world.entity.npc.Villager/]: Villager Villager['Villager'/9492, l='ServerLevel[world]', x=679.48, y=109.94, z=7352.41] died, message: 'Villager was shot by Skeleton'
[27May2025 19:07:58.943] [Server thread/WARN] [tombstone/]: The death event of the player Jhonxd592 was canceled by another mod
[27May2025 19:07:58.949] [Server thread/INFO] [tombstone/]: The player Jhonxd592 has successfully been saved
[27May2025 19:08:04.935] [Server thread/INFO] [net.minecraft.server.MinecraftServer/]: Jhonxd592 was shot by Skeleton
[27May2025 19:08:04.948] [Server thread/INFO] [com.tiviacz.travelersbackpack.TravelersBackpack/]: Created new backpack backup file for Jhonxd592 with unique ID travelersbackpack.standard_27.05.2025-19.08.04.dat
[27May2025 19:08:04.956] [Server thread/DEBUG] [tombstone/]: A new grave of the player Jhonxd592 was created at position [x:635, y:104, z:7347, dim:minecraft:overworld]
[27May2025 19:09:26.510] [Worker-Main-2/DEBUG] [ModernFix/]: Using cached upgraded version of dungeons_arise:small_blimp/small_blimp_part_1
[27May2025 19:09:26.527] [Worker-Main-2/DEBUG] [ModernFix/]: Using cached upgraded version of dungeons_arise:small_blimp/small_blimp_part_0
[27May2025 19:09:26.555] [Worker-Main-2/DEBUG] [ModernFix/]: Using cached upgraded version of dungeons_arise:greenwood_pub/greenwood_pub_furniture_12
[27May2025 19:09:26.557] [Worker-Main-2/DEBUG] [ModernFix/]: Using cached upgraded version of dungeons_arise:greenwood_pub/greenwood_pub_furniture_9
[27May2025 19:09:26.559] [Worker-Main-2/DEBUG] [ModernFix/]: Using cached upgraded version of dungeons_arise:greenwood_pub/greenwood_pub_furniture_17
[27May2025 19:09:26.561] [Worker-Main-2/DEBUG] [ModernFix/]: Using cached upgraded version of dungeons_arise:greenwood_pub/greenwood_pub_furniture_3
[27May2025 19:09:26.565] [Worker-Main-2/DEBUG] [ModernFix/]: Using cached upgraded version of dungeons_arise:greenwood_pub/greenwood_pub_room_0
[27May2025 19:09:26.568] [Worker-Main-2/DEBUG] [ModernFix/]: Using cached upgraded version of dungeons_arise:greenwood_pub/greenwood_pub_hallway_3
[27May2025 19:09:26.589] [Worker-Main-11/DEBUG] [ModernFix/]: Structure dungeons_arise:thornborn_towers/thornborn_towers_bridge_1_broken is being run through DFU (hash 45541e09b3e555457704d88eed1c069c12ad7cb8201f04e9eaa89a0ecd931d6e), this will cause launch time delays
[27May2025 19:09:26.910] [Worker-Main-11/DEBUG] [ModernFix/]: Structure dungeons_arise:thornborn_towers/thornborn_towers_part_2_tower is being run through DFU (hash c3030a4d3e6cba3a1131585a6597e2c33da2dcd0aea48e45f390812ab2382267), this will cause launch time delays
[27May2025 19:09:26.928] [Worker-Main-11/DEBUG] [ModernFix/]: Structure dungeons_arise:thornborn_towers/thornborn_towers_roof_1 is being run through DFU (hash 94b6c76aff3d00ebc7166d94420a4be61f22e3785876404546dbe88d8758205d), this will cause launch time delays
[27May2025 19:09:26.954] [Worker-Main-11/DEBUG] [ModernFix/]: Structure dungeons_arise:thornborn_towers/thornborn_towers_hanging_small_2 is being run through DFU (hash ff9b3355f235952236a63127ffb6c51054ad072ec299d432390cd262d2cfac40), this will cause launch time delays
[27May2025 19:09:26.988] [Worker-Main-11/DEBUG] [ModernFix/]: Structure dungeons_arise:thornborn_towers/thornborn_towers_hanging_small_1 is being run through DFU (hash b8f28ad9e1cfd236ae193a019f8865360be850d000af02970faa6a2b2a9edc33), this will cause launch time delays
[27May2025 19:09:27.011] [Worker-Main-11/DEBUG] [ModernFix/]: Structure dungeons_arise:thornborn_towers/thornborn_towers_hanging_big_0_main is being run through DFU (hash e6624f80f72fa3676beb8d0be9eea6e31f0e2b61268eca22949954e725b1a9e5), this will cause launch time delays
[27May2025 19:09:27.037] [Worker-Main-11/DEBUG] [ModernFix/]: Structure dungeons_arise:thornborn_towers/thornborn_towers_part_1_support is being run through DFU (hash 4f7f810cf939a890bb4b32e34167f81ea04a577dcff291f172cf62917655d9ca), this will cause launch time delays
[27May2025 19:09:27.062] [Worker-Main-11/DEBUG] [ModernFix/]: Structure dungeons_arise:thornborn_towers/thornborn_towers_roof_0 is being run through DFU (hash b1453eefe9fe5d2fcb8cb824eb32fadd5135c7912a75e73bcf7fd3c9058cd538), this will cause launch time delays
[27May2025 19:09:27.085] [Worker-Main-11/DEBUG] [ModernFix/]: Structure dungeons_arise:thornborn_towers/thornborn_towers_bridge_0 is being run through DFU (hash 2b547d239388e0eb8fd8040780a38a0a3da7c931a373b80cca729cef06dd6d9e), this will cause launch time delays
[27May2025 19:09:27.108] [Worker-Main-11/DEBUG] [ModernFix/]: Structure dungeons_arise:thornborn_towers/thornborn_towers_hanging_big_0_tower is being run through DFU (hash 1e955fc596f3b485b90ff0140594d0752667721a8e2bd3bf9062b88e59bfd233), this will cause launch time delays
[27May2025 19:09:27.120] [Worker-Main-11/DEBUG] [ModernFix/]: Structure dungeons_arise:thornborn_towers/thornborn_towers_hanging_medium_2 is being run through DFU (hash 177d1d6f80e09c2e860eeec7a45a480ace442e555b7819a982771037cc8d6d4c), this will cause launch time delays
[27May2025 19:09:27.142] [Worker-Main-11/DEBUG] [ModernFix/]: Structure dungeons_arise:thornborn_towers/thornborn_towers_hanging_bridge_1_small_terminator is being run through DFU (hash 11c0e78c12fd58e12e33bec70ef8dd82e72a0bced08c6b33bff1247255a1b70f), this will cause launch time delays
[27May2025 19:09:27.145] [Worker-Main-11/DEBUG] [ModernFix/]: Structure dungeons_arise:thornborn_towers/thornborn_towers_hanging_small_0 is being run through DFU (hash 4a785ac9b5fa70e5c5234147ac8a926a554fb1fbf975b36af07a3fa647ed8098), this will cause launch time delays
[27May2025 19:09:27.162] [Worker-Main-11/DEBUG] [ModernFix/]: Structure dungeons_arise:thornborn_towers/thornborn_towers_hanging_big_bottom is being run through DFU (hash 9170499fda863c43f8a6e86acf965a7f243abb8ff34c1e857053ee7c934a0008), this will cause launch time delays
[27May2025 19:09:27.168] [Worker-Main-11/DEBUG] [ModernFix/]: Structure dungeons_arise:thornborn_towers/thornborn_towers_hanging_medium_1 is being run through DFU (hash 468fbcac7fa194bb12b8fabeb5ebda2d31426066f5f23c2ed70564b9cbbbf70f), this will cause launch time delays
[27May2025 19:09:27.195] [Worker-Main-11/DEBUG] [ModernFix/]: Structure dungeons_arise:thornborn_towers/thornborn_towers_hanging_bridge_0_small is being run through DFU (hash 463216b9566337e5b052dcb5b4f32427b54e3ea9fe0d0e09ea94b95788bb2621), this will cause launch time delays
[27May2025 19:09:27.198] [Worker-Main-11/DEBUG] [ModernFix/]: Structure dungeons_arise:thornborn_towers/thornborn_towers_hanging_big_top is being run through DFU (hash 6da0377dd10d6289c253445eddc2769f618447f9d04f280fda441830f42ebcd8), this will cause launch time delays
[27May2025 19:09:27.211] [Worker-Main-11/DEBUG] [ModernFix/]: Structure dungeons_arise:thornborn_towers/thornborn_towers_bridge_2_terminator is being run through DFU (hash 4c0385480aa572ddeb8ce09046d5498323b15bfdcd374b9c210e6f8436c5cc79), this will cause launch time delays
[27May2025 19:09:27.214] [Worker-Main-11/DEBUG] [ModernFix/]: Structure dungeons_arise:thornborn_towers/thornborn_towers_top_skeleton_ranged_0 is being run through DFU (hash a27ba48cef2f61f0ea23b997bbef6bc37b438f77d82daba1234dfa8efebc5a14), this will cause launch time delays
[27May2025 19:09:27.377] [Worker-Main-11/DEBUG] [ModernFix/]: Structure dungeons_arise:thornborn_towers/thornborn_towers_hanging_medium_0 is being run through DFU (hash a7af0175c7cd1930eb98bafb2ec195a9e02e67887feb5a18a4e4b47538c8caff), this will cause launch time delays
[27May2025 19:09:27.394] [Worker-Main-11/DEBUG] [ModernFix/]: Structure dungeons_arise:thornborn_towers/thornborn_towers_room_1 is being run through DFU (hash 53bf0dd65c9acac44c1d91ea6ada46a9ce25659447de6c90588a2b86915cc19f), this will cause launch time delays
[27May2025 19:09:27.407] [Worker-Main-11/DEBUG] [ModernFix/]: Structure dungeons_arise:thornborn_towers/thornborn_towers_skeleton_ranged_0 is being run through DFU (hash cd6068f01900209645d6014ce3ae526efc80e57902085f2df7593e67abfc43e2), this will cause launch time delays
[27May2025 19:09:27.420] [Worker-Main-11/DEBUG] [ModernFix/]: Structure dungeons_arise:thornborn_towers/thornborn_towers_top_phantom_0 is being run through DFU (hash fce82562a7d01bf6066ef0f9f0e1fa925e0ff8f734bae5e85273d018e36d09c8), this will cause launch time delays
[27May2025 19:09:27.436] [Worker-Main-11/DEBUG] [ModernFix/]: Structure dungeons_arise:thornborn_towers/thornborn_towers_top_skeleton_juggernaut_0 is being run through DFU (hash 847273b60978f5ce5b6994818888dbe2dad4ad5e663777c73e0cc957410ebce1), this will cause launch time delays
[27May2025 19:09:27.448] [Worker-Main-11/DEBUG] [ModernFix/]: Structure dungeons_arise:thornborn_towers/thornborn_towers_skeleton_juggernaut_1 is being run through DFU (hash 0ceea9e380ec4d5694214df5430b48cd4ffcecd41717f34ebc5365268ca002d1), this will cause launch time delays
[27May2025 19:09:27.464] [Worker-Main-11/DEBUG] [ModernFix/]: Structure dungeons_arise:thornborn_towers/thornborn_towers_witch_0 is being run through DFU (hash 16c54db650aada13f4bd51639ed76af958381de145d0a99d928825ce5cd9ef79), this will cause launch time delays
[27May2025 19:09:27.471] [Worker-Main-11/DEBUG] [ModernFix/]: Structure dungeons_arise:thornborn_towers/thornborn_towers_skeleton_juggernaut_0 is being run through DFU (hash 8d46d982fdb95c3bb9f24627c6ddd89345c1a344ba0c9e9d26aa85eb6af9111d), this will cause launch time delays
[27May2025 19:09:27.481] [Worker-Main-11/DEBUG] [ModernFix/]: Structure dungeons_arise:thornborn_towers/thornborn_towers_room_2 is being run through DFU (hash 64e73649b5c4c2ceec30791970ee5841dcb99c8cf97cc51a5d0a3665a48e98ba), this will cause launch time delays
[27May2025 19:09:27.495] [Worker-Main-11/DEBUG] [ModernFix/]: Structure dungeons_arise:thornborn_towers/thornborn_towers_room_3 is being run through DFU (hash cdd42b7ad3a91a84b244dd890a53eac3368c7fbee27c45ac18fced742117f86a), this will cause launch time delays
[27May2025 19:09:27.510] [Worker-Main-11/DEBUG] [ModernFix/]: Structure dungeons_arise:thornborn_towers/thornborn_towers_room_5 is being run through DFU (hash 5fbcb18a3532751d49fbe33451677e198ce28a5d5e0240c50fdb41c712a9c9ae), this will cause launch time delays
[27May2025 19:09:27.545] [Worker-Main-11/DEBUG] [ModernFix/]: Structure dungeons_arise:thornborn_towers/thornborn_towers_room_4 is being run through DFU (hash 733765f3fe42d05854d16482362b4ba3f798419df69e56e282336d01e6775dd4), this will cause launch time delays
[27May2025 19:09:27.556] [Worker-Main-11/DEBUG] [ModernFix/]: Structure dungeons_arise:thornborn_towers/thornborn_towers_room_0 is being run through DFU (hash 2934969fc51ffa8d6e35d4ef46383ba4af678237ab0965e859947ba418839cea), this will cause launch time delays
[27May2025 19:09:28.584] [Server thread/WARN] [net.minecraft.server.MinecraftServer/]: Can't keep up! Is the server overloaded? Running 2074ms or 41 ticks behind
[27May2025 19:10:18.161] [Worker-Main-27/DEBUG] [ModernFix/]: Structure dungeons_arise:infested_temple/infested_temple_main_part_3 is being run through DFU (hash b448c5b8e539a3ddd94d4a83b666a8de4430c7e61136047e090ae40a0a2c792c), this will cause launch time delays
[27May2025 19:10:18.173] [Worker-Main-27/DEBUG] [ModernFix/]: Structure dungeons_arise:infested_temple/infested_temple_main_part_6 is being run through DFU (hash 8f4728883ecda1a8f67c34741e01432677e98ee41608a66d4b9fc8e5c9f0617a), this will cause launch time delays
[27May2025 19:10:18.177] [Worker-Main-27/DEBUG] [ModernFix/]: Structure dungeons_arise:infested_temple/infested_temple_main_part_1 is being run through DFU (hash 4b62a7583689608bdfbaa851b48ff6c6105c738e172977512814b2409e95d88a), this will cause launch time delays
[27May2025 19:10:18.183] [Worker-Main-27/DEBUG] [ModernFix/]: Structure dungeons_arise:infested_temple/infested_temple_main_part_0 is being run through DFU (hash d344bab9e6cc9b8514d0accee398efa6c9a96851f8e154d5104ea7d271c8ed27), this will cause launch time delays
[27May2025 19:10:18.195] [Worker-Main-27/DEBUG] [ModernFix/]: Structure dungeons_arise:infested_temple/infested_temple_main_part_2 is being run through DFU (hash b8c1c6e7b64909378f45169b7e7fd0c93b25e4a0127628bacb7c2d4de89b380b), this will cause launch time delays
[27May2025 19:10:18.200] [Worker-Main-27/DEBUG] [ModernFix/]: Structure dungeons_arise:infested_temple/infested_temple_main_part_5 is being run through DFU (hash 0b31fb4ef49faa491e957d5349f80b161a27a3e5641f24d7da9ed07f89576320), this will cause launch time delays
[27May2025 19:10:18.213] [Worker-Main-27/DEBUG] [ModernFix/]: Structure dungeons_arise:infested_temple/infested_temple_main_part_7 is being run through DFU (hash 33e72c9737b4c1743aa8375f47c44280b13636a36e1623853c862a7b15129ad3), this will cause launch time delays
[27May2025 19:10:18.227] [Worker-Main-27/DEBUG] [ModernFix/]: Structure dungeons_arise:infested_temple/infested_temple_layout_part_3_base is being run through DFU (hash c86bdb14475d0d094f02c6a845c388e5af1039e1c247646ab53a65d7eef0bb8b), this will cause launch time delays
[27May2025 19:10:18.229] [Worker-Main-27/DEBUG] [ModernFix/]: Structure dungeons_arise:infested_temple/infested_temple_layout_part_2_middle is being run through DFU (hash 0442ca43c0c908942f67bf33a0f4a93049265e4ec52aa5fe6af2714a2992af66), this will cause launch time delays
[27May2025 19:10:18.231] [Worker-Main-27/DEBUG] [ModernFix/]: Structure dungeons_arise:infested_temple/infested_temple_layout_part_0_top is being run through DFU (hash ccf05f1f2e29705e1cb2934e5838d5b091312bcc331d9be1ed8409dbd64e693e), this will cause launch time delays
[27May2025 19:10:18.233] [Worker-Main-27/DEBUG] [ModernFix/]: Structure dungeons_arise:infested_temple/infested_temple_main_part_4 is being run through DFU (hash 7e923bb40248ae124f1fcc9bf3c7e07560fed1cd6caf6cfe7eea72aa4aa0be7c), this will cause launch time delays
[27May2025 19:10:18.238] [Worker-Main-27/DEBUG] [ModernFix/]: Structure dungeons_arise:infested_temple/infested_temple_top_part_2 is being run through DFU (hash efd73b5093c436b38a78fe47dc2231f38b444474a25074e7b44c36ab7a381828), this will cause launch time delays
[27May2025 19:10:18.258] [Worker-Main-27/DEBUG] [ModernFix/]: Structure dungeons_arise:infested_temple/infested_temple_top_part_0 is being run through DFU (hash 53bb3b38d72ce6b3a34a65ce4089e0bdbdd5ae64fcece96584304d3382e96cd0), this will cause launch time delays
[27May2025 19:10:18.313] [Worker-Main-27/DEBUG] [ModernFix/]: Structure dungeons_arise:infested_temple/infested_temple_top_part_7 is being run through DFU (hash ce63643d29c843d3ef4a49a892fe60e3650b557713b64f007c20ea5a13fad8e4), this will cause launch time delays
[27May2025 19:10:18.363] [Worker-Main-27/DEBUG] [ModernFix/]: Structure dungeons_arise:infested_temple/infested_temple_top_part_6 is being run through DFU (hash 535e912bc025d837aea13e8e8ffc1697bbb5b9ca08449f6c9edbc9490543ee34), this will cause launch time delays
[27May2025 19:10:18.380] [Worker-Main-27/DEBUG] [ModernFix/]: Structure dungeons_arise:infested_temple/infested_temple_top_part_1 is being run through DFU (hash 59567d363b4ab7206c10b74463803f7884ad36d5ca3777d78177bedc0b9d9877), this will cause launch time delays
[27May2025 19:10:18.403] [Worker-Main-27/DEBUG] [ModernFix/]: Structure dungeons_arise:infested_temple/infested_temple_top_part_4 is being run through DFU (hash 5c942ddbc9d50e3310b660c434a47b968c79d1ef8fb8b6def47641efca087510), this will cause launch time delays
[27May2025 19:10:18.449] [Worker-Main-27/DEBUG] [ModernFix/]: Structure dungeons_arise:infested_temple/infested_temple_inner_top_0 is being run through DFU (hash 313cd9bf8c9845d9282c053613be76074b6a2a7619746be6e83c39180db99184), this will cause launch time delays
[27May2025 19:10:18.589] [Worker-Main-27/DEBUG] [ModernFix/]: Structure dungeons_arise:infested_temple/infested_temple_top_part_3 is being run through DFU (hash b8b791b815a96185d597f12642349a75f1be85ea04cbba781c746f3641dbccc4), this will cause launch time delays
[27May2025 19:10:18.632] [Worker-Main-27/DEBUG] [ModernFix/]: Structure dungeons_arise:infested_temple/infested_temple_inner_part_0 is being run through DFU (hash f61befc009c00a842cb4dd3bf3bf469c829955006cf219112c5c3a98ee575ae8), this will cause launch time delays
[27May2025 19:10:18.731] [Worker-Main-27/DEBUG] [ModernFix/]: Structure dungeons_arise:infested_temple/infested_temple_top_part_5 is being run through DFU (hash f77f6a9472b0bebd7da0f021aed529fc05e466cd9771776421fbb3a58c1df35b), this will cause launch time delays
[27May2025 19:10:18.761] [Worker-Main-27/DEBUG] [ModernFix/]: Structure dungeons_arise:infested_temple/infested_temple_base_part_2 is being run through DFU (hash 9c20facf5fb554fac5bbc1e5527d3ebc3a941735d56f47bf5352892a874adc60), this will cause launch time delays
[27May2025 19:10:18.766] [Worker-Main-27/DEBUG] [ModernFix/]: Structure dungeons_arise:infested_temple/infested_temple_base_part_6 is being run through DFU (hash c2f9f63449ff0bd50c8bdd0bad92076225c50815ade95b838a5b9d7a8f1e3cab), this will cause launch time delays
[27May2025 19:10:18.773] [Worker-Main-27/DEBUG] [ModernFix/]: Structure dungeons_arise:infested_temple/infested_temple_base_part_7 is being run through DFU (hash 5793b73408971247b9a583115c6eb26f4fd9e93ef3b877c269e7832ef4baf459), this will cause launch time delays
[27May2025 19:10:18.792] [Worker-Main-27/DEBUG] [ModernFix/]: Structure dungeons_arise:infested_temple/infested_temple_base_part_0 is being run through DFU (hash 518eebfc10e0e3a37aef894b08ef3c1ad943ebf9232d287f777eea039dfab3bc), this will cause launch time delays
[27May2025 19:10:18.805] [Worker-Main-27/DEBUG] [ModernFix/]: Structure dungeons_arise:infested_temple/infested_temple_base_part_3 is being run through DFU (hash a8629669a7f1a1337b82fc090abde4e9a52107570e169bc788875be1f98732f4), this will cause launch time delays
[27May2025 19:10:18.821] [Worker-Main-27/DEBUG] [ModernFix/]: Structure dungeons_arise:infested_temple/infested_temple_base_part_5 is being run through DFU (hash cb0e865d37dd15123de59a4924fa7b3eb7a0f7e7cbd5abcd49b1ec40ec00161e), this will cause launch time delays
[27May2025 19:10:18.837] [Worker-Main-27/DEBUG] [ModernFix/]: Structure dungeons_arise:infested_temple/infested_temple_base_part_4 is being run through DFU (hash 00b15b61cb8ec3392eb8b31db058c20fd629c644c12f19ed26369c87f4341641), this will cause launch time delays
[27May2025 19:10:18.840] [Worker-Main-27/DEBUG] [ModernFix/]: Structure dungeons_arise:infested_temple/infested_temple_base_part_1 is being run through DFU (hash 22622258a01ce8b8b7860a73d1807fc25f11483df558c8cb0b2881bb9e008ccc), this will cause launch time delays
[27May2025 19:10:18.846] [Worker-Main-27/DEBUG] [ModernFix/]: Structure dungeons_arise:infested_temple/infested_temple_level_1 is being run through DFU (hash 23ec0a4fe97a86b748ac5047faea712b1073bde2db2aacea6fe35c3f34c5fda7), this will cause launch time delays
[27May2025 19:10:18.864] [Worker-Main-27/DEBUG] [ModernFix/]: Structure dungeons_arise:infested_temple/infested_temple_level_2 is being run through DFU (hash 55756d13c4d9f768e78401337c1ba393a718bb002a0929d2514109120f778829), this will cause launch time delays
[27May2025 19:10:18.884] [Worker-Main-27/DEBUG] [ModernFix/]: Structure dungeons_arise:infested_temple/infested_temple_level_0 is being run through DFU (hash 232ccad8243f44a60903b82ab84ff391224f59682ada3c849e2ea72e2733d06c), this will cause launch time delays
[27May2025 19:10:18.902] [Worker-Main-27/DEBUG] [ModernFix/]: Structure dungeons_arise:infested_temple/infested_temple_skeleton_0 is being run through DFU (hash 3ed23ffd32c77132828e6ce9946833d13d6eb7806f51f7cda63c836b03d809dd), this will cause launch time delays
[27May2025 19:10:18.908] [Worker-Main-27/DEBUG] [ModernFix/]: Structure dungeons_arise:infested_temple/infested_temple_cave_spider_1 is being run through DFU (hash efc7bfed6e055b9f492de541d75453e8892e4a39c11176a3d5deaac2855a9663), this will cause launch time delays
[27May2025 19:10:18.915] [Worker-Main-27/DEBUG] [ModernFix/]: Structure dungeons_arise:infested_temple/infested_temple_cave_spider_0 is being run through DFU (hash 4ae215d5d8505f27962f962766b37a50fbe033e818abb8acf2f81c0cbc7f2f81), this will cause launch time delays
[27May2025 19:10:18.918] [Worker-Main-27/DEBUG] [ModernFix/]: Structure dungeons_arise:infested_temple/infested_temple_wither_skeleton_0 is being run through DFU (hash 1b7c3d820ca4b152b3b2589da79c8a5830dc6f338ebe467bad98960293bee621), this will cause launch time delays
[27May2025 19:10:18.926] [Worker-Main-27/DEBUG] [ModernFix/]: Structure dungeons_arise:infested_temple/infested_temple_room_2 is being run through DFU (hash 0d0cad0b222c2d46c1aeef69e4f885d0b447eb3d4216879ac310ff551311181d), this will cause launch time delays
[27May2025 19:10:18.930] [Worker-Main-27/DEBUG] [ModernFix/]: Structure dungeons_arise:infested_temple/infested_temple_room_0 is being run through DFU (hash e2071ae10a26d111030a6ce2e62174130ed1289e590221329731768dd47c0bec), this will cause launch time delays
[27May2025 19:10:18.933] [Worker-Main-27/DEBUG] [ModernFix/]: Structure dungeons_arise:infested_temple/infested_temple_room_4 is being run through DFU (hash 3b28802fe8cb608a4b1763d91836ef0eaa91f466ef6d9ace5429ebfe143b8095), this will cause launch time delays
[27May2025 19:10:18.936] [Worker-Main-27/DEBUG] [ModernFix/]: Structure dungeons_arise:infested_temple/infested_temple_room_8 is being run through DFU (hash 53f045410686822cd37e5a852e5d058358949ac78b50e03b32464b98d855cf42), this will cause launch time delays
[27May2025 19:10:18.940] [Worker-Main-27/DEBUG] [ModernFix/]: Structure dungeons_arise:infested_temple/infested_temple_room_6 is being run through DFU (hash 5faa7d64cde679cedf051047a8f19d04e7162c5af6d858fbcc90c90fef80edd6), this will cause launch time delays
[27May2025 19:10:18.943] [Worker-Main-27/DEBUG] [ModernFix/]: Structure dungeons_arise:infested_temple/infested_temple_room_5 is being run through DFU (hash 0ebd67684e1e55c9ac2e1a8001b9509c8a603ded6ca19cffb67467b2681b2cea), this will cause launch time delays
[27May2025 19:10:18.950] [Worker-Main-27/DEBUG] [ModernFix/]: Structure dungeons_arise:infested_temple/infested_temple_room_7 is being run through DFU (hash 6a545c14b0302889f5dfb6d1aaef73eef9b4445783fc41c6e5ba22bd9485f26f), this will cause launch time delays
[27May2025 19:10:18.953] [Worker-Main-27/DEBUG] [ModernFix/]: Structure dungeons_arise:infested_temple/infested_temple_room_3 is being run through DFU (hash 6d85c5a1684c9293fa4cb205eab736e0ef7d1f4a78393d0aed399a5f3b381ac1), this will cause launch time delays
[27May2025 19:10:18.956] [Worker-Main-27/DEBUG] [ModernFix/]: Structure dungeons_arise:infested_temple/infested_temple_room_1 is being run through DFU (hash a2ff5e94f2f480c8594b388139fa234d6b40c9e4ab093ee52a742f800ac0912f), this will cause launch time delays
[27May2025 19:10:45.813] [Server thread/DEBUG] [net.minecraftforge.common.ForgeHooks/WP]: Gathering id map for writing to world save world
[27May2025 19:10:45.822] [Server thread/DEBUG] [net.minecraftforge.common.ForgeHooks/WP]: ID Map collection complete world
[27May2025 19:11:02.296] [Worker-Main-12/DEBUG] [ModernFix/]: Using cached upgraded version of dungeons_arise:bathhouse/bathhouse_middle_0
[27May2025 19:11:02.301] [Worker-Main-12/DEBUG] [ModernFix/]: Using cached upgraded version of dungeons_arise:bathhouse/bathhouse_spawner_1
[27May2025 19:11:02.305] [Worker-Main-12/DEBUG] [ModernFix/]: Structure dungeons_arise:bathhouse/bathhouse_top_1 is being run through DFU (hash 1743dc95d02dad52d37e440c2939326a0b355e55b3fd8b4ec8abc5d00123ad10), this will cause launch time delays
[27May2025 19:11:02.382] [Worker-Main-12/DEBUG] [ModernFix/]: Using cached upgraded version of dungeons_arise:bathhouse/bathhouse_base_3
[27May2025 19:11:02.398] [Worker-Main-12/DEBUG] [ModernFix/]: Using cached upgraded version of dungeons_arise:bathhouse/bathhouse_base_5
[27May2025 19:11:02.430] [Worker-Main-12/DEBUG] [ModernFix/]: Using cached upgraded version of dungeons_arise:bathhouse/bathhouse_base_4
[27May2025 19:11:02.431] [Worker-Main-12/DEBUG] [ModernFix/]: Using cached upgraded version of dungeons_arise:bathhouse/bathhouse_spawner_0
[27May2025 19:11:02.432] [Worker-Main-12/DEBUG] [ModernFix/]: Using cached upgraded version of dungeons_arise:bathhouse/bathhouse_spawner_2
[27May2025 19:11:02.441] [Worker-Main-12/DEBUG] [ModernFix/]: Using cached upgraded version of dungeons_arise:bathhouse/bathhouse_middle_2
[27May2025 19:11:02.454] [Worker-Main-12/DEBUG] [ModernFix/]: Using cached upgraded version of dungeons_arise:bathhouse/bathhouse_middle_1
[27May2025 19:11:02.476] [Worker-Main-12/DEBUG] [ModernFix/]: Using cached upgraded version of dungeons_arise:bathhouse/bathhouse_middle_3
[27May2025 19:11:39.688] [Worker-Main-12/ERROR] [net.minecraft.world.entity.decoration.HangingEntity/]: Hanging entity at invalid position: BlockPos{x=-276, y=-57, z=-243}
[27May2025 19:11:39.761] [Worker-Main-11/ERROR] [net.minecraft.world.entity.decoration.HangingEntity/]: Hanging entity at invalid position: BlockPos{x=-274, y=-57, z=-245}
[27May2025 19:11:39.762] [Worker-Main-11/ERROR] [net.minecraft.world.entity.decoration.HangingEntity/]: Hanging entity at invalid position: BlockPos{x=-277, y=-57, z=-244}
[27May2025 19:11:43.889] [Worker-Main-27/ERROR] [net.minecraft.world.entity.decoration.HangingEntity/]: Hanging entity at invalid position: BlockPos{x=-318, y=-45, z=-204}
[27May2025 19:11:43.890] [Worker-Main-27/ERROR] [net.minecraft.world.entity.decoration.HangingEntity/]: Hanging entity at invalid position: BlockPos{x=-320, y=-45, z=-203}
[27May2025 19:11:43.890] [Worker-Main-27/ERROR] [net.minecraft.world.entity.decoration.HangingEntity/]: Hanging entity at invalid position: BlockPos{x=-318, y=-45, z=-202}
[27May2025 19:15:07.158] [Worker-Main-12/DEBUG] [ModernFix/]: Using cached upgraded version of dungeons_arise:illager_galley/illager_galley_part_1
[27May2025 19:15:07.184] [Worker-Main-12/DEBUG] [ModernFix/]: Using cached upgraded version of dungeons_arise:mining_system/mining_system_turn_0
[27May2025 19:15:07.196] [Worker-Main-12/DEBUG] [ModernFix/]: Structure dungeons_arise:illager_campsite/illager_campsite_street_4 is being run through DFU (hash a15946f6340c8b1ac52809325a6588f53b27f1948d22d65d91cbd84d289e1c0c), this will cause launch time delays
[27May2025 19:15:07.233] [Worker-Main-12/DEBUG] [ModernFix/]: Structure dungeons_arise:illager_campsite/illager_campsite_street_5 is being run through DFU (hash 942da1f93d36cec1108eee837cd4f83ef594a7561a494a3f2907926d63f416f2), this will cause launch time delays
[27May2025 19:15:07.257] [Worker-Main-12/DEBUG] [ModernFix/]: Structure dungeons_arise:illager_campsite/illager_campsite_deco_3 is being run through DFU (hash 8e2f5381d72ddfcfab26d74f2027172086828df75d6022dd0914e8d9b6cbeb54), this will cause launch time delays
[27May2025 19:15:07.268] [Worker-Main-12/DEBUG] [ModernFix/]: Structure dungeons_arise:illager_campsite/illager_campsite_deco_5 is being run through DFU (hash b16287199ebfbf48f13985ac661a303cff3f3b751066c1a42639e2363467086e), this will cause launch time delays
[27May2025 19:15:07.269] [Worker-Main-12/DEBUG] [ModernFix/]: Structure dungeons_arise:illager_campsite/illager_campsite_deco_4 is being run through DFU (hash aaa608531a138f09a33e86da9867a8d90f3d6753090fa2fd9e1da696c46be10e), this will cause launch time delays
[27May2025 19:15:07.270] [Worker-Main-12/DEBUG] [ModernFix/]: Structure dungeons_arise:illager_campsite/illager_campsite_deco_2 is being run through DFU (hash 6477a7cd80a030726efdea868090e5e04e92e17689fdea73f4f8f83e5882c523), this will cause launch time delays
[27May2025 19:15:07.271] [Worker-Main-12/DEBUG] [ModernFix/]: Structure dungeons_arise:illager_campsite/illager_campsite_deco_0 is being run through DFU (hash bca7da9b36eca8f10a5ad8a2a45935fca02a69a04d38250f3e1e572d5665f655), this will cause launch time delays
[27May2025 19:15:07.341] [Worker-Main-12/DEBUG] [ModernFix/]: Structure dungeons_arise:illager_campsite/illager_campsite_deco_1 is being run through DFU (hash 01652cf47c7082e9f19c45124baadfe81ef490bca3ad6175714197c8462db8a1), this will cause launch time delays
[27May2025 19:15:07.342] [Worker-Main-12/DEBUG] [ModernFix/]: Structure dungeons_arise:illager_campsite/illager_campsite_deco_6 is being run through DFU (hash a9be9a543f6d46326b4730af976341e8d5312d2214944435878a24cce93506a2), this will cause launch time delays
[27May2025 19:15:07.343] [Worker-Main-12/DEBUG] [ModernFix/]: Structure dungeons_arise:illager_campsite/illager_campsite_street_1 is being run through DFU (hash f83a08665efb18a957ad08768d4992b244d90f08eb2106c3e758a0663b5bce69), this will cause launch time delays
[27May2025 19:15:07.360] [Worker-Main-12/DEBUG] [ModernFix/]: Structure dungeons_arise:illager_campsite/illager_campsite_street_2 is being run through DFU (hash 1d89d7a684d39b030355334cc2b0c16afc3437b8dacdba4ea1580a6bea3dac51), this will cause launch time delays
[27May2025 19:15:07.362] [Worker-Main-12/DEBUG] [ModernFix/]: Structure dungeons_arise:illager_campsite/illager_campsite_street_0 is being run through DFU (hash 9e48f551458ddfcade896d7ca305b591643588d914e715ce873200d9884cb6fe), this will cause launch time delays
[27May2025 19:15:07.365] [Worker-Main-12/DEBUG] [ModernFix/]: Structure dungeons_arise:illager_campsite/illager_campsite_street_3 is being run through DFU (hash 84becc53712d1abd55fa171bf28df8aa92cf0cc5fefbe440f611c38461a1ac32), this will cause launch time delays
[27May2025 19:15:07.367] [Worker-Main-12/DEBUG] [ModernFix/]: Structure dungeons_arise:illager_campsite/illager_campsite_pillager_multishot_0 is being run through DFU (hash 2f6487228a3805c0d7b00c112bef4ac8f35a296c762be52dea96a6c4a594531c), this will cause launch time delays
[27May2025 19:15:07.383] [Worker-Main-12/DEBUG] [ModernFix/]: Structure dungeons_arise:illager_campsite/illager_campsite_pillager_normal_0 is being run through DFU (hash 3bfc8ff3f3ebe009489efe9360b216a449859cea932618c5b7f7b07ed916e677), this will cause launch time delays
[27May2025 19:15:07.386] [Worker-Main-12/DEBUG] [ModernFix/]: Structure dungeons_arise:illager_campsite/illager_campsite_vindicator_normal_0 is being run through DFU (hash 9a942708f01af3adf4474a483508d1e8ec94602d50f0443a647aa229bb5cbbcc), this will cause launch time delays
[27May2025 19:15:07.497] [Worker-Main-12/DEBUG] [ModernFix/]: Structure dungeons_arise:illager_campsite/illager_campsite_tent_3 is being run through DFU (hash 5af8fe5a34f5e8167681b21570c8d42e9103c66e0efab3011a04021c1f279f1a), this will cause launch time delays
[27May2025 19:15:07.508] [Worker-Main-12/DEBUG] [ModernFix/]: Structure dungeons_arise:illager_campsite/illager_campsite_tent_1 is being run through DFU (hash d071b56dfb91802d6e283fcc6fe89bdd362f5d2f7ac61c6bfd8cf9d3b46e72cb), this will cause launch time delays
[27May2025 19:15:07.510] [Worker-Main-12/DEBUG] [ModernFix/]: Structure dungeons_arise:illager_campsite/illager_campsite_tent_0 is being run through DFU (hash 7215f38da0a4e40c5e3be9df2d522385c374364fd66a15dc8268b8b24f3ab0bf), this will cause launch time delays
[27May2025 19:15:07.513] [Worker-Main-12/DEBUG] [ModernFix/]: Structure dungeons_arise:illager_campsite/illager_campsite_tent_2 is being run through DFU (hash 464b12e8377965d0b6d5137e86de34708c3a05f3168a57506f77385520d0e222), this will cause launch time delays
[27May2025 19:15:45.815] [Server thread/DEBUG] [net.minecraftforge.common.ForgeHooks/WP]: Gathering id map for writing to world save world
[27May2025 19:15:45.827] [Server thread/DEBUG] [net.minecraftforge.common.ForgeHooks/WP]: ID Map collection complete world
[27May2025 19:16:29.340] [Worker-Main-12/DEBUG] [ModernFix/]: Structure terralith:village/fortified/roads/straight2 is being run through DFU (hash bdb2e3e0151dbfe85370a027fdb9f291780d0fc92627f13f612910548cbc234f), this will cause launch time delays
[27May2025 19:16:29.420] [Worker-Main-12/DEBUG] [ModernFix/]: Structure terralith:village/fortified/roads/bend1 is being run through DFU (hash dfd55ed6fb8dbad706164993e7e1aab1fc814fe23a2f7be8b621c994b4118f0f), this will cause launch time delays
[27May2025 19:16:29.439] [Worker-Main-12/DEBUG] [ModernFix/]: Structure terralith:village/fortified/roads/bend2 is being run through DFU (hash 84e95bfde4d28347074b278cfacb2be185c2fc11a1afb1cfb8e6c356c9bb66ba), this will cause launch time delays
[27May2025 19:16:29.518] [Worker-Main-12/DEBUG] [ModernFix/]: Structure terralith:village/fortified/roads/t2 is being run through DFU (hash 90cd79756951abebab3b7d26a66d78c13a7e2ff1c79b2c7c2cf3dbdb47749ae0), this will cause launch time delays
[27May2025 19:16:29.535] [Worker-Main-12/DEBUG] [ModernFix/]: Structure terralith:village/fortified/roads/straight1 is being run through DFU (hash 4a018179f4091762355585a516df34c84496d4f75f78d5877f224bc666545ffa), this will cause launch time delays
[27May2025 19:16:29.569] [Worker-Main-12/DEBUG] [ModernFix/]: Structure terralith:village/fortified/roads/t1 is being run through DFU (hash b9cac668944bcf60fe9691756ee628f5e82f7f2d81f39fc6d2498dea8fe9e89d), this will cause launch time delays
[27May2025 19:16:29.581] [Worker-Main-12/DEBUG] [ModernFix/]: Structure terralith:village/fortified/roads/inter1 is being run through DFU (hash 4e8fc473da2220f2e0fb44202ebdf37c63d78f44f4c52f84fc357bb5e72190e4), this will cause launch time delays
[27May2025 19:16:29.583] [Worker-Main-12/DEBUG] [ModernFix/]: Structure terralith:village/fortified/terminators/term2 is being run through DFU (hash 42d9ab04a9e2740e7009c385bd8ce365082f20271eb28e3e32b91db2c9feca16), this will cause launch time delays
[27May2025 19:16:29.584] [Worker-Main-12/DEBUG] [ModernFix/]: Structure terralith:village/fortified/terminators/term1 is being run through DFU (hash 4e17199e1fd91b3aeeb258eb757ab84cc78d7cac13c8a0d97456cee903cf8fa3), this will cause launch time delays
[27May2025 19:16:29.588] [Worker-Main-12/DEBUG] [ModernFix/]: Structure terralith:village/fortified/roads/intersection_big is being run through DFU (hash e1d39000b62f7e92df288f95bf6da184026d6b5cb67c6adef7380d2e9f5290c7), this will cause launch time delays
[27May2025 19:16:29.600] [Worker-Main-12/DEBUG] [ModernFix/]: Structure terralith:village/fortified/terminators/term3 is being run through DFU (hash 815d826fcc91aabfd7fabd8e9fdf252504627fb7674055b8ded6680715fa6806), this will cause launch time delays
[27May2025 19:16:47.606] [Worker-Main-12/DEBUG] [ModernFix/]: Using cached upgraded version of dungeons_arise:lighthouse/lighthouse_part_2
[27May2025 19:17:14.446] [Worker-Main-12/DEBUG] [ModernFix/]: Using cached upgraded version of irons_spellbooks:impaled_icebreaker
[27May2025 19:18:43.475] [Server thread/INFO] [net.minecraft.server.MinecraftServer/]: Jhonxd592 has made the advancement [Sneak 100]
[27May2025 19:20:04.176] [Server thread/INFO] [net.minecraft.server.MinecraftServer/]: Jhonxd592 has made the advancement [I can't breathe]
[27May2025 19:20:39.916] [Server thread/INFO] [net.minecraft.world.entity.npc.Villager/]: Villager Villager['Leatherworker'/888, l='ServerLevel[world]', x=153.76, y=75.00, z=121.52] died, message: 'Leatherworker hit the ground too hard'
[27May2025 19:20:45.809] [Server thread/DEBUG] [net.minecraftforge.common.ForgeHooks/WP]: Gathering id map for writing to world save world
[27May2025 19:20:45.818] [Server thread/DEBUG] [net.minecraftforge.common.ForgeHooks/WP]: ID Map collection complete world
[27May2025 19:24:26.633] [Server thread/INFO] [net.minecraft.server.network.ServerGamePacketListenerImpl/]: Jhonxd592 lost connection: Disconnected
[27May2025 19:24:26.634] [Server thread/INFO] [net.minecraft.server.MinecraftServer/]: Jhonxd592 left the game
[27May2025 19:25:45.790] [Server thread/DEBUG] [net.minecraftforge.common.ForgeHooks/WP]: Gathering id map for writing to world save world
[27May2025 19:25:45.799] [Server thread/DEBUG] [net.minecraftforge.common.ForgeHooks/WP]: ID Map collection complete world
[27May2025 19:30:45.794] [Server thread/DEBUG] [net.minecraftforge.common.ForgeHooks/WP]: Gathering id map for writing to world save world
[27May2025 19:30:45.804] [Server thread/DEBUG] [net.minecraftforge.common.ForgeHooks/WP]: ID Map collection complete world
[27May2025 19:35:45.787] [Server thread/DEBUG] [net.minecraftforge.common.ForgeHooks/WP]: Gathering id map for writing to world save world
[27May2025 19:35:45.796] [Server thread/DEBUG] [net.minecraftforge.common.ForgeHooks/WP]: ID Map collection complete world
[27May2025 19:40:45.787] [Server thread/DEBUG] [net.minecraftforge.common.ForgeHooks/WP]: Gathering id map for writing to world save world
[27May2025 19:40:45.797] [Server thread/DEBUG] [net.minecraftforge.common.ForgeHooks/WP]: ID Map collection complete world
[27May2025 19:45:45.793] [Server thread/DEBUG] [net.minecraftforge.common.ForgeHooks/WP]: Gathering id map for writing to world save world
[27May2025 19:45:45.803] [Server thread/DEBUG] [net.minecraftforge.common.ForgeHooks/WP]: ID Map collection complete world
[27May2025 19:50:45.791] [Server thread/DEBUG] [net.minecraftforge.common.ForgeHooks/WP]: Gathering id map for writing to world save world
[27May2025 19:50:45.800] [Server thread/DEBUG] [net.minecraftforge.common.ForgeHooks/WP]: ID Map collection complete world
[27May2025 19:50:49.012] [Server thread/INFO] [net.minecraft.world.entity.npc.Villager/]: Villager Villager['Villager'/900, l='ServerLevel[world]', x=153.69, y=75.00, z=121.47] died, message: 'Villager hit the ground too hard'
[27May2025 19:55:45.789] [Server thread/DEBUG] [net.minecraftforge.common.ForgeHooks/WP]: Gathering id map for writing to world save world
[27May2025 19:55:45.799] [Server thread/DEBUG] [net.minecraftforge.common.ForgeHooks/WP]: ID Map collection complete world
[27May2025 20:00:45.786] [Server thread/DEBUG] [net.minecraftforge.common.ForgeHooks/WP]: Gathering id map for writing to world save world
[27May2025 20:00:45.795] [Server thread/DEBUG] [net.minecraftforge.common.ForgeHooks/WP]: ID Map collection complete world
[27May2025 20:05:45.792] [Server thread/DEBUG] [net.minecraftforge.common.ForgeHooks/WP]: Gathering id map for writing to world save world
[27May2025 20:05:45.801] [Server thread/DEBUG] [net.minecraftforge.common.ForgeHooks/WP]: ID Map collection complete world
[27May2025 20:10:45.789] [Server thread/DEBUG] [net.minecraftforge.common.ForgeHooks/WP]: Gathering id map for writing to world save world
[27May2025 20:10:45.798] [Server thread/DEBUG] [net.minecraftforge.common.ForgeHooks/WP]: ID Map collection complete world
[27May2025 20:15:45.788] [Server thread/DEBUG] [net.minecraftforge.common.ForgeHooks/WP]: Gathering id map for writing to world save world
[27May2025 20:15:45.797] [Server thread/DEBUG] [net.minecraftforge.common.ForgeHooks/WP]: ID Map collection complete world
[27May2025 20:20:45.788] [Server thread/DEBUG] [net.minecraftforge.common.ForgeHooks/WP]: Gathering id map for writing to world save world
[27May2025 20:20:45.797] [Server thread/DEBUG] [net.minecraftforge.common.ForgeHooks/WP]: ID Map collection complete world
[27May2025 20:25:45.788] [Server thread/DEBUG] [net.minecraftforge.common.ForgeHooks/WP]: Gathering id map for writing to world save world
[27May2025 20:25:45.797] [Server thread/DEBUG] [net.minecraftforge.common.ForgeHooks/WP]: ID Map collection complete world
[27May2025 20:30:45.791] [Server thread/DEBUG] [net.minecraftforge.common.ForgeHooks/WP]: Gathering id map for writing to world save world
[27May2025 20:30:45.800] [Server thread/DEBUG] [net.minecraftforge.common.ForgeHooks/WP]: ID Map collection complete world
